<?xml version='1.0' encoding='utf-8'?>
<osm version="0.6" generator="overpass-json-to-osm"><node id="-1" lat="34.7400753" lon="10.7604986" /><node id="-2" lat="34.7401011" lon="10.76048" /><node id="-3" lat="34.7401595" lon="10.7604377" /><node id="-4" lat="34.7402216" lon="10.7603454" /><node id="-5" lat="34.7402392" lon="10.7602843" /><node id="-6" lat="34.740254" lon="10.7602328" /><node id="-7" lat="34.7402528" lon="10.7601136" /><node id="-8" lat="34.7402181" lon="10.760002" /><node id="-9" lat="34.7401542" lon="10.7599116" /><node id="-10" lat="34.7399305" lon="10.7596759" /><node id="-11" lat="34.7398587" lon="10.7596003" /><node id="-12" lat="34.7397825" lon="10.7595461" /><node id="-13" lat="34.7396962" lon="10.7595232" /><node id="-14" lat="34.7396084" lon="10.7595339" /><node id="-15" lat="34.7395787" lon="10.7595497" /><node id="-16" lat="34.7395275" lon="10.7595771" /><node id="-17" lat="34.7394616" lon="10.7596486" /><node id="-18" lat="34.7394171" lon="10.7597413" /><node id="-19" lat="34.7393983" lon="10.7598463" /><node id="-20" lat="34.7394071" lon="10.7599533" /><node id="-21" lat="34.7394426" lon="10.7600516" /><node id="-22" lat="34.7395013" lon="10.7601318" /><node id="-23" lat="34.7397413" lon="10.7603847" /><node id="-24" lat="34.7397968" lon="10.7604432" /><node id="-25" lat="34.7398823" lon="10.7605015" /><node id="-26" lat="34.739979" lon="10.7605208" /><node id="-27" lat="34.7446006" lon="10.759588" /><node id="-28" lat="34.7444016" lon="10.7595864" /><node id="-29" lat="34.7442551" lon="10.7595761" /><node id="-30" lat="34.7440594" lon="10.7595462" /><node id="-31" lat="34.743749" lon="10.7595226" /><node id="-32" lat="34.7430401" lon="10.7595284" /><node id="-33" lat="34.7420323" lon="10.7595106" /><node id="-34" lat="34.7418386" lon="10.7595053" /><node id="-35" lat="34.7414804" lon="10.7594851" /><node id="-36" lat="34.7410218" lon="10.7594977" /><node id="-37" lat="34.7409314" lon="10.7595138" /><node id="-38" lat="34.7408102" lon="10.7595581" /><node id="-39" lat="34.740689" lon="10.7596305" /><node id="-40" lat="34.7405755" lon="10.7597405" /><node id="-41" lat="34.7404499" lon="10.7598464" /><node id="-42" lat="34.7403793" lon="10.7598799" /><node id="-43" lat="34.7403214" lon="10.7599061" /><node id="-44" lat="34.7403567" lon="10.7601711" /><node id="-45" lat="34.7404091" lon="10.7601274" /><node id="-46" lat="34.7404571" lon="10.7600607" /><node id="-47" lat="34.7405286" lon="10.7599517" /><node id="-48" lat="34.7406096" lon="10.7598397" /><node id="-49" lat="34.7407248" lon="10.7597344" /><node id="-50" lat="34.7408427" lon="10.7596654" /><node id="-51" lat="34.7409419" lon="10.7596312" /><node id="-52" lat="34.7410201" lon="10.7596198" /><node id="-53" lat="34.7412582" lon="10.7596037" /><node id="-54" lat="34.7412835" lon="10.7596037" /><node id="-55" lat="34.8386927" lon="10.7645421" /><node id="-56" lat="34.8388399" lon="10.7646891" /><node id="-57" lat="34.8388927" lon="10.764724" /><node id="-58" lat="34.8389499" lon="10.7647401" /><node id="-59" lat="34.839027" lon="10.7647187" /><node id="-60" lat="34.8390787" lon="10.7646798" /><node id="-61" lat="34.8391041" lon="10.7646167" /><node id="-62" lat="34.8391195" lon="10.7645282" /><node id="-63" lat="34.8391482" lon="10.7643797" /><node id="-64" lat="34.7440934" lon="10.7645617" /><node id="-65" lat="34.7441582" lon="10.7646307" /><node id="-66" lat="34.7442171" lon="10.7647008" /><node id="-67" lat="34.7442558" lon="10.7647445" /><node id="-68" lat="34.7444255" lon="10.7649365" /><node id="-69" lat="34.7446532" lon="10.765195" /><node id="-70" lat="34.7447172" lon="10.7652416" /><node id="-71" lat="34.7448438" lon="10.7653086" /><node id="-72" lat="34.7421004" lon="10.7640069" /><node id="-73" lat="34.7417896" lon="10.7639529" /><node id="-74" lat="34.7414599" lon="10.7638843" /><node id="-75" lat="34.7411714" lon="10.763816" /><node id="-76" lat="34.7407451" lon="10.7637162" /><node id="-77" lat="34.7401539" lon="10.7635808" /><node id="-78" lat="34.7397158" lon="10.7634902" /><node id="-79" lat="34.7397699" lon="10.7604779" /><node id="-80" lat="34.7397861" lon="10.760578" /><node id="-81" lat="34.739775" lon="10.760701" /><node id="-82" lat="34.7397495" lon="10.7607977" /><node id="-83" lat="34.73944" lon="10.7616236" /><node id="-84" lat="34.7392368" lon="10.7619352" /><node id="-85" lat="34.7392088" lon="10.7619734" /><node id="-86" lat="34.7391296" lon="10.7620862" /><node id="-87" lat="34.7389422" lon="10.7623442" /><node id="-88" lat="34.7388177" lon="10.7625601" /><node id="-89" lat="34.7387168" lon="10.762825" /><node id="-90" lat="34.7386744" lon="10.7630678" /><node id="-91" lat="34.7386276" lon="10.7634412" /><node id="-92" lat="34.7385913" lon="10.7635934" /><node id="-93" lat="34.738545" lon="10.7636813" /><node id="-94" lat="34.7384893" lon="10.7637464" /><node id="-95" lat="34.738389" lon="10.7638337" /><node id="-96" lat="34.739024" lon="10.7636266" /><node id="-97" lat="34.738923" lon="10.7636183" /><node id="-98" lat="34.7388572" lon="10.7635969" /><node id="-99" lat="34.7388011" lon="10.7635485" /><node id="-100" lat="34.738747" lon="10.7634502" /><node id="-101" lat="34.7387311" lon="10.7633389" /><node id="-102" lat="34.7387336" lon="10.7631634" /><node id="-103" lat="34.7387576" lon="10.7629862" /><node id="-104" lat="34.7387873" lon="10.7628449" /><node id="-105" lat="34.7388276" lon="10.7627292" /><node id="-106" lat="34.7388663" lon="10.7626372" /><node id="-107" lat="34.7389277" lon="10.762512" /><node id="-108" lat="34.7390045" lon="10.7623935" /><node id="-109" lat="34.7391861" lon="10.7621669" /><node id="-110" lat="34.7392703" lon="10.7620618" /><node id="-111" lat="34.7394724" lon="10.7617422" /><node id="-112" lat="34.7395165" lon="10.7616597" /><node id="-113" lat="34.7395503" lon="10.7615731" /><node id="-114" lat="34.7396147" lon="10.7613908" /><node id="-115" lat="34.7397964" lon="10.7609305" /><node id="-116" lat="34.7398344" lon="10.7608423" /><node id="-117" lat="34.7398921" lon="10.7607513" /><node id="-118" lat="34.739922" lon="10.7607051" /><node id="-119" lat="34.7399942" lon="10.7605987" /><node id="-120" lat="34.747265" lon="10.7594751" /><node id="-121" lat="34.7473004" lon="10.7594625" /><node id="-122" lat="34.7475632" lon="10.7593837" /><node id="-123" lat="34.7479065" lon="10.7592767" /><node id="-124" lat="34.7482123" lon="10.7591866" /><node id="-125" lat="34.7485019" lon="10.7590945" /><node id="-126" lat="34.7490437" lon="10.7589754" /><node id="-127" lat="34.7491095" lon="10.7589614" /><node id="-128" lat="34.7493893" lon="10.7589098" /><node id="-129" lat="34.7496504" lon="10.7588549" /><node id="-130" lat="34.7497555" lon="10.7588351" /><node id="-131" lat="34.7500371" lon="10.7587856" /><node id="-132" lat="34.7504287" lon="10.7587014" /><node id="-133" lat="34.7506563" lon="10.7586327" /><node id="-134" lat="34.7508442" lon="10.7585764" /><node id="-135" lat="34.751188" lon="10.758455" /><node id="-136" lat="34.7513902" lon="10.7583859" /><node id="-137" lat="34.7518332" lon="10.7582305" /><node id="-138" lat="34.7519549" lon="10.7581918" /><node id="-139" lat="34.7521121" lon="10.7581336" /><node id="-140" lat="34.7527623" lon="10.7579217" /><node id="-141" lat="34.7531118" lon="10.757806" /><node id="-142" lat="34.7533689" lon="10.7577279" /><node id="-143" lat="34.753613" lon="10.7576537" /><node id="-144" lat="34.7539554" lon="10.7575276" /><node id="-145" lat="34.7543584" lon="10.7573872" /><node id="-146" lat="34.7544507" lon="10.7573549" /><node id="-147" lat="34.7546195" lon="10.7572946" /><node id="-148" lat="34.7549052" lon="10.7571856" /><node id="-149" lat="34.7553643" lon="10.7570323" /><node id="-150" lat="34.7561615" lon="10.7567185" /><node id="-151" lat="34.7565192" lon="10.7565891" /><node id="-152" lat="34.7571325" lon="10.7563926" /><node id="-153" lat="34.7574403" lon="10.7563034" /><node id="-154" lat="34.7582969" lon="10.75607" /><node id="-155" lat="34.7584827" lon="10.7560178" /><node id="-156" lat="34.7588613" lon="10.7559116" /><node id="-157" lat="34.7591009" lon="10.7558513" /><node id="-158" lat="34.7595053" lon="10.7557587" /><node id="-159" lat="34.7600584" lon="10.7556166" /><node id="-160" lat="34.7601405" lon="10.7555985" /><node id="-161" lat="34.7610773" lon="10.7553772" /><node id="-162" lat="34.7613422" lon="10.7553215" /><node id="-163" lat="34.7614888" lon="10.7552901" /><node id="-164" lat="34.7627442" lon="10.7550106" /><node id="-165" lat="34.7629201" lon="10.7549699" /><node id="-166" lat="34.763292" lon="10.7548669" /><node id="-167" lat="34.7638667" lon="10.7546923" /><node id="-168" lat="34.7646216" lon="10.7544624" /><node id="-169" lat="34.7651176" lon="10.7543258" /><node id="-170" lat="34.7662021" lon="10.7539564" /><node id="-171" lat="34.7663777" lon="10.7538927" /><node id="-172" lat="34.7666968" lon="10.7538085" /><node id="-173" lat="34.767552" lon="10.7535582" /><node id="-174" lat="34.767803" lon="10.7534834" /><node id="-175" lat="34.7689857" lon="10.7531703" /><node id="-176" lat="34.7463998" lon="10.766744" /><node id="-177" lat="34.7463859" lon="10.7665389" /><node id="-178" lat="34.7463766" lon="10.7662739" /><node id="-179" lat="34.7463456" lon="10.7659482" /><node id="-180" lat="34.7463351" lon="10.7658352" /><node id="-181" lat="34.746324" lon="10.765736" /><node id="-182" lat="34.7369138" lon="10.7562039" /><node id="-183" lat="34.7370196" lon="10.7563461" /><node id="-184" lat="34.7371276" lon="10.7565269" /><node id="-185" lat="34.7371725" lon="10.7566097" /><node id="-186" lat="34.7373698" lon="10.756991" /><node id="-187" lat="34.7375113" lon="10.7572644" /><node id="-188" lat="34.7379516" lon="10.7580691" /><node id="-189" lat="34.7380441" lon="10.7582331" /><node id="-190" lat="34.7381289" lon="10.7583605" /><node id="-191" lat="34.7381995" lon="10.7584356" /><node id="-192" lat="34.7385995" lon="10.7588301" /><node id="-193" lat="34.7393225" lon="10.7593569" /><node id="-194" lat="34.7391616" lon="10.7592121" /><node id="-195" lat="34.7388315" lon="10.7588983" /><node id="-196" lat="34.7382689" lon="10.7583216" /><node id="-197" lat="34.7382127" lon="10.7582679" /><node id="-198" lat="34.7381394" lon="10.7581788" /><node id="-199" lat="34.7380514" lon="10.7580277" /><node id="-200" lat="34.7371972" lon="10.7564631" /><node id="-201" lat="34.7371988" lon="10.7564541" /><node id="-202" lat="34.7371433" lon="10.7563022" /><node id="-203" lat="34.7371076" lon="10.7561785" /><node id="-204" lat="34.7370885" lon="10.7560618" /><node id="-205" lat="34.7430035" lon="10.7551902" /><node id="-206" lat="34.7428881" lon="10.7553645" /><node id="-207" lat="34.7426792" lon="10.7556853" /><node id="-208" lat="34.7415474" lon="10.7569682" /><node id="-209" lat="34.7412435" lon="10.7573498" /><node id="-210" lat="34.7408832" lon="10.7577955" /><node id="-211" lat="34.7407209" lon="10.7579969" /><node id="-212" lat="34.7405913" lon="10.7581511" /><node id="-213" lat="34.7404145" lon="10.7583734" /><node id="-214" lat="34.7403084" lon="10.7585025" /><node id="-215" lat="34.7398394" lon="10.7590918" /><node id="-216" lat="34.7397619" lon="10.7577873" /><node id="-217" lat="34.7398404" lon="10.7576936" /><node id="-218" lat="34.7400208" lon="10.7574749" /><node id="-219" lat="34.7402245" lon="10.757228" /><node id="-220" lat="34.7404285" lon="10.7569807" /><node id="-221" lat="34.7406121" lon="10.7567503" /><node id="-222" lat="34.7408504" lon="10.756461" /><node id="-223" lat="34.7410454" lon="10.7562062" /><node id="-224" lat="34.7420138" lon="10.7549417" /><node id="-225" lat="34.7433192" lon="10.7636352" /><node id="-226" lat="34.743065" lon="10.7633555" /><node id="-227" lat="34.7429308" lon="10.7632037" /><node id="-228" lat="34.7427991" lon="10.7630506" /><node id="-229" lat="34.742572" lon="10.7627855" /><node id="-230" lat="34.7423318" lon="10.7625325" /><node id="-231" lat="34.7418862" lon="10.7620497" /><node id="-232" lat="34.7418105" lon="10.7619561" /><node id="-233" lat="34.7417607" lon="10.7619027" /><node id="-234" lat="34.7416789" lon="10.7618072" /><node id="-235" lat="34.7415916" lon="10.7617177" /><node id="-236" lat="34.7415054" lon="10.7616308" /><node id="-237" lat="34.7418624" lon="10.761845" /><node id="-238" lat="34.7419042" lon="10.7617665" /><node id="-239" lat="34.7420485" lon="10.7612814" /><node id="-240" lat="34.7421261" lon="10.7609037" /><node id="-241" lat="34.7421416" lon="10.7603289" /><node id="-242" lat="34.7421413" lon="10.7600877" /><node id="-243" lat="34.7421382" lon="10.7598062" /><node id="-244" lat="34.741423" lon="10.759711" /><node id="-245" lat="34.7415309" lon="10.7597539" /><node id="-246" lat="34.7416659" lon="10.7597767" /><node id="-247" lat="34.7418395" lon="10.7597894" /><node id="-248" lat="34.7424069" lon="10.7598086" /><node id="-249" lat="34.7426164" lon="10.7598115" /><node id="-250" lat="34.7428681" lon="10.7598188" /><node id="-251" lat="34.7433721" lon="10.7598351" /><node id="-252" lat="34.7435568" lon="10.7598373" /><node id="-253" lat="34.7437415" lon="10.7598254" /><node id="-254" lat="34.744782" lon="10.7608437" /><node id="-255" lat="34.744664" lon="10.760894" /><node id="-256" lat="34.7444833" lon="10.7609222" /><node id="-257" lat="34.7442917" lon="10.7609198" /><node id="-258" lat="34.7441366" lon="10.7609178" /><node id="-259" lat="34.7439058" lon="10.7609166" /><node id="-260" lat="34.7437266" lon="10.7609144" /><node id="-261" lat="34.7436369" lon="10.7609126" /><node id="-262" lat="34.7434523" lon="10.7609213" /><node id="-263" lat="34.7431873" lon="10.7609133" /><node id="-264" lat="34.742946" lon="10.760906" /><node id="-265" lat="34.7427602" lon="10.7609041" /><node id="-266" lat="34.7423535" lon="10.7608968" /><node id="-267" lat="34.7427476" lon="10.7616012" /><node id="-268" lat="34.7427562" lon="10.7616502" /><node id="-269" lat="34.7427906" lon="10.7617213" /><node id="-270" lat="34.7437532" lon="10.7630432" /><node id="-271" lat="34.7439529" lon="10.7633211" /><node id="-272" lat="34.7441372" lon="10.7611728" /><node id="-273" lat="34.7441379" lon="10.7616634" /><node id="-274" lat="34.744209" lon="10.7618469" /><node id="-275" lat="34.7444274" lon="10.7624982" /><node id="-276" lat="34.7446041" lon="10.7629827" /><node id="-277" lat="34.7449107" lon="10.7638518" /><node id="-278" lat="34.7452326" lon="10.7647655" /><node id="-279" lat="34.7445758" lon="10.7615979" /><node id="-280" lat="34.7449066" lon="10.7613793" /><node id="-281" lat="34.7408995" lon="10.7610534" /><node id="-282" lat="34.7410152" lon="10.7608369" /><node id="-283" lat="34.7411444" lon="10.7605841" /><node id="-284" lat="34.7412052" lon="10.7604111" /><node id="-285" lat="34.7412323" lon="10.760295" /><node id="-286" lat="34.7412487" lon="10.7602059" /><node id="-287" lat="34.7412646" lon="10.759987" /><node id="-288" lat="34.741273" lon="10.759793" /><node id="-289" lat="34.7470473" lon="10.7627324" /><node id="-290" lat="34.7467747" lon="10.7628782" /><node id="-291" lat="34.7461545" lon="10.7632083" /><node id="-292" lat="34.7460152" lon="10.763282" /><node id="-293" lat="34.7455476" lon="10.7635461" /><node id="-294" lat="34.7454907" lon="10.7635702" /><node id="-295" lat="34.744438" lon="10.7641152" /><node id="-296" lat="34.7442254" lon="10.7642452" /><node id="-297" lat="34.7440431" lon="10.764351" /><node id="-298" lat="34.7439051" lon="10.764311" /><node id="-299" lat="34.7462326" lon="10.7654665" /><node id="-300" lat="34.7462186" lon="10.7654255" /><node id="-301" lat="34.7461331" lon="10.7651404" /><node id="-302" lat="34.7458742" lon="10.7644239" /><node id="-303" lat="34.7452504" lon="10.7626729" /><node id="-304" lat="34.7451458" lon="10.7621874" /><node id="-305" lat="34.7450986" lon="10.761965" /><node id="-306" lat="34.7449905" lon="10.7614813" /><node id="-307" lat="34.7448414" lon="10.7607608" /><node id="-308" lat="34.7448204" lon="10.759546" /><node id="-309" lat="34.7447642" lon="10.7592751" /><node id="-310" lat="34.7447444" lon="10.7591343" /><node id="-311" lat="34.7447312" lon="10.7589968" /><node id="-312" lat="34.7447152" lon="10.7587635" /><node id="-313" lat="34.7446992" lon="10.7585657" /><node id="-314" lat="34.7446827" lon="10.7583679" /><node id="-315" lat="34.744648" lon="10.757987" /><node id="-316" lat="34.7446111" lon="10.7577087" /><node id="-317" lat="34.744589" lon="10.7575907" /><node id="-318" lat="34.7445427" lon="10.7574539" /><node id="-319" lat="34.7443318" lon="10.7569984" /><node id="-320" lat="34.7442823" lon="10.7569134" /><node id="-321" lat="34.7440055" lon="10.7564373" /><node id="-322" lat="34.7436944" lon="10.7559434" /><node id="-323" lat="34.74361" lon="10.7557881" /><node id="-324" lat="34.7435074" lon="10.7555962" /><node id="-325" lat="34.7433498" lon="10.7552467" /><node id="-326" lat="34.7458938" lon="10.7597252" /><node id="-327" lat="34.7458832" lon="10.7596505" /><node id="-328" lat="34.7451852" lon="10.758343" /><node id="-329" lat="34.7447747" lon="10.7576101" /><node id="-330" lat="34.7445868" lon="10.7572722" /><node id="-331" lat="34.7466339" lon="10.7596683" /><node id="-332" lat="34.7465219" lon="10.759713" /><node id="-333" lat="34.7464572" lon="10.7597313" /><node id="-334" lat="34.7461441" lon="10.7597398" /><node id="-335" lat="34.746028" lon="10.759733" /><node id="-336" lat="34.7451423" lon="10.7596634" /><node id="-337" lat="34.7450315" lon="10.7596379" /><node id="-338" lat="34.744863" lon="10.7595863" /><node id="-339" lat="34.744885" lon="10.7598535" /><node id="-340" lat="34.7450331" lon="10.7597961" /><node id="-341" lat="34.7451441" lon="10.7597737" /><node id="-342" lat="34.7453327" lon="10.7597678" /><node id="-343" lat="34.7460863" lon="10.7598151" /><node id="-344" lat="34.7464565" lon="10.7598812" /><node id="-345" lat="34.7465277" lon="10.7598985" /><node id="-346" lat="34.7466233" lon="10.7599461" /><node id="-347" lat="34.7466778" lon="10.7596502" /><node id="-348" lat="34.7465192" lon="10.7596425" /><node id="-349" lat="34.746043" lon="10.7596717" /><node id="-350" lat="34.7460991" lon="10.7602037" /><node id="-351" lat="34.7461903" lon="10.7606075" /><node id="-352" lat="34.7464511" lon="10.7611047" /><node id="-353" lat="34.7466574" lon="10.7614826" /><node id="-354" lat="34.7468485" lon="10.7618413" /><node id="-355" lat="34.7462267" lon="10.7621636" /><node id="-356" lat="34.7459194" lon="10.7613897" /><node id="-357" lat="34.745831" lon="10.7611674" /><node id="-358" lat="34.7457267" lon="10.7609148" /><node id="-359" lat="34.7454874" lon="10.7604442" /><node id="-360" lat="34.7451565" lon="10.7606041" /><node id="-361" lat="34.7453654" lon="10.7611909" /><node id="-362" lat="34.7456513" lon="10.7615831" /><node id="-363" lat="34.7456293" lon="10.7616274" /><node id="-364" lat="34.7456249" lon="10.761669" /><node id="-365" lat="34.7458669" lon="10.7623429" /><node id="-366" lat="34.7464775" lon="10.7641087" /><node id="-367" lat="34.7467631" lon="10.7649723" /><node id="-368" lat="34.7469168" lon="10.7653658" /><node id="-369" lat="34.7438959" lon="10.7616628" /><node id="-370" lat="34.743638" lon="10.7616621" /><node id="-371" lat="34.7435788" lon="10.7616619" /><node id="-372" lat="34.7435317" lon="10.7616636" /><node id="-373" lat="34.7434524" lon="10.7616613" /><node id="-374" lat="34.743454" lon="10.7616891" /><node id="-375" lat="34.7434705" lon="10.761724" /><node id="-376" lat="34.7434997" lon="10.7617709" /><node id="-377" lat="34.7435493" lon="10.7618386" /><node id="-378" lat="34.7441477" lon="10.7626911" /><node id="-379" lat="34.7442906" lon="10.7625766" /><node id="-380" lat="34.7429316" lon="10.7615959" /><node id="-381" lat="34.7429577" lon="10.7604319" /><node id="-382" lat="34.7429559" lon="10.7603701" /><node id="-383" lat="34.7429432" lon="10.7603513" /><node id="-384" lat="34.7429239" lon="10.760344" /><node id="-385" lat="34.7428713" lon="10.760343" /><node id="-386" lat="34.7426213" lon="10.7603375" /><node id="-387" lat="34.7424058" lon="10.760334" /><node id="-388" lat="34.7423557" lon="10.7603346" /><node id="-389" lat="34.799808" lon="10.7610072" /><node id="-390" lat="34.799816" lon="10.7608725" /><node id="-391" lat="34.7997986" lon="10.7604094" /><node id="-392" lat="34.7997927" lon="10.7599685" /><node id="-393" lat="34.7997913" lon="10.7596916" /><node id="-394" lat="34.7996496" lon="10.7588777" /><node id="-395" lat="34.7993755" lon="10.7578165" /><node id="-396" lat="34.7993652" lon="10.7577667" /><node id="-397" lat="34.7993266" lon="10.7575802" /><node id="-398" lat="34.7992944" lon="10.7573337" /><node id="-399" lat="34.7992631" lon="10.7571235" /><node id="-400" lat="34.7992096" lon="10.7569268" /><node id="-401" lat="34.7991531" lon="10.7567566" /><node id="-402" lat="34.7990456" lon="10.7564352" /><node id="-403" lat="34.7989898" lon="10.7563147" /><node id="-404" lat="34.7988453" lon="10.7560496" /><node id="-405" lat="34.7981986" lon="10.7547338" /><node id="-406" lat="34.7975599" lon="10.7535499" /><node id="-407" lat="34.7968417" lon="10.7522315" /><node id="-408" lat="34.796648" lon="10.7518378" /><node id="-409" lat="34.7960314" lon="10.7506894" /><node id="-410" lat="34.7955325" lon="10.7497734" /><node id="-411" lat="34.7954135" lon="10.7495508" /><node id="-412" lat="34.7953837" lon="10.7494946" /><node id="-413" lat="34.7951762" lon="10.7491022" /><node id="-414" lat="34.7950022" lon="10.7488453" /><node id="-415" lat="34.7947483" lon="10.7484882" /><node id="-416" lat="34.7944851" lon="10.7481178" /><node id="-417" lat="34.7943001" lon="10.7478396" /><node id="-418" lat="34.7942512" lon="10.7477653" /><node id="-419" lat="34.7941448" lon="10.7476236" /><node id="-420" lat="34.7940509" lon="10.747461" /><node id="-421" lat="34.7939939" lon="10.7473379" /><node id="-422" lat="34.7939356" lon="10.7472011" /><node id="-423" lat="34.7937197" lon="10.7466674" /><node id="-424" lat="34.7936162" lon="10.7463965" /><node id="-425" lat="34.7933188" lon="10.7456414" /><node id="-426" lat="34.7930908" lon="10.7450809" /><node id="-427" lat="34.7930362" lon="10.7449416" /><node id="-428" lat="34.7928948" lon="10.7445806" /><node id="-429" lat="34.7926844" lon="10.7440361" /><node id="-430" lat="34.8037137" lon="10.7614188" /><node id="-431" lat="34.8036523" lon="10.7609916" /><node id="-432" lat="34.8036316" lon="10.7607912" /><node id="-433" lat="34.8189231" lon="10.7623476" /><node id="-434" lat="34.8189231" lon="10.762251" /><node id="-435" lat="34.8189165" lon="10.7621196" /><node id="-436" lat="34.818857" lon="10.7617535" /><node id="-437" lat="34.8187866" lon="10.7614262" /><node id="-438" lat="34.818617" lon="10.7608643" /><node id="-439" lat="34.8185124" lon="10.7605612" /><node id="-440" lat="34.8183924" lon="10.760226" /><node id="-441" lat="34.8182944" lon="10.7599336" /><node id="-442" lat="34.8181403" lon="10.7595608" /><node id="-443" lat="34.8179961" lon="10.759322" /><node id="-444" lat="34.8179289" lon="10.7591933" /><node id="-445" lat="34.8178794" lon="10.7591128" /><node id="-446" lat="34.8178056" lon="10.7590243" /><node id="-447" lat="34.8177131" lon="10.7589479" /><node id="-448" lat="34.8176702" lon="10.7589156" /><node id="-449" lat="34.8176063" lon="10.7588674" /><node id="-450" lat="34.8175347" lon="10.7587937" /><node id="-451" lat="34.817233" lon="10.7583071" /><node id="-452" lat="34.8171104" lon="10.7580662" /><node id="-453" lat="34.8169161" lon="10.7576847" /><node id="-454" lat="34.816677" lon="10.7571709" /><node id="-455" lat="34.8160539" lon="10.7576953" /><node id="-456" lat="34.8160043" lon="10.7577302" /><node id="-457" lat="34.8159471" lon="10.7577342" /><node id="-458" lat="34.8158986" lon="10.7577007" /><node id="-459" lat="34.8158612" lon="10.757639" /><node id="-460" lat="34.8155914" lon="10.7571012" /><node id="-461" lat="34.8155364" lon="10.7570381" /><node id="-462" lat="34.815478" lon="10.7570301" /><node id="-463" lat="34.8154175" lon="10.7570381" /><node id="-464" lat="34.8153679" lon="10.7570717" /><node id="-465" lat="34.8146908" lon="10.7575545" /><node id="-466" lat="34.8187819" lon="10.7591188" /><node id="-467" lat="34.8193076" lon="10.7586262" /><node id="-468" lat="34.8196794" lon="10.7582878" /><node id="-469" lat="34.8200054" lon="10.7579742" /><node id="-470" lat="34.8202874" lon="10.7577085" /><node id="-471" lat="34.8207645" lon="10.7572856" /><node id="-472" lat="34.8210845" lon="10.756976" /><node id="-473" lat="34.8216095" lon="10.7564722" /><node id="-474" lat="34.8216788" lon="10.7564011" /><node id="-475" lat="34.8222838" lon="10.7558243" /><node id="-476" lat="34.8223146" lon="10.7558007" /><node id="-477" lat="34.8248993" lon="10.7628128" /><node id="-478" lat="34.8248736" lon="10.7623648" /><node id="-479" lat="34.8248196" lon="10.7618284" /><node id="-480" lat="34.82478" lon="10.7616111" /><node id="-481" lat="34.8245763" lon="10.7607408" /><node id="-482" lat="34.8244056" lon="10.7601475" /><node id="-483" lat="34.8241987" lon="10.7595874" /><node id="-484" lat="34.823946" lon="10.7589933" /><node id="-485" lat="34.8238222" lon="10.7586942" /><node id="-486" lat="34.8237748" lon="10.7585883" /><node id="-487" lat="34.8237022" lon="10.7584474" /><node id="-488" lat="34.8234963" lon="10.7581926" /><node id="-489" lat="34.8234225" lon="10.7581108" /><node id="-490" lat="34.8233719" lon="10.7580317" /><node id="-491" lat="34.823024" lon="10.7573357" /><node id="-492" lat="34.8226927" lon="10.7566461" /><node id="-493" lat="34.825044" lon="10.760429" /><node id="-494" lat="34.8257749" lon="10.7599306" /><node id="-495" lat="34.8261542" lon="10.7596673" /><node id="-496" lat="34.8266512" lon="10.7593334" /><node id="-497" lat="34.8267099" lon="10.7592813" /><node id="-498" lat="34.8271917" lon="10.7589443" /><node id="-499" lat="34.8280208" lon="10.7583776" /><node id="-500" lat="34.8283818" lon="10.7581369" /><node id="-501" lat="34.828757" lon="10.7578769" /><node id="-502" lat="34.829568" lon="10.7573336" /><node id="-503" lat="34.8300148" lon="10.7570114" /><node id="-504" lat="34.8304902" lon="10.756684" /><node id="-505" lat="34.8309844" lon="10.7563377" /><node id="-506" lat="34.8312316" lon="10.756159" /><node id="-507" lat="34.8366794" lon="10.7647618" /><node id="-508" lat="34.8364602" lon="10.7643705" /><node id="-509" lat="34.8353483" lon="10.762312" /><node id="-510" lat="34.8353109" lon="10.7622242" /><node id="-511" lat="34.83529" lon="10.7621397" /><node id="-512" lat="34.8352718" lon="10.762007" /><node id="-513" lat="34.8350168" lon="10.7622265" /><node id="-514" lat="34.8351061" lon="10.7622778" /><node id="-515" lat="34.8351435" lon="10.762306" /><node id="-516" lat="34.8351777" lon="10.7623476" /><node id="-517" lat="34.8352079" lon="10.7623981" /><node id="-518" lat="34.8361326" lon="10.7640841" /><node id="-519" lat="34.8365356" lon="10.7648152" /><node id="-520" lat="34.836569" lon="10.764863" /><node id="-521" lat="34.8366175" lon="10.7649039" /><node id="-522" lat="34.8349244" lon="10.7614169" /><node id="-523" lat="34.8348849" lon="10.7613914" /><node id="-524" lat="34.8348452" lon="10.7613645" /><node id="-525" lat="34.8348127" lon="10.7613269" /><node id="-526" lat="34.8340222" lon="10.7599368" /><node id="-527" lat="34.8336861" lon="10.7593355" /><node id="-528" lat="34.8332869" lon="10.7585996" /><node id="-529" lat="34.8319469" lon="10.7561413" /><node id="-530" lat="34.8349415" lon="10.7622282" /><node id="-531" lat="34.8350953" lon="10.7622019" /><node id="-532" lat="34.8351665" lon="10.7621551" /><node id="-533" lat="34.8352266" lon="10.7620888" /><node id="-534" lat="34.8352985" lon="10.7619201" /><node id="-535" lat="34.8353084" lon="10.7618281" /><node id="-536" lat="34.835301" lon="10.7617358" /><node id="-537" lat="34.8352722" lon="10.7616366" /><node id="-538" lat="34.8352235" lon="10.7615496" /><node id="-539" lat="34.8351582" lon="10.7614806" /><node id="-540" lat="34.8350854" lon="10.7614363" /><node id="-541" lat="34.8350059" lon="10.7614146" /><node id="-542" lat="34.8348628" lon="10.7614353" /><node id="-543" lat="34.8348051" lon="10.7614675" /><node id="-544" lat="34.8347535" lon="10.7615123" /><node id="-545" lat="34.8347096" lon="10.7615682" /><node id="-546" lat="34.8346752" lon="10.7616331" /><node id="-547" lat="34.8346486" lon="10.7617173" /><node id="-548" lat="34.8346378" lon="10.7618065" /><node id="-549" lat="34.8346433" lon="10.7618965" /><node id="-550" lat="34.8346628" lon="10.7619769" /><node id="-551" lat="34.8346954" lon="10.7620507" /><node id="-552" lat="34.8347397" lon="10.7621149" /><node id="-553" lat="34.8347993" lon="10.762171" /><node id="-554" lat="34.8348678" lon="10.7622094" /><node id="-555" lat="34.8279419" lon="10.7540314" /><node id="-556" lat="34.8284348" lon="10.7541502" /><node id="-557" lat="34.8298079" lon="10.7544632" /><node id="-558" lat="34.8298828" lon="10.7545008" /><node id="-559" lat="34.8299345" lon="10.7545356" /><node id="-560" lat="34.8299884" lon="10.7546027" /><node id="-561" lat="34.8301646" lon="10.7548924" /><node id="-562" lat="34.8307271" lon="10.75587" /><node id="-563" lat="34.8313021" lon="10.7569576" /><node id="-564" lat="34.8320638" lon="10.7583007" /><node id="-565" lat="34.8322656" lon="10.7586564" /><node id="-566" lat="34.8325498" lon="10.7591804" /><node id="-567" lat="34.8328847" lon="10.7598022" /><node id="-568" lat="34.8332994" lon="10.7605778" /><node id="-569" lat="34.8273716" lon="10.7566692" /><node id="-570" lat="34.8275402" lon="10.7571425" /><node id="-571" lat="34.8035039" lon="10.7607798" /><node id="-572" lat="34.803561" lon="10.7612666" /><node id="-573" lat="34.8035774" lon="10.7614067" /><node id="-574" lat="34.7916261" lon="10.7553872" /><node id="-575" lat="34.7915637" lon="10.7555056" /><node id="-576" lat="34.7914421" lon="10.755608" /><node id="-577" lat="34.7911513" lon="10.7558472" /><node id="-578" lat="34.7908593" lon="10.7560828" /><node id="-579" lat="34.7907367" lon="10.7562033" /><node id="-580" lat="34.790604" lon="10.7563541" /><node id="-581" lat="34.7905286" lon="10.7564575" /><node id="-582" lat="34.7904881" lon="10.7565319" /><node id="-583" lat="34.790463" lon="10.7565875" /><node id="-584" lat="34.7908815" lon="10.7575008" /><node id="-585" lat="34.7910335" lon="10.7578803" /><node id="-586" lat="34.7912923" lon="10.7585362" /><node id="-587" lat="34.7913937" lon="10.7588835" /><node id="-588" lat="34.7914752" lon="10.7592161" /><node id="-589" lat="34.7915104" lon="10.7593609" /><node id="-590" lat="34.7915225" lon="10.7594159" /><node id="-591" lat="34.7915555" lon="10.7595789" /><node id="-592" lat="34.7915732" lon="10.7596687" /><node id="-593" lat="34.7915858" lon="10.7597432" /><node id="-594" lat="34.791593" lon="10.7598471" /><node id="-595" lat="34.7916084" lon="10.7601515" /><node id="-596" lat="34.8064688" lon="10.7546725" /><node id="-597" lat="34.806874" lon="10.7551821" /><node id="-598" lat="34.8069601" lon="10.7553189" /><node id="-599" lat="34.8070271" lon="10.7555106" /><node id="-600" lat="34.8070557" lon="10.7556783" /><node id="-601" lat="34.8071383" lon="10.755913" /><node id="-602" lat="34.8072583" lon="10.7561651" /><node id="-603" lat="34.8074213" lon="10.7564856" /><node id="-604" lat="34.8077163" lon="10.7570668" /><node id="-605" lat="34.8080699" lon="10.7577461" /><node id="-606" lat="34.8081032" lon="10.757848" /><node id="-607" lat="34.8081269" lon="10.7579566" /><node id="-608" lat="34.8081454" lon="10.7582115" /><node id="-609" lat="34.8081552" lon="10.7583029" /><node id="-610" lat="34.808167" lon="10.7583597" /><node id="-611" lat="34.8081872" lon="10.7584243" /><node id="-612" lat="34.8082379" lon="10.7585876" /><node id="-613" lat="34.8083116" lon="10.7587755" /><node id="-614" lat="34.8087654" lon="10.7599032" /><node id="-615" lat="34.8089927" lon="10.7605848" /><node id="-616" lat="34.8090802" lon="10.7608596" /><node id="-617" lat="34.8091433" lon="10.7610499" /><node id="-618" lat="34.8091914" lon="10.7612325" /><node id="-619" lat="34.8092277" lon="10.7613961" /><node id="-620" lat="34.8092542" lon="10.7615348" /><node id="-621" lat="34.8092734" lon="10.7616435" /><node id="-622" lat="34.8107526" lon="10.7616976" /><node id="-623" lat="34.8107592" lon="10.761869" /><node id="-624" lat="34.8107619" lon="10.7619789" /><node id="-625" lat="34.8107709" lon="10.7621236" /><node id="-626" lat="34.8107775" lon="10.7622537" /><node id="-627" lat="34.8108018" lon="10.7625487" /><node id="-628" lat="34.8108282" lon="10.7627834" /><node id="-629" lat="34.8108582" lon="10.762953" /><node id="-630" lat="34.8109163" lon="10.7631616" /><node id="-631" lat="34.8109559" lon="10.7633038" /><node id="-632" lat="34.8109746" lon="10.7633534" /><node id="-633" lat="34.8111277" lon="10.7638107" /><node id="-634" lat="34.8113182" lon="10.7643914" /><node id="-635" lat="34.811451" lon="10.7647987" /><node id="-636" lat="34.8115428" lon="10.765062" /><node id="-637" lat="34.8115813" lon="10.7652135" /><node id="-638" lat="34.8116045" lon="10.7653289" /><node id="-639" lat="34.8116122" lon="10.7654133" /><node id="-640" lat="34.8116331" lon="10.7656789" /><node id="-641" lat="34.8116452" lon="10.7659002" /><node id="-642" lat="34.8116529" lon="10.7660316" /><node id="-643" lat="34.8116639" lon="10.7661442" /><node id="-644" lat="34.811676" lon="10.7662368" /><node id="-645" lat="34.8117069" lon="10.7663461" /><node id="-646" lat="34.8117608" lon="10.7664835" /><node id="-647" lat="34.8118908" lon="10.7668041" /><node id="-648" lat="34.8120535" lon="10.767184" /><node id="-649" lat="34.8122364" lon="10.7676593" /><node id="-650" lat="34.8126043" lon="10.7686427" /><node id="-651" lat="34.8126307" lon="10.7687111" /><node id="-652" lat="34.8128773" lon="10.7694487" /><node id="-653" lat="34.8129643" lon="10.7696727" /><node id="-654" lat="34.8130249" lon="10.7698095" /><node id="-655" lat="34.8131406" lon="10.7700638" /><node id="-656" lat="34.8132527" lon="10.7702756" /><node id="-657" lat="34.8134201" lon="10.7705779" /><node id="-658" lat="34.8136602" lon="10.7709615" /><node id="-659" lat="34.813811" lon="10.7712096" /><node id="-660" lat="34.8140874" lon="10.7716589" /><node id="-661" lat="34.8141964" lon="10.7718506" /><node id="-662" lat="34.8142645" lon="10.7719524" /><node id="-663" lat="34.8143473" lon="10.7720486" /><node id="-664" lat="34.8144443" lon="10.7721036" /><node id="-665" lat="34.8145596" lon="10.7721101" /><node id="-666" lat="34.8148097" lon="10.7720186" /><node id="-667" lat="34.8149066" lon="10.7720237" /><node id="-668" lat="34.8149682" lon="10.7720357" /><node id="-669" lat="34.8150079" lon="10.7720652" /><node id="-670" lat="34.8150861" lon="10.7721221" /><node id="-671" lat="34.8152884" lon="10.7723548" /><node id="-672" lat="34.8157274" lon="10.7728605" /><node id="-673" lat="34.8158459" lon="10.7729797" /><node id="-674" lat="34.8161818" lon="10.7733178" /><node id="-675" lat="34.8164403" lon="10.7735834" /><node id="-676" lat="34.8167321" lon="10.7738623" /><node id="-677" lat="34.8169623" lon="10.774096" /><node id="-678" lat="34.8170352" lon="10.77417" /><node id="-679" lat="34.8172947" lon="10.7744497" /><node id="-680" lat="34.817788" lon="10.7750666" /><node id="-681" lat="34.8178931" lon="10.7752697" /><node id="-682" lat="34.817941" lon="10.7753912" /><node id="-683" lat="34.8179817" lon="10.7755253" /><node id="-684" lat="34.8180665" lon="10.775764" /><node id="-685" lat="34.8181634" lon="10.7759652" /><node id="-686" lat="34.8182583" lon="10.7761264" /><node id="-687" lat="34.8185267" lon="10.7765083" /><node id="-688" lat="34.8186771" lon="10.7767082" /><node id="-689" lat="34.8188736" lon="10.7769568" /><node id="-690" lat="34.8190289" lon="10.7770868" /><node id="-691" lat="34.8191097" lon="10.7771338" /><node id="-692" lat="34.8192369" lon="10.777211" /><node id="-693" lat="34.8193239" lon="10.777266" /><node id="-694" lat="34.8193822" lon="10.7773103" /><node id="-695" lat="34.8194218" lon="10.7773425" /><node id="-696" lat="34.8195077" lon="10.7774109" /><node id="-697" lat="34.8196608" lon="10.7775892" /><node id="-698" lat="34.8199503" lon="10.7779165" /><node id="-699" lat="34.8200996" lon="10.7780859" /><node id="-700" lat="34.8210122" lon="10.7791295" /><node id="-701" lat="34.8210338" lon="10.7791556" /><node id="-702" lat="34.8215324" lon="10.7797122" /><node id="-703" lat="34.8218127" lon="10.780036" /><node id="-704" lat="34.8219236" lon="10.7801501" /><node id="-705" lat="34.8220362" lon="10.7802555" /><node id="-706" lat="34.8221243" lon="10.7803144" /><node id="-707" lat="34.8223075" lon="10.7804363" /><node id="-708" lat="34.8224396" lon="10.780541" /><node id="-709" lat="34.8229578" lon="10.7810444" /><node id="-710" lat="34.8231777" lon="10.7812517" /><node id="-711" lat="34.8233646" lon="10.7814097" /><node id="-712" lat="34.8233877" lon="10.7814292" /><node id="-713" lat="34.8237248" lon="10.7816877" /><node id="-714" lat="34.8239575" lon="10.7818418" /><node id="-715" lat="34.8242357" lon="10.7819758" /><node id="-716" lat="34.8245835" lon="10.7821345" /><node id="-717" lat="34.8247264" lon="10.7822192" /><node id="-718" lat="34.8249869" lon="10.7823918" /><node id="-719" lat="34.8251143" lon="10.7824863" /><node id="-720" lat="34.8252438" lon="10.7825825" /><node id="-721" lat="34.8253107" lon="10.7826321" /><node id="-722" lat="34.825881" lon="10.7830727" /><node id="-723" lat="34.8261086" lon="10.7832313" /><node id="-724" lat="34.8265289" lon="10.7835059" /><node id="-725" lat="34.826611" lon="10.7835901" /><node id="-726" lat="34.8260898" lon="10.7842069" /><node id="-727" lat="34.8258831" lon="10.7844426" /><node id="-728" lat="34.8255645" lon="10.7848058" /><node id="-729" lat="34.8252029" lon="10.7852069" /><node id="-730" lat="34.8251535" lon="10.7852618" /><node id="-731" lat="34.8248538" lon="10.7855992" /><node id="-732" lat="34.8245047" lon="10.7860197" /><node id="-733" lat="34.8244396" lon="10.7860982" /><node id="-734" lat="34.8241582" lon="10.7864372" /><node id="-735" lat="34.8239774" lon="10.7866606" /><node id="-736" lat="34.8239254" lon="10.7867323" /><node id="-737" lat="34.8134158" lon="10.7701514" /><node id="-738" lat="34.8136305" lon="10.769961" /><node id="-739" lat="34.813942" lon="10.7696713" /><node id="-740" lat="34.814249" lon="10.7693414" /><node id="-741" lat="34.8144424" lon="10.7690388" /><node id="-742" lat="34.8145814" lon="10.7687918" /><node id="-743" lat="34.8150167" lon="10.7683678" /><node id="-744" lat="34.8159779" lon="10.7677402" /><node id="-745" lat="34.8153283" lon="10.7620501" /><node id="-746" lat="34.8153199" lon="10.7622164" /><node id="-747" lat="34.8153217" lon="10.7623154" /><node id="-748" lat="34.746487" lon="10.7620241" /><node id="-749" lat="34.7468513" lon="10.7631043" /><node id="-750" lat="34.7467325" lon="10.7634146" /><node id="-751" lat="34.7467235" lon="10.7634687" /><node id="-752" lat="34.7467307" lon="10.7635149" /><node id="-753" lat="34.7467692" lon="10.7635718" /><node id="-754" lat="34.746949" lon="10.7637855" /><node id="-755" lat="34.7469913" lon="10.7638443" /><node id="-756" lat="34.7475845" lon="10.764542" /><node id="-757" lat="34.7477767" lon="10.76477" /><node id="-758" lat="34.7480504" lon="10.7650946" /><node id="-759" lat="34.7481501" lon="10.7652255" /><node id="-760" lat="34.7486475" lon="10.765074" /><node id="-761" lat="34.7486883" lon="10.7650781" /><node id="-762" lat="34.748728" lon="10.7651015" /><node id="-763" lat="34.7488899" lon="10.7653069" /><node id="-764" lat="34.7490982" lon="10.7655863" /><node id="-765" lat="34.7491618" lon="10.7656471" /><node id="-766" lat="34.7494266" lon="10.7658439" /><node id="-767" lat="34.7497507" lon="10.7662483" /><node id="-768" lat="34.744317" lon="10.7644819" /><node id="-769" lat="34.7450744" lon="10.7648424" /><node id="-770" lat="34.7453182" lon="10.7649369" /><node id="-771" lat="34.7458341" lon="10.7650644" /><node id="-772" lat="34.7459703" lon="10.7650858" /><node id="-773" lat="34.7460437" lon="10.7650974" /><node id="-774" lat="34.7462863" lon="10.7651683" /><node id="-775" lat="34.7463587" lon="10.7651798" /><node id="-776" lat="34.7466588" lon="10.7652895" /><node id="-777" lat="34.7476869" lon="10.7655962" /><node id="-778" lat="34.7480454" lon="10.7657082" /><node id="-779" lat="34.7484181" lon="10.765821" /><node id="-780" lat="34.7487957" lon="10.7659237" /><node id="-781" lat="34.7492126" lon="10.7660358" /><node id="-782" lat="34.7496232" lon="10.7662117" /><node id="-783" lat="34.7498861" lon="10.766263" /><node id="-784" lat="34.7499798" lon="10.766271" /><node id="-785" lat="34.7503994" lon="10.766286" /><node id="-786" lat="34.750613" lon="10.7662817" /><node id="-787" lat="34.7507871" lon="10.7662679" /><node id="-788" lat="34.7510296" lon="10.7662473" /><node id="-789" lat="34.7512274" lon="10.7662266" /><node id="-790" lat="34.7514188" lon="10.7661969" /><node id="-791" lat="34.7515955" lon="10.7661694" /><node id="-792" lat="34.751787" lon="10.7661378" /><node id="-793" lat="34.7519795" lon="10.7661051" /><node id="-794" lat="34.7522818" lon="10.766025" /><node id="-795" lat="34.7524626" lon="10.7659898" /><node id="-796" lat="34.7528033" lon="10.7658882" /><node id="-797" lat="34.7529851" lon="10.7658268" /><node id="-798" lat="34.7536031" lon="10.7655905" /><node id="-799" lat="34.7539109" lon="10.7654629" /><node id="-800" lat="34.7539939" lon="10.7654294" /><node id="-801" lat="34.7542298" lon="10.7653749" /><node id="-802" lat="34.75192" lon="10.7614051" /><node id="-803" lat="34.751801" lon="10.7627616" /><node id="-804" lat="34.7517921" lon="10.762897" /><node id="-805" lat="34.7517429" lon="10.763376" /><node id="-806" lat="34.7516502" lon="10.7640635" /><node id="-807" lat="34.7516188" lon="10.7644219" /><node id="-808" lat="34.7516006" lon="10.7648273" /><node id="-809" lat="34.7516077" lon="10.7652952" /><node id="-810" lat="34.7488349" lon="10.7608683" /><node id="-811" lat="34.7489048" lon="10.7610534" /><node id="-812" lat="34.7489691" lon="10.7612182" /><node id="-813" lat="34.7491384" lon="10.7615178" /><node id="-814" lat="34.749326" lon="10.761793" /><node id="-815" lat="34.7494378" lon="10.7619689" /><node id="-816" lat="34.7495922" lon="10.7622347" /><node id="-817" lat="34.751132" lon="10.7646134" /><node id="-818" lat="34.7509853" lon="10.7646329" /><node id="-819" lat="34.7508748" lon="10.764655" /><node id="-820" lat="34.7507996" lon="10.7646826" /><node id="-821" lat="34.7507191" lon="10.764731" /><node id="-822" lat="34.7505868" lon="10.7648166" /><node id="-823" lat="34.7504015" lon="10.7649495" /><node id="-824" lat="34.7501488" lon="10.7651779" /><node id="-825" lat="34.7498722" lon="10.7654271" /><node id="-826" lat="34.746971" lon="10.767466" /><node id="-827" lat="34.7462464" lon="10.7683048" /><node id="-828" lat="34.745507" lon="10.7691675" /><node id="-829" lat="34.744695" lon="10.770099" /><node id="-830" lat="34.7468314" lon="10.7597996" /><node id="-831" lat="34.7468817" lon="10.7596938" /><node id="-832" lat="34.7469026" lon="10.7596607" /><node id="-833" lat="34.7469357" lon="10.7596318" /><node id="-834" lat="34.7469974" lon="10.7595956" /><node id="-835" lat="34.7471654" lon="10.75954" /><node id="-836" lat="34.7467029" lon="10.7599738" /><node id="-837" lat="34.7468428" lon="10.7600434" /><node id="-838" lat="34.7469851" lon="10.7601054" /><node id="-839" lat="34.7471297" lon="10.7601592" /><node id="-840" lat="34.74715" lon="10.7594698" /><node id="-841" lat="34.7469803" lon="10.7595333" /><node id="-842" lat="34.7469076" lon="10.7595728" /><node id="-843" lat="34.746826" lon="10.7596278" /><node id="-844" lat="34.7467648" lon="10.7596701" /><node id="-845" lat="34.7470405" lon="10.7601055" /><node id="-846" lat="34.7469592" lon="10.7600354" /><node id="-847" lat="34.7468875" lon="10.7599512" /><node id="-848" lat="34.7468269" lon="10.7598548" /><node id="-849" lat="34.8242093" lon="10.7581534" /><node id="-850" lat="34.8247399" lon="10.7578684" /><node id="-851" lat="34.8252018" lon="10.7575787" /><node id="-852" lat="34.825524" lon="10.7573797" /><node id="-853" lat="34.8257866" lon="10.757145" /><node id="-854" lat="34.8260958" lon="10.7569168" /><node id="-855" lat="34.826373" lon="10.7566987" /><node id="-856" lat="34.8264636" lon="10.756628" /><node id="-857" lat="34.8268025" lon="10.7563166" /><node id="-858" lat="34.8269315" lon="10.7561872" /><node id="-859" lat="34.830802" lon="10.7598893" /><node id="-860" lat="34.8306236" lon="10.759491" /><node id="-861" lat="34.830381" lon="10.7589582" /><node id="-862" lat="34.83006" lon="10.75839" /><node id="-863" lat="34.8298299" lon="10.7578938" /><node id="-864" lat="34.8317443" lon="10.7590605" /><node id="-865" lat="34.8317091" lon="10.7590672" /><node id="-866" lat="34.8316716" lon="10.7590418" /><node id="-867" lat="34.8315285" lon="10.7587212" /><node id="-868" lat="34.8312335" lon="10.7581499" /><node id="-869" lat="34.8308218" lon="10.7572956" /><node id="-870" lat="34.8344196" lon="10.7576319" /><node id="-871" lat="34.8351916" lon="10.7590296" /><node id="-872" lat="34.8349965" lon="10.7600789" /><node id="-873" lat="34.8360618" lon="10.759218" /><node id="-874" lat="34.8339443" lon="10.7601167" /><node id="-875" lat="34.8328389" lon="10.7609011" /><node id="-876" lat="34.8422223" lon="10.7556903" /><node id="-877" lat="34.8420485" lon="10.7558434" /><node id="-878" lat="34.8413145" lon="10.75649" /><node id="-879" lat="34.8402246" lon="10.7573769" /><node id="-880" lat="34.8391338" lon="10.7582867" /><node id="-881" lat="34.8381645" lon="10.7590976" /><node id="-882" lat="34.8380866" lon="10.7591623" /><node id="-883" lat="34.8375498" lon="10.759609" /><node id="-884" lat="34.8367044" lon="10.7603308" /><node id="-885" lat="34.8356158" lon="10.761258" /><node id="-886" lat="34.8353428" lon="10.7614563" /><node id="-887" lat="34.835301" lon="10.7614718" /><node id="-888" lat="34.8352701" lon="10.7614745" /><node id="-889" lat="34.8352217" lon="10.7614785" /><node id="-890" lat="34.8353318" lon="10.7616757" /><node id="-891" lat="34.8353571" lon="10.7616314" /><node id="-892" lat="34.8353791" lon="10.7615939" /><node id="-893" lat="34.8354153" lon="10.7615606" /><node id="-894" lat="34.8356597" lon="10.7613361" /><node id="-895" lat="34.8367816" lon="10.7604458" /><node id="-896" lat="34.8359253" lon="10.7619115" /><node id="-897" lat="34.8363086" lon="10.7616055" /><node id="-898" lat="34.8366206" lon="10.7613731" /><node id="-899" lat="34.8370593" lon="10.7609649" /><node id="-900" lat="34.836744" lon="10.7624099" /><node id="-901" lat="34.8370461" lon="10.7621619" /><node id="-902" lat="34.8375417" lon="10.7617998" /><node id="-903" lat="34.8289893" lon="10.7584674" /><node id="-904" lat="34.8291861" lon="10.7589718" /><node id="-905" lat="34.8293951" lon="10.759507" /><node id="-906" lat="34.828641" lon="10.7598786" /><node id="-907" lat="34.8287004" lon="10.7600422" /><node id="-908" lat="34.8289305" lon="10.7605699" /><node id="-909" lat="34.8292035" lon="10.7613164" /><node id="-910" lat="34.8308147" lon="10.7586914" /><node id="-911" lat="34.8301591" lon="10.759078" /><node id="-912" lat="34.829889" lon="10.7592304" /><node id="-913" lat="34.8280972" lon="10.7601696" /><node id="-914" lat="34.828063" lon="10.760183" /><node id="-915" lat="34.8280245" lon="10.7601951" /><node id="-916" lat="34.8279717" lon="10.7601978" /><node id="-917" lat="34.8279276" lon="10.7601871" /><node id="-918" lat="34.8277977" lon="10.760124" /><node id="-919" lat="34.8277427" lon="10.7600932" /><node id="-920" lat="34.8260446" lon="10.7604788" /><node id="-921" lat="34.8262666" lon="10.7609516" /><node id="-922" lat="34.8301636" lon="10.7598095" /><node id="-923" lat="34.8394251" lon="10.7642833" /><node id="-924" lat="34.8390986" lon="10.7635852" /><node id="-925" lat="34.8386351" lon="10.7625943" /><node id="-926" lat="34.8385141" lon="10.7623315" /><node id="-927" lat="34.838477" lon="10.7622462" /><node id="-928" lat="34.8383798" lon="10.7621706" /><node id="-929" lat="34.8383291" lon="10.762145" /><node id="-930" lat="34.8381354" lon="10.7621142" /><node id="-931" lat="34.8378449" lon="10.7621075" /><node id="-932" lat="34.8377612" lon="10.7621048" /><node id="-933" lat="34.8377061" lon="10.7620793" /><node id="-934" lat="34.8375874" lon="10.761878" /><node id="-935" lat="34.8338773" lon="10.7580736" /><node id="-936" lat="34.8340319" lon="10.7579477" /><node id="-937" lat="34.8344845" lon="10.7575769" /><node id="-938" lat="34.8349101" lon="10.7572019" /><node id="-939" lat="34.8370118" lon="10.7639232" /><node id="-940" lat="34.8370677" lon="10.7639246" /><node id="-941" lat="34.83738" lon="10.7637016" /><node id="-942" lat="34.8374101" lon="10.7636752" /><node id="-943" lat="34.8374177" lon="10.7636029" /><node id="-944" lat="34.8359678" lon="10.7620618" /><node id="-945" lat="34.8368065" lon="10.7636113" /><node id="-946" lat="34.8369725" lon="10.7638996" /><node id="-947" lat="34.8300347" lon="10.759892" /><node id="-948" lat="34.829854" lon="10.7600016" /><node id="-949" lat="34.8287139" lon="10.7606965" /><node id="-950" lat="34.8321275" lon="10.7595505" /><node id="-951" lat="34.8315115" lon="10.7600807" /><node id="-952" lat="34.8323453" lon="10.7593623" /><node id="-953" lat="34.8331617" lon="10.7587082" /><node id="-954" lat="34.8303123" lon="10.7576423" /><node id="-955" lat="34.8309203" lon="10.7588987" /><node id="-956" lat="34.831261" lon="10.7596238" /><node id="-957" lat="34.8310298" lon="10.7597619" /><node id="-958" lat="34.8303523" lon="10.7601849" /><node id="-959" lat="34.8301406" lon="10.76032" /><node id="-960" lat="34.8301018" lon="10.7603359" /><node id="-961" lat="34.8300732" lon="10.7603386" /><node id="-962" lat="34.8300424" lon="10.7603306" /><node id="-963" lat="34.8300116" lon="10.7603198" /><node id="-964" lat="34.8299934" lon="10.7603031" /><node id="-965" lat="34.8299769" lon="10.7602803" /><node id="-966" lat="34.8267992" lon="10.7591142" /><node id="-967" lat="34.8268591" lon="10.7589347" /><node id="-968" lat="34.8269106" lon="10.7587117" /><node id="-969" lat="34.8270541" lon="10.7580534" /><node id="-970" lat="34.827267" lon="10.7571349" /><node id="-971" lat="34.8274593" lon="10.7562285" /><node id="-972" lat="34.827691" lon="10.75511" /><node id="-973" lat="34.8278528" lon="10.7543723" /><node id="-974" lat="34.8280223" lon="10.7535996" /><node id="-975" lat="34.8280454" lon="10.7534266" /><node id="-976" lat="34.8280685" lon="10.7532214" /><node id="-977" lat="34.8268907" lon="10.7598795" /><node id="-978" lat="34.82749" lon="10.7595741" /><node id="-979" lat="34.8274455" lon="10.7595634" /><node id="-980" lat="34.827386" lon="10.7595715" /><node id="-981" lat="34.8275588" lon="10.7596493" /><node id="-982" lat="34.8275247" lon="10.7595997" /><node id="-983" lat="34.835711" lon="10.7586234" /><node id="-984" lat="34.8363938" lon="10.759793" /><node id="-985" lat="34.8346285" lon="10.7594536" /><node id="-986" lat="34.8361524" lon="10.7582743" /><node id="-987" lat="34.8365898" lon="10.7579283" /><node id="-988" lat="34.8327724" lon="10.7561061" /><node id="-989" lat="34.8323728" lon="10.7553832" /><node id="-990" lat="34.8323249" lon="10.7552959" /><node id="-991" lat="34.8319625" lon="10.7545894" /><node id="-992" lat="34.8315162" lon="10.753745" /><node id="-993" lat="34.8312997" lon="10.7533376" /><node id="-994" lat="34.8312753" lon="10.7532187" /><node id="-995" lat="34.8312715" lon="10.7530801" /><node id="-996" lat="34.8313458" lon="10.7524983" /><node id="-997" lat="34.831554" lon="10.7508817" /><node id="-998" lat="34.8254237" lon="10.759445" /><node id="-999" lat="34.8251906" lon="10.7589202" /><node id="-1000" lat="34.8258872" lon="10.7590808" /><node id="-1001" lat="34.8246505" lon="10.7592886" /><node id="-1002" lat="34.8256985" lon="10.758688" /><node id="-1003" lat="34.8248039" lon="10.7569316" /><node id="-1004" lat="34.8244091" lon="10.7562895" /><node id="-1005" lat="34.8240524" lon="10.7557107" /><node id="-1006" lat="34.8263121" lon="10.7573439" /><node id="-1007" lat="34.8263209" lon="10.7573748" /><node id="-1008" lat="34.8263231" lon="10.7574143" /><node id="-1009" lat="34.8263198" lon="10.7574619" /><node id="-1010" lat="34.8262572" lon="10.7578119" /><node id="-1011" lat="34.8261596" lon="10.7582559" /><node id="-1012" lat="34.8261503" lon="10.7582934" /><node id="-1013" lat="34.8261409" lon="10.7583202" /><node id="-1014" lat="34.8261271" lon="10.7583464" /><node id="-1015" lat="34.8260341" lon="10.7584533" /><node id="-1016" lat="34.8269606" lon="10.7588085" /><node id="-1017" lat="34.8270134" lon="10.7588851" /><node id="-1018" lat="34.827075" lon="10.7589237" /><node id="-1019" lat="34.8263846" lon="10.7587557" /><node id="-1020" lat="34.8264573" lon="10.7586843" /><node id="-1021" lat="34.8264972" lon="10.7586067" /><node id="-1022" lat="34.8266783" lon="10.7579398" /><node id="-1023" lat="34.8267906" lon="10.7574747" /><node id="-1024" lat="34.8267926" lon="10.7573855" /><node id="-1025" lat="34.8267794" lon="10.7573077" /><node id="-1026" lat="34.8267607" lon="10.7572246" /><node id="-1027" lat="34.8258183" lon="10.7579702" /><node id="-1028" lat="34.8251259" lon="10.7607141" /><node id="-1029" lat="34.8253275" lon="10.7616622" /><node id="-1030" lat="34.8257171" lon="10.7633936" /><node id="-1031" lat="34.8263555" lon="10.7611797" /><node id="-1032" lat="34.8260111" lon="10.761382" /><node id="-1033" lat="34.8259332" lon="10.7614308" /><node id="-1034" lat="34.8258337" lon="10.7614888" /><node id="-1035" lat="34.8257627" lon="10.7615278" /><node id="-1036" lat="34.8256089" lon="10.7615503" /><node id="-1037" lat="34.8231993" lon="10.7622135" /><node id="-1038" lat="34.7506015" lon="10.7656515" /><node id="-1039" lat="34.7473592" lon="10.7646695" /><node id="-1040" lat="34.7470486" lon="10.7648259" /><node id="-1041" lat="34.7477405" lon="10.7613841" /><node id="-1042" lat="34.7479633" lon="10.761999" /><node id="-1043" lat="34.7479888" lon="10.7623638" /><node id="-1044" lat="34.7479954" lon="10.7627497" /><node id="-1045" lat="34.7479868" lon="10.7635181" /><node id="-1046" lat="34.7414639" lon="10.7623405" /><node id="-1047" lat="34.7416738" lon="10.7626393" /><node id="-1048" lat="34.7417869" lon="10.7628085" /><node id="-1049" lat="34.7418937" lon="10.7629991" /><node id="-1050" lat="34.7420636" lon="10.7632784" /><node id="-1051" lat="34.7422024" lon="10.7635418" /><node id="-1052" lat="34.74246" lon="10.7639757" /><node id="-1053" lat="34.742762" lon="10.7630939" /><node id="-1054" lat="34.7419788" lon="10.7637223" /><node id="-1055" lat="34.7418602" lon="10.7638181" /><node id="-1056" lat="34.7418359" lon="10.7638483" /><node id="-1057" lat="34.7418147" lon="10.7638829" /><node id="-1058" lat="34.7415877" lon="10.7629861" /><node id="-1059" lat="34.7413851" lon="10.7631516" /><node id="-1060" lat="34.741132" lon="10.763338" /><node id="-1061" lat="34.7409997" lon="10.7634315" /><node id="-1062" lat="34.7408164" lon="10.7630336" /><node id="-1063" lat="34.7409149" lon="10.763234" /><node id="-1064" lat="34.7411457" lon="10.7637637" /><node id="-1065" lat="34.7415365" lon="10.7633661" /><node id="-1066" lat="34.7413001" lon="10.7636066" /><node id="-1067" lat="34.7417307" lon="10.7635541" /><node id="-1068" lat="34.7415608" lon="10.7636877" /><node id="-1069" lat="34.7415035" lon="10.7637437" /><node id="-1070" lat="34.7414707" lon="10.7638032" /><node id="-1071" lat="34.742091" lon="10.7648672" /><node id="-1072" lat="34.742227" lon="10.7647152" /><node id="-1073" lat="34.7422946" lon="10.7646447" /><node id="-1074" lat="34.742347" lon="10.7646087" /><node id="-1075" lat="34.7423872" lon="10.7645946" /><node id="-1076" lat="34.7424418" lon="10.7646033" /><node id="-1077" lat="34.7430635" lon="10.7647913" /><node id="-1078" lat="34.7434128" lon="10.764904" /><node id="-1079" lat="34.7436248" lon="10.7649493" /><node id="-1080" lat="34.7436953" lon="10.7649735" /><node id="-1081" lat="34.7437715" lon="10.7650248" /><node id="-1082" lat="34.7440077" lon="10.7653074" /><node id="-1083" lat="34.7440736" lon="10.7653919" /><node id="-1084" lat="34.7440512" lon="10.7654234" /><node id="-1085" lat="34.7439295" lon="10.7655662" /><node id="-1086" lat="34.7438518" lon="10.7656608" /><node id="-1087" lat="34.7435118" lon="10.7660772" /><node id="-1088" lat="34.7432757" lon="10.7663496" /><node id="-1089" lat="34.7465736" lon="10.7669845" /><node id="-1090" lat="34.7458706" lon="10.7678179" /><node id="-1091" lat="34.7451362" lon="10.7686789" /><node id="-1092" lat="34.7443045" lon="10.7696371" /><node id="-1093" lat="34.7447381" lon="10.7655129" /><node id="-1094" lat="34.7449079" lon="10.7658069" /><node id="-1095" lat="34.7452734" lon="10.7659015" /><node id="-1096" lat="34.7456143" lon="10.7660197" /><node id="-1097" lat="34.7457591" lon="10.7660695" /><node id="-1098" lat="34.7460327" lon="10.7661637" /><node id="-1099" lat="34.7463081" lon="10.7662586" /><node id="-1100" lat="34.7548778" lon="10.775478" /><node id="-1101" lat="34.7548253" lon="10.7750051" /><node id="-1102" lat="34.7547194" lon="10.7740752" /><node id="-1103" lat="34.7546799" lon="10.7737512" /><node id="-1104" lat="34.7546302" lon="10.7733817" /><node id="-1105" lat="34.7545471" lon="10.7727358" /><node id="-1106" lat="34.7544622" lon="10.7720464" /><node id="-1107" lat="34.7543355" lon="10.7710151" /><node id="-1108" lat="34.7542212" lon="10.7699691" /><node id="-1109" lat="34.7541986" lon="10.7697109" /><node id="-1110" lat="34.7541734" lon="10.7693632" /><node id="-1111" lat="34.754163" lon="10.7691794" /><node id="-1112" lat="34.7536617" lon="10.7697964" /><node id="-1113" lat="34.7535934" lon="10.7697887" /><node id="-1114" lat="34.7535275" lon="10.7697655" /><node id="-1115" lat="34.7534383" lon="10.7697301" /><node id="-1116" lat="34.7530266" lon="10.7695107" /><node id="-1117" lat="34.7526104" lon="10.7693128" /><node id="-1118" lat="34.7517711" lon="10.768901" /><node id="-1119" lat="34.7511709" lon="10.768632" /><node id="-1120" lat="34.7508481" lon="10.768467" /><node id="-1121" lat="34.7505883" lon="10.7683468" /><node id="-1122" lat="34.749777" lon="10.7670827" /><node id="-1123" lat="34.7495373" lon="10.7678045" /><node id="-1124" lat="34.7495379" lon="10.7678676" /><node id="-1125" lat="34.749554" lon="10.7679201" /><node id="-1126" lat="34.749593" lon="10.7679628" /><node id="-1127" lat="34.750274" lon="10.7682686" /><node id="-1128" lat="34.7503192" lon="10.7682766" /><node id="-1129" lat="34.75035" lon="10.7682592" /><node id="-1130" lat="34.7503765" lon="10.7682256" /><node id="-1131" lat="34.7506453" lon="10.7675076" /><node id="-1132" lat="34.7504888" lon="10.770712" /><node id="-1133" lat="34.7503765" lon="10.7705806" /><node id="-1134" lat="34.7501946" lon="10.7703647" /><node id="-1135" lat="34.7499125" lon="10.770016" /><node id="-1136" lat="34.7495821" lon="10.7696082" /><node id="-1137" lat="34.7492638" lon="10.7692146" /><node id="-1138" lat="34.7490449" lon="10.7689571" /><node id="-1139" lat="34.7486288" lon="10.768463" /><node id="-1140" lat="34.7486007" lon="10.7684156" /><node id="-1141" lat="34.7486013" lon="10.7683624" /><node id="-1142" lat="34.7487055" lon="10.7680713" /><node id="-1143" lat="34.7488327" lon="10.76921" /><node id="-1144" lat="34.7486134" lon="10.7694775" /><node id="-1145" lat="34.7495764" lon="10.7688463" /><node id="-1146" lat="34.7505858" lon="10.7692304" /><node id="-1147" lat="34.7505654" lon="10.7692516" /><node id="-1148" lat="34.7505351" lon="10.7692657" /><node id="-1149" lat="34.7504948" lon="10.7692624" /><node id="-1150" lat="34.7499136" lon="10.7690224" /><node id="-1151" lat="34.750111" lon="10.7698092" /><node id="-1152" lat="34.7488525" lon="10.7676455" /><node id="-1153" lat="34.7480628" lon="10.7672611" /><node id="-1154" lat="34.747403" lon="10.7669466" /><node id="-1155" lat="34.7472439" lon="10.7671301" /><node id="-1156" lat="34.7491541" lon="10.77013" /><node id="-1157" lat="34.7520184" lon="10.7681597" /><node id="-1158" lat="34.7514442" lon="10.769851" /><node id="-1159" lat="34.7510019" lon="10.7712048" /><node id="-1160" lat="34.7509374" lon="10.7714195" /><node id="-1161" lat="34.7509305" lon="10.7714424" /><node id="-1162" lat="34.7509064" lon="10.7714949" /><node id="-1163" lat="34.7508766" lon="10.7715464" /><node id="-1164" lat="34.7505979" lon="10.7719063" /><node id="-1165" lat="34.7508734" lon="10.7695748" /><node id="-1166" lat="34.7473494" lon="10.7668824" /><node id="-1167" lat="34.7472415" lon="10.7667451" /><node id="-1168" lat="34.7471268" lon="10.7665985" /><node id="-1169" lat="34.7500183" lon="10.7687127" /><node id="-1170" lat="34.7498353" lon="10.7692758" /><node id="-1171" lat="34.7498169" lon="10.7693205" /><node id="-1172" lat="34.7497863" lon="10.769366" /><node id="-1173" lat="34.748184" lon="10.7663472" /><node id="-1174" lat="34.7483823" lon="10.7663288" /><node id="-1175" lat="34.7485132" lon="10.7663229" /><node id="-1176" lat="34.7487238" lon="10.7663361" /><node id="-1177" lat="34.7491197" lon="10.7663818" /><node id="-1178" lat="34.7495199" lon="10.7664463" /><node id="-1179" lat="34.7497533" lon="10.7664787" /><node id="-1180" lat="34.7500123" lon="10.7665039" /><node id="-1181" lat="34.7501693" lon="10.766511" /><node id="-1182" lat="34.7502693" lon="10.7665124" /><node id="-1183" lat="34.7503577" lon="10.766515" /><node id="-1184" lat="34.7505373" lon="10.7665147" /><node id="-1185" lat="34.7507079" lon="10.7665094" /><node id="-1186" lat="34.7510653" lon="10.7664925" /><node id="-1187" lat="34.7514052" lon="10.7664618" /><node id="-1188" lat="34.7515746" lon="10.7664475" /><node id="-1189" lat="34.7517692" lon="10.7664201" /><node id="-1190" lat="34.7519661" lon="10.7663886" /><node id="-1191" lat="34.7521499" lon="10.7663551" /><node id="-1192" lat="34.7524797" lon="10.7662698" /><node id="-1193" lat="34.7527163" lon="10.7662034" /><node id="-1194" lat="34.7529477" lon="10.7661313" /><node id="-1195" lat="34.7533276" lon="10.7659869" /><node id="-1196" lat="34.7538832" lon="10.765784" /><node id="-1197" lat="34.7540113" lon="10.7657461" /><node id="-1198" lat="34.7542206" lon="10.7656915" /><node id="-1199" lat="34.7521455" lon="10.766912" /><node id="-1200" lat="34.7521395" lon="10.7669684" /><node id="-1201" lat="34.7521296" lon="10.767018" /><node id="-1202" lat="34.7521136" lon="10.7670696" /><node id="-1203" lat="34.7519957" lon="10.7673854" /><node id="-1204" lat="34.7511622" lon="10.7670084" /><node id="-1205" lat="34.7509534" lon="10.7676486" /><node id="-1206" lat="34.7528381" lon="10.7676933" /><node id="-1207" lat="34.7528232" lon="10.7669798" /><node id="-1208" lat="34.752435" lon="10.7676054" /><node id="-1209" lat="34.7522391" lon="10.7682604" /><node id="-1210" lat="34.7536447" lon="10.7685588" /><node id="-1211" lat="34.7536421" lon="10.7689281" /><node id="-1212" lat="34.7503158" lon="10.7665613" /><node id="-1213" lat="34.7503682" lon="10.7666039" /><node id="-1214" lat="34.7525836" lon="10.7676679" /><node id="-1215" lat="34.7526538" lon="10.7676779" /><node id="-1216" lat="34.7527238" lon="10.767684" /><node id="-1217" lat="34.7531365" lon="10.7677093" /><node id="-1218" lat="34.7533108" lon="10.7677152" /><node id="-1219" lat="34.7533999" lon="10.7677352" /><node id="-1220" lat="34.7541829" lon="10.767736" /><node id="-1221" lat="34.7533097" lon="10.7687758" /><node id="-1222" lat="34.7510577" lon="10.7655677" /><node id="-1223" lat="34.7509353" lon="10.7655578" /><node id="-1224" lat="34.7508449" lon="10.7655585" /><node id="-1225" lat="34.7507875" lon="10.7655763" /><node id="-1226" lat="34.7507072" lon="10.7656047" /><node id="-1227" lat="34.7502171" lon="10.7659953" /><node id="-1228" lat="34.7497355" lon="10.763493" /><node id="-1229" lat="34.7499536" lon="10.7638657" /><node id="-1230" lat="34.7499756" lon="10.7638697" /><node id="-1231" lat="34.7499933" lon="10.7638711" /><node id="-1232" lat="34.7500131" lon="10.7638657" /><node id="-1233" lat="34.7500244" lon="10.763861" /><node id="-1234" lat="34.7502046" lon="10.7636981" /><node id="-1235" lat="34.7481021" lon="10.7654509" /><node id="-1236" lat="34.7475302" lon="10.7651424" /><node id="-1237" lat="34.7524293" lon="10.763462" /><node id="-1238" lat="34.7525053" lon="10.7629712" /><node id="-1239" lat="34.752194" lon="10.7629477" /><node id="-1240" lat="34.7519902" lon="10.7629225" /><node id="-1241" lat="34.7518486" lon="10.7629008" /><node id="-1242" lat="34.7523852" lon="10.7640722" /><node id="-1243" lat="34.7525053" lon="10.7643954" /><node id="-1244" lat="34.7526615" lon="10.7648546" /><node id="-1245" lat="34.7530059" lon="10.7648671" /><node id="-1246" lat="34.7525525" lon="10.7653011" /><node id="-1247" lat="34.7529922" lon="10.7653427" /><node id="-1248" lat="34.7530177" lon="10.7646549" /><node id="-1249" lat="34.7526618" lon="10.7647052" /><node id="-1250" lat="34.7526728" lon="10.764667" /><node id="-1251" lat="34.7526987" lon="10.7646543" /><node id="-1252" lat="34.7527262" lon="10.7646476" /><node id="-1253" lat="34.7531185" lon="10.7646603" /><node id="-1254" lat="34.7536265" lon="10.7646757" /><node id="-1255" lat="34.754238" lon="10.7646865" /><node id="-1256" lat="34.7529331" lon="10.7616138" /><node id="-1257" lat="34.7528742" lon="10.7625643" /><node id="-1258" lat="34.7533799" lon="10.762711" /><node id="-1259" lat="34.7527517" lon="10.7615689" /><node id="-1260" lat="34.7526617" lon="10.7624641" /><node id="-1261" lat="34.7503514" lon="10.7611074" /><node id="-1262" lat="34.7502999" lon="10.76127" /><node id="-1263" lat="34.7502426" lon="10.7614048" /><node id="-1264" lat="34.7500448" lon="10.7617353" /><node id="-1265" lat="34.750024" lon="10.761763" /><node id="-1266" lat="34.7499533" lon="10.7618568" /><node id="-1267" lat="34.7498222" lon="10.7619975" /><node id="-1268" lat="34.7497033" lon="10.7621192" /><node id="-1269" lat="34.7497979" lon="10.760998" /><node id="-1270" lat="34.7497539" lon="10.7615563" /><node id="-1271" lat="34.750965" lon="10.7612199" /><node id="-1272" lat="34.7508062" lon="10.7616522" /><node id="-1273" lat="34.7507698" lon="10.7617421" /><node id="-1274" lat="34.7507428" lon="10.7618044" /><node id="-1275" lat="34.7505533" lon="10.7622074" /><node id="-1276" lat="34.7492408" lon="10.7627196" /><node id="-1277" lat="34.7493968" lon="10.763" /><node id="-1278" lat="34.7494156" lon="10.7630564" /><node id="-1279" lat="34.7494194" lon="10.7631274" /><node id="-1280" lat="34.7493715" lon="10.7635979" /><node id="-1281" lat="34.7490397" lon="10.7591218" /><node id="-1282" lat="34.7490406" lon="10.7593324" /><node id="-1283" lat="34.7490587" lon="10.7597684" /><node id="-1284" lat="34.7490826" lon="10.7601973" /><node id="-1285" lat="34.7490971" lon="10.7606564" /><node id="-1286" lat="34.7491078" lon="10.7608069" /><node id="-1287" lat="34.7495632" lon="10.7609428" /><node id="-1288" lat="34.7496652" lon="10.7603111" /><node id="-1289" lat="34.7497683" lon="10.7597094" /><node id="-1290" lat="34.7501635" lon="10.7596427" /><node id="-1291" lat="34.7501684" lon="10.7598027" /><node id="-1292" lat="34.7500723" lon="10.7604218" /><node id="-1293" lat="34.7499759" lon="10.7610304" /><node id="-1294" lat="34.7505377" lon="10.760193" /><node id="-1295" lat="34.7505805" lon="10.7598988" /><node id="-1296" lat="34.750582" lon="10.7598884" /><node id="-1297" lat="34.7505891" lon="10.7597921" /><node id="-1298" lat="34.7505858" lon="10.7597143" /><node id="-1299" lat="34.7510753" lon="10.7598495" /><node id="-1300" lat="34.7513165" lon="10.7607432" /><node id="-1301" lat="34.7513498" lon="10.7610418" /><node id="-1302" lat="34.7513586" lon="10.7612983" /><node id="-1303" lat="34.7546486" lon="10.7613039" /><node id="-1304" lat="34.7546468" lon="10.7612392" /><node id="-1305" lat="34.7546418" lon="10.7611835" /><node id="-1306" lat="34.7546369" lon="10.7611175" /><node id="-1307" lat="34.7546206" lon="10.76103" /><node id="-1308" lat="34.7544184" lon="10.7600131" /><node id="-1309" lat="34.754384" lon="10.7598089" /><node id="-1310" lat="34.7543135" lon="10.7595031" /><node id="-1311" lat="34.754246" lon="10.7592235" /><node id="-1312" lat="34.7541802" lon="10.7589854" /><node id="-1313" lat="34.7541383" lon="10.7588299" /><node id="-1314" lat="34.7540898" lon="10.7587118" /><node id="-1315" lat="34.7540379" lon="10.7586323" /><node id="-1316" lat="34.7539862" lon="10.7585613" /><node id="-1317" lat="34.7538705" lon="10.7584396" /><node id="-1318" lat="34.7537471" lon="10.7583296" /><node id="-1319" lat="34.753681" lon="10.7582586" /><node id="-1320" lat="34.7536093" lon="10.7581727" /><node id="-1321" lat="34.7535596" lon="10.7580534" /><node id="-1322" lat="34.7535294" lon="10.7579379" /><node id="-1323" lat="34.7535366" lon="10.7578511" /><node id="-1324" lat="34.753559" lon="10.7577717" /><node id="-1325" lat="34.7546264" lon="10.7615552" /><node id="-1326" lat="34.7546159" lon="10.7617468" /><node id="-1327" lat="34.7546011" lon="10.7619087" /><node id="-1328" lat="34.7545829" lon="10.7619898" /><node id="-1329" lat="34.7545529" lon="10.7620865" /><node id="-1330" lat="34.7547236" lon="10.7621288" /><node id="-1331" lat="34.754719" lon="10.7618591" /><node id="-1332" lat="34.754698" lon="10.7615493" /><node id="-1333" lat="34.7546887" lon="10.7614846" /><node id="-1334" lat="34.7533308" lon="10.7584338" /><node id="-1335" lat="34.7536151" lon="10.7583195" /><node id="-1336" lat="34.7536518" lon="10.7585221" /><node id="-1337" lat="34.7536997" lon="10.7586951" /><node id="-1338" lat="34.753694" lon="10.7587474" /><node id="-1339" lat="34.7532563" lon="10.7589581" /><node id="-1340" lat="34.7531321" lon="10.7593289" /><node id="-1341" lat="34.7525877" lon="10.7596378" /><node id="-1342" lat="34.7524866" lon="10.7595953" /><node id="-1343" lat="34.7507175" lon="10.7590359" /><node id="-1344" lat="34.7509367" lon="10.7589367" /><node id="-1345" lat="34.75101" lon="10.7591464" /><node id="-1346" lat="34.751087" lon="10.7593857" /><node id="-1347" lat="34.7507894" lon="10.7595727" /><node id="-1348" lat="34.7508476" lon="10.7575455" /><node id="-1349" lat="34.7510343" lon="10.7580373" /><node id="-1350" lat="34.7491911" lon="10.7572992" /><node id="-1351" lat="34.7495428" lon="10.7581456" /><node id="-1352" lat="34.7496656" lon="10.7585078" /><node id="-1353" lat="34.7490988" lon="10.7579088" /><node id="-1354" lat="34.7537727" lon="10.7597345" /><node id="-1355" lat="34.7525833" lon="10.7603907" /><node id="-1356" lat="34.7531257" lon="10.7601596" /><node id="-1357" lat="34.7531499" lon="10.7601609" /><node id="-1358" lat="34.7531681" lon="10.7601683" /><node id="-1359" lat="34.7531846" lon="10.7601918" /><node id="-1360" lat="34.7531956" lon="10.7602139" /><node id="-1361" lat="34.7532865" lon="10.7604915" /><node id="-1362" lat="34.7532981" lon="10.7605116" /><node id="-1363" lat="34.7533141" lon="10.760517" /><node id="-1364" lat="34.7536975" lon="10.7604165" /><node id="-1365" lat="34.7534648" lon="10.7597813" /><node id="-1366" lat="34.7540424" lon="10.7613514" /><node id="-1367" lat="34.7542096" lon="10.7619923" /><node id="-1368" lat="34.7470746" lon="10.7579054" /><node id="-1369" lat="34.7471032" lon="10.7580004" /><node id="-1370" lat="34.7471114" lon="10.7580936" /><node id="-1371" lat="34.7470982" lon="10.7581855" /><node id="-1372" lat="34.7470415" lon="10.7582579" /><node id="-1373" lat="34.7466519" lon="10.7586206" /><node id="-1374" lat="34.745708" lon="10.7583999" /><node id="-1375" lat="34.7462761" lon="10.7579997" /><node id="-1376" lat="34.7464492" lon="10.7582827" /><node id="-1377" lat="34.745956" lon="10.7585858" /><node id="-1378" lat="34.7459092" lon="10.7586072" /><node id="-1379" lat="34.7458728" lon="10.7586153" /><node id="-1380" lat="34.7458398" lon="10.7586099" /><node id="-1381" lat="34.7458067" lon="10.7585844" /><node id="-1382" lat="34.7458268" lon="10.757655" /><node id="-1383" lat="34.7455466" lon="10.7578817" /><node id="-1384" lat="34.7455224" lon="10.7579139" /><node id="-1385" lat="34.7455169" lon="10.7579555" /><node id="-1386" lat="34.7455213" lon="10.7580037" /><node id="-1387" lat="34.7455356" lon="10.7580507" /><node id="-1388" lat="34.7897502" lon="10.7600887" /><node id="-1389" lat="34.7897453" lon="10.7602614" /><node id="-1390" lat="34.7897508" lon="10.7603389" /><node id="-1391" lat="34.789787" lon="10.7606089" /><node id="-1392" lat="34.789839" lon="10.7608298" /><node id="-1393" lat="34.7899441" lon="10.7611223" /><node id="-1394" lat="34.7901439" lon="10.7615214" /><node id="-1395" lat="34.7903485" lon="10.7619131" /><node id="-1396" lat="34.7906265" lon="10.7624086" /><node id="-1397" lat="34.79067" lon="10.7624375" /><node id="-1398" lat="34.7907146" lon="10.7624475" /><node id="-1399" lat="34.7907741" lon="10.762416" /><node id="-1400" lat="34.7910148" lon="10.7621732" /><node id="-1401" lat="34.7910875" lon="10.7621505" /><node id="-1402" lat="34.7911546" lon="10.7621766" /><node id="-1403" lat="34.7920404" lon="10.7634285" /><node id="-1404" lat="34.7921779" lon="10.763581" /><node id="-1405" lat="34.7922657" lon="10.7636187" /><node id="-1406" lat="34.7923286" lon="10.7636302" /><node id="-1407" lat="34.7924033" lon="10.7636341" /><node id="-1408" lat="34.7924576" lon="10.7636348" /><node id="-1409" lat="34.7925545" lon="10.7636441" /><node id="-1410" lat="34.7926397" lon="10.7636873" /><node id="-1411" lat="34.7927157" lon="10.7637457" /><node id="-1412" lat="34.7929219" lon="10.7639517" /><node id="-1413" lat="34.7931172" lon="10.7641353" /><node id="-1414" lat="34.7932156" lon="10.7642221" /><node id="-1415" lat="34.7932751" lon="10.764244" /><node id="-1416" lat="34.7932878" lon="10.7642456" /><node id="-1417" lat="34.7933429" lon="10.7642524" /><node id="-1418" lat="34.7934086" lon="10.7642443" /><node id="-1419" lat="34.793482" lon="10.7642338" /><node id="-1420" lat="34.7935523" lon="10.7642339" /><node id="-1421" lat="34.793613" lon="10.7642554" /><node id="-1422" lat="34.7936737" lon="10.7642963" /><node id="-1423" lat="34.7939049" lon="10.7645122" /><node id="-1424" lat="34.7940902" lon="10.7646928" /><node id="-1425" lat="34.7943315" lon="10.7649197" /><node id="-1426" lat="34.7946588" lon="10.7652835" /><node id="-1427" lat="34.7947151" lon="10.7653515" /><node id="-1428" lat="34.7948399" lon="10.7655028" /><node id="-1429" lat="34.7949931" lon="10.7656946" /><node id="-1430" lat="34.7950338" lon="10.7657467" /><node id="-1431" lat="34.7950736" lon="10.7657976" /><node id="-1432" lat="34.7954282" lon="10.7662005" /><node id="-1433" lat="34.7954904" lon="10.7662656" /><node id="-1434" lat="34.7956738" lon="10.7664583" /><node id="-1435" lat="34.7959994" lon="10.7667766" /><node id="-1436" lat="34.796339" lon="10.7670998" /><node id="-1437" lat="34.7965301" lon="10.7673079" /><node id="-1438" lat="34.7965595" lon="10.7673437" /><node id="-1439" lat="34.7968728" lon="10.767765" /><node id="-1440" lat="34.7970558" lon="10.7679728" /><node id="-1441" lat="34.7974416" lon="10.7684055" /><node id="-1442" lat="34.7976232" lon="10.7686138" /><node id="-1443" lat="34.7977871" lon="10.7688018" /><node id="-1444" lat="34.7980445" lon="10.7691161" /><node id="-1445" lat="34.7983826" lon="10.7695426" /><node id="-1446" lat="34.798838" lon="10.7700683" /><node id="-1447" lat="34.7989335" lon="10.7701366" /><node id="-1448" lat="34.8566004" lon="10.7600997" /><node id="-1449" lat="34.8567661" lon="10.760029" /><node id="-1450" lat="34.8568648" lon="10.759992" /><node id="-1451" lat="34.8569493" lon="10.759979" /><node id="-1452" lat="34.8570417" lon="10.7599754" /><node id="-1453" lat="34.8571768" lon="10.7599647" /><node id="-1454" lat="34.8572475" lon="10.7599547" /><node id="-1455" lat="34.8573133" lon="10.7599376" /><node id="-1456" lat="34.8573971" lon="10.7599069" /><node id="-1457" lat="34.857492" lon="10.7598745" /><node id="-1458" lat="34.8576189" lon="10.7598046" /><node id="-1459" lat="34.8574734" lon="10.7598311" /><node id="-1460" lat="34.8573075" lon="10.759873" /><node id="-1461" lat="34.8571951" lon="10.7598816" /><node id="-1462" lat="34.8571096" lon="10.7598845" /><node id="-1463" lat="34.8570264" lon="10.7598752" /><node id="-1464" lat="34.8569581" lon="10.7598611" /><node id="-1465" lat="34.8568899" lon="10.7598238" /><node id="-1466" lat="34.8568198" lon="10.7597828" /><node id="-1467" lat="34.8567514" lon="10.7597225" /><node id="-1468" lat="34.856662" lon="10.7596235" /><node id="-1469" lat="34.8559584" lon="10.7598477" /><node id="-1470" lat="34.8559052" lon="10.7599628" /><node id="-1471" lat="34.8558656" lon="10.7600439" /><node id="-1472" lat="34.8558202" lon="10.760124" /><node id="-1473" lat="34.855775" lon="10.7601817" /><node id="-1474" lat="34.855709" lon="10.7602514" /><node id="-1475" lat="34.8556034" lon="10.7603279" /><node id="-1476" lat="34.8555014" lon="10.7603984" /><node id="-1477" lat="34.8553892" lon="10.7604574" /><node id="-1478" lat="34.8551768" lon="10.7605656" /><node id="-1479" lat="34.7354288" lon="10.7649751" /><node id="-1480" lat="34.7355309" lon="10.764918" /><node id="-1481" lat="34.7356513" lon="10.7648579" /><node id="-1482" lat="34.7358636" lon="10.7647544" /><node id="-1483" lat="34.7392653" lon="10.7636984" /><node id="-1484" lat="34.7394798" lon="10.7636357" /><node id="-1485" lat="34.7397083" lon="10.763612" /><node id="-1486" lat="34.7373766" lon="10.7570642" /><node id="-1487" lat="34.7373657" lon="10.7571173" /><node id="-1488" lat="34.7373454" lon="10.7571589" /><node id="-1489" lat="34.7372068" lon="10.757287" /><node id="-1490" lat="34.7371144" lon="10.7573725" /><node id="-1491" lat="34.7370545" lon="10.7574279" /><node id="-1492" lat="34.7370327" lon="10.757473" /><node id="-1493" lat="34.7370278" lon="10.7575169" /><node id="-1494" lat="34.737035" lon="10.7575485" /><node id="-1495" lat="34.7371634" lon="10.757787" /><node id="-1496" lat="34.7373233" lon="10.7580832" /><node id="-1497" lat="34.7374533" lon="10.7583268" /><node id="-1498" lat="34.7374947" lon="10.7584039" /><node id="-1499" lat="34.7375198" lon="10.7584195" /><node id="-1500" lat="34.737552" lon="10.758424" /><node id="-1501" lat="34.7376819" lon="10.7584143" /><node id="-1502" lat="34.737814" lon="10.7584044" /><node id="-1503" lat="34.738021" lon="10.7583889" /><node id="-1504" lat="34.7718806" lon="10.7523824" /><node id="-1505" lat="34.7721841" lon="10.7532542" /><node id="-1506" lat="34.772259" lon="10.753467" /><node id="-1507" lat="34.7725029" lon="10.754119" /><node id="-1508" lat="34.7725871" lon="10.7543471" /><node id="-1509" lat="34.7727901" lon="10.7549487" /><node id="-1510" lat="34.7728956" lon="10.7552222" /><node id="-1511" lat="34.7729359" lon="10.7553157" /><node id="-1512" lat="34.7730044" lon="10.7554747" /><node id="-1513" lat="34.7731007" lon="10.7556822" /><node id="-1514" lat="34.7732963" lon="10.7560658" /><node id="-1515" lat="34.773365" lon="10.7561959" /><node id="-1516" lat="34.7735084" lon="10.7564749" /><node id="-1517" lat="34.7735315" lon="10.75652" /><node id="-1518" lat="34.7735517" lon="10.7565579" /><node id="-1519" lat="34.7737807" lon="10.7569972" /><node id="-1520" lat="34.7739633" lon="10.7573133" /><node id="-1521" lat="34.7744089" lon="10.758052" /><node id="-1522" lat="34.774581" lon="10.7582764" /><node id="-1523" lat="34.774884" lon="10.7587889" /><node id="-1524" lat="34.7749994" lon="10.7590088" /><node id="-1525" lat="34.7751869" lon="10.7594183" /><node id="-1526" lat="34.7753192" lon="10.7596752" /><node id="-1527" lat="34.7755809" lon="10.7604892" /><node id="-1528" lat="34.7755942" lon="10.7605305" /><node id="-1529" lat="34.7756304" lon="10.7606792" /><node id="-1530" lat="34.7756581" lon="10.7608581" /><node id="-1531" lat="34.7756729" lon="10.761004" /><node id="-1532" lat="34.7541662" lon="10.768971" /><node id="-1533" lat="34.7541678" lon="10.7686967" /><node id="-1534" lat="34.7541792" lon="10.767977" /><node id="-1535" lat="34.7541818" lon="10.767775" /><node id="-1536" lat="34.7541981" lon="10.767134" /><node id="-1537" lat="34.7542189" lon="10.7661618" /><node id="-1538" lat="34.7542246" lon="10.7658962" /><node id="-1539" lat="34.7542282" lon="10.7655618" /><node id="-1540" lat="34.7542297" lon="10.7654878" /><node id="-1541" lat="34.7542343" lon="10.7650526" /><node id="-1542" lat="34.7542538" lon="10.7642171" /><node id="-1543" lat="34.7542622" lon="10.7632528" /><node id="-1544" lat="34.7542937" lon="10.7623071" /><node id="-1545" lat="34.7542961" lon="10.7622343" /><node id="-1546" lat="34.7543096" lon="10.762021" /><node id="-1547" lat="34.8041257" lon="10.769592" /><node id="-1548" lat="34.804537" lon="10.7702723" /><node id="-1549" lat="34.7991474" lon="10.7700703" /><node id="-1550" lat="34.7990401" lon="10.7699862" /><node id="-1551" lat="34.7572774" lon="10.7627348" /><node id="-1552" lat="34.7573087" lon="10.7630959" /><node id="-1553" lat="34.7573367" lon="10.7632798" /><node id="-1554" lat="34.7573825" lon="10.7634595" /><node id="-1555" lat="34.7574284" lon="10.7635995" /><node id="-1556" lat="34.7574895" lon="10.7637494" /><node id="-1557" lat="34.7577126" lon="10.7641609" /><node id="-1558" lat="34.7577632" lon="10.7642549" /><node id="-1559" lat="34.757819" lon="10.7643526" /><node id="-1560" lat="34.7581629" lon="10.7650201" /><node id="-1561" lat="34.75821" lon="10.7651077" /><node id="-1562" lat="34.7583198" lon="10.7653085" /><node id="-1563" lat="34.7586445" lon="10.7659271" /><node id="-1564" lat="34.7587346" lon="10.7660959" /><node id="-1565" lat="34.7588607" lon="10.7662971" /><node id="-1566" lat="34.7589257" lon="10.766442" /><node id="-1567" lat="34.759052" lon="10.7666525" /><node id="-1568" lat="34.7591086" lon="10.7667551" /><node id="-1569" lat="34.7592024" lon="10.766932" /><node id="-1570" lat="34.7592141" lon="10.7669536" /><node id="-1571" lat="34.7594017" lon="10.7672869" /><node id="-1572" lat="34.7594116" lon="10.767306" /><node id="-1573" lat="34.759448" lon="10.7673848" /><node id="-1574" lat="34.7594748" lon="10.767451" /><node id="-1575" lat="34.759492" lon="10.7674934" /><node id="-1576" lat="34.7595345" lon="10.7676262" /><node id="-1577" lat="34.7595452" lon="10.7676683" /><node id="-1578" lat="34.759559" lon="10.767711" /><node id="-1579" lat="34.7596123" lon="10.7679216" /><node id="-1580" lat="34.7597324" lon="10.7682752" /><node id="-1581" lat="34.7597451" lon="10.7683145" /><node id="-1582" lat="34.7598652" lon="10.7685999" /><node id="-1583" lat="34.7600515" lon="10.7689556" /><node id="-1584" lat="34.7603457" lon="10.7694633" /><node id="-1585" lat="34.7605442" lon="10.7697588" /><node id="-1586" lat="34.760783" lon="10.7700597" /><node id="-1587" lat="34.7607936" lon="10.7701208" /><node id="-1588" lat="34.7608007" lon="10.7701733" /><node id="-1589" lat="34.7612968" lon="10.7707952" /><node id="-1590" lat="34.7614201" lon="10.7709495" /><node id="-1591" lat="34.7618234" lon="10.7713236" /><node id="-1592" lat="34.7618939" lon="10.771325" /><node id="-1593" lat="34.7556281" lon="10.7712184" /><node id="-1594" lat="34.7555227" lon="10.7709078" /><node id="-1595" lat="34.7553481" lon="10.7704385" /><node id="-1596" lat="34.755314" lon="10.7703955" /><node id="-1597" lat="34.755271" lon="10.7703593" /><node id="-1598" lat="34.7550187" lon="10.7702413" /><node id="-1599" lat="34.7546016" lon="10.7700589" /><node id="-1600" lat="34.7543317" lon="10.7699516" /><node id="-1601" lat="34.7574195" lon="10.7650519" /><node id="-1602" lat="34.7569607" lon="10.7653827" /><node id="-1603" lat="34.7582897" lon="10.7665207" /><node id="-1604" lat="34.7580278" lon="10.7660423" /><node id="-1605" lat="34.757998" lon="10.7660269" /><node id="-1606" lat="34.7579638" lon="10.7660383" /><node id="-1607" lat="34.7579385" lon="10.766051" /><node id="-1608" lat="34.7572906" lon="10.7665566" /><node id="-1609" lat="34.7572752" lon="10.7665875" /><node id="-1610" lat="34.7572758" lon="10.7666223" /><node id="-1611" lat="34.7572895" lon="10.7666639" /><node id="-1612" lat="34.7575525" lon="10.7671916" /><node id="-1613" lat="34.7573836" lon="10.7673161" /><node id="-1614" lat="34.7577242" lon="10.7679641" /><node id="-1615" lat="34.7586271" lon="10.7673854" /><node id="-1616" lat="34.7585302" lon="10.7674532" /><node id="-1617" lat="34.7584294" lon="10.7675229" /><node id="-1618" lat="34.7583038" lon="10.7675541" /><node id="-1619" lat="34.7571011" lon="10.7658346" /><node id="-1620" lat="34.7563311" lon="10.7664301" /><node id="-1621" lat="34.7567497" lon="10.7647411" /><node id="-1622" lat="34.7552054" lon="10.7670286" /><node id="-1623" lat="34.7550396" lon="10.7653585" /><node id="-1624" lat="34.7550133" lon="10.7659353" /><node id="-1625" lat="34.7550072" lon="10.7659975" /><node id="-1626" lat="34.7549802" lon="10.7663578" /><node id="-1627" lat="34.754991" lon="10.7664283" /><node id="-1628" lat="34.7550201" lon="10.7665159" /><node id="-1629" lat="34.7555266" lon="10.7676926" /><node id="-1630" lat="34.7557318" lon="10.7680713" /><node id="-1631" lat="34.7559018" lon="10.7684248" /><node id="-1632" lat="34.7562379" lon="10.7690753" /><node id="-1633" lat="34.7564685" lon="10.7695906" /><node id="-1634" lat="34.7579389" lon="10.7668702" /><node id="-1635" lat="34.7578482" lon="10.7669563" /><node id="-1636" lat="34.7577528" lon="10.7670358" /><node id="-1637" lat="34.7569295" lon="10.7676392" /><node id="-1638" lat="34.7558367" lon="10.7685096" /><node id="-1639" lat="34.7556401" lon="10.7689657" /><node id="-1640" lat="34.7554397" lon="10.7694458" /><node id="-1641" lat="34.7553473" lon="10.7697606" /><node id="-1642" lat="34.7566938" lon="10.7671499" /><node id="-1643" lat="34.7560105" lon="10.7655893" /><node id="-1644" lat="34.755463" lon="10.7657893" /><node id="-1645" lat="34.7549674" lon="10.7680513" /><node id="-1646" lat="34.7649021" lon="10.7622971" /><node id="-1647" lat="34.7649096" lon="10.7624556" /><node id="-1648" lat="34.7649244" lon="10.7625163" /><node id="-1649" lat="34.7649871" lon="10.7628512" /><node id="-1650" lat="34.7650261" lon="10.7630342" /><node id="-1651" lat="34.7651539" lon="10.7635385" /><node id="-1652" lat="34.7652368" lon="10.7638272" /><node id="-1653" lat="34.7653296" lon="10.7641405" /><node id="-1654" lat="34.765456" lon="10.7641081" /><node id="-1655" lat="34.765618" lon="10.7640696" /><node id="-1656" lat="34.7656842" lon="10.76411" /><node id="-1657" lat="34.7656938" lon="10.7641916" /><node id="-1658" lat="34.7657169" lon="10.7645778" /><node id="-1659" lat="34.7657272" lon="10.7647253" /><node id="-1660" lat="34.7657378" lon="10.7649627" /><node id="-1661" lat="34.7657799" lon="10.7655598" /><node id="-1662" lat="34.7658072" lon="10.765872" /><node id="-1663" lat="34.7658139" lon="10.7659149" /><node id="-1664" lat="34.7658326" lon="10.7659565" /><node id="-1665" lat="34.7660835" lon="10.7662031" /><node id="-1666" lat="34.7661848" lon="10.766292" /><node id="-1667" lat="34.7664379" lon="10.7666031" /><node id="-1668" lat="34.766569" lon="10.7667682" /><node id="-1669" lat="34.7668354" lon="10.7670927" /><node id="-1670" lat="34.7671356" lon="10.7674648" /><node id="-1671" lat="34.7672419" lon="10.7676363" /><node id="-1672" lat="34.7673353" lon="10.7678179" /><node id="-1673" lat="34.7673695" lon="10.767885" /><node id="-1674" lat="34.767408" lon="10.7679749" /><node id="-1675" lat="34.7675281" lon="10.7682779" /><node id="-1676" lat="34.7675689" lon="10.7683772" /><node id="-1677" lat="34.7676074" lon="10.7684603" /><node id="-1678" lat="34.7677031" lon="10.7686146" /><node id="-1679" lat="34.7663086" lon="10.7667542" /><node id="-1680" lat="34.7659818" lon="10.7671284" /><node id="-1681" lat="34.7654777" lon="10.7677602" /><node id="-1682" lat="34.7654234" lon="10.7678282" /><node id="-1683" lat="34.7652306" lon="10.7680549" /><node id="-1684" lat="34.7651136" lon="10.7681707" /><node id="-1685" lat="34.7650066" lon="10.7682777" /><node id="-1686" lat="34.7648864" lon="10.768396" /><node id="-1687" lat="34.7647767" lon="10.7685039" /><node id="-1688" lat="34.7646306" lon="10.7686404" /><node id="-1689" lat="34.7645285" lon="10.7687306" /><node id="-1690" lat="34.7644444" lon="10.7687733" /><node id="-1691" lat="34.7717267" lon="10.7658974" /><node id="-1692" lat="34.7713702" lon="10.7662773" /><node id="-1693" lat="34.7710607" lon="10.7665887" /><node id="-1694" lat="34.7705874" lon="10.7670928" /><node id="-1695" lat="34.770449" lon="10.7672648" /><node id="-1696" lat="34.770391" lon="10.7673784" /><node id="-1697" lat="34.7703444" lon="10.7674331" /><node id="-1698" lat="34.7700934" lon="10.7676678" /><node id="-1699" lat="34.7699511" lon="10.7678595" /><node id="-1700" lat="34.7698043" lon="10.7680237" /><node id="-1701" lat="34.7697831" lon="10.7680666" /><node id="-1702" lat="34.7697108" lon="10.7681416" /><node id="-1703" lat="34.7696014" lon="10.7682594" /><node id="-1704" lat="34.7694221" lon="10.7684401" /><node id="-1705" lat="34.7693768" lon="10.7684522" /><node id="-1706" lat="34.7690026" lon="10.7688394" /><node id="-1707" lat="34.7687481" lon="10.7690927" /><node id="-1708" lat="34.7685548" lon="10.7692972" /><node id="-1709" lat="34.7684425" lon="10.7694648" /><node id="-1710" lat="34.7683844" lon="10.7695366" /><node id="-1711" lat="34.759635" lon="10.7692693" /><node id="-1712" lat="34.7595538" lon="10.7693374" /><node id="-1713" lat="34.759402" lon="10.7694831" /><node id="-1714" lat="34.7592842" lon="10.7696" /><node id="-1715" lat="34.759203" lon="10.7696933" /><node id="-1716" lat="34.7591485" lon="10.7697682" /><node id="-1717" lat="34.7591016" lon="10.7698402" /><node id="-1718" lat="34.7590382" lon="10.7699494" /><node id="-1719" lat="34.7588113" lon="10.770356" /><node id="-1720" lat="34.7587178" lon="10.7705389" /><node id="-1721" lat="34.7585895" lon="10.7707704" /><node id="-1722" lat="34.7584464" lon="10.7710998" /><node id="-1723" lat="34.7583901" lon="10.77124" /><node id="-1724" lat="34.7529727" lon="10.7669074" /><node id="-1725" lat="34.7704854" lon="10.7615685" /><node id="-1726" lat="34.7705833" lon="10.7620061" /><node id="-1727" lat="34.7706616" lon="10.7623932" /><node id="-1728" lat="34.7707235" lon="10.7626858" /><node id="-1729" lat="34.7707882" lon="10.762946" /><node id="-1730" lat="34.7708589" lon="10.7632931" /><node id="-1731" lat="34.7708975" lon="10.7635357" /><node id="-1732" lat="34.7709107" lon="10.7636018" /><node id="-1733" lat="34.7709838" lon="10.7640002" /><node id="-1734" lat="34.7710392" lon="10.7644393" /><node id="-1735" lat="34.7710822" lon="10.7646419" /><node id="-1736" lat="34.7711159" lon="10.7647623" /><node id="-1737" lat="34.7711512" lon="10.7648639" /><node id="-1738" lat="34.7712219" lon="10.7650537" /><node id="-1739" lat="34.7713132" lon="10.7652345" /><node id="-1740" lat="34.7715371" lon="10.7656105" /><node id="-1741" lat="34.7720015" lon="10.7662743" /><node id="-1742" lat="34.760499" lon="10.7650604" /><node id="-1743" lat="34.7603428" lon="10.7653999" /><node id="-1744" lat="34.7601896" lon="10.7656277" /><node id="-1745" lat="34.7600385" lon="10.7658727" /><node id="-1746" lat="34.7599708" lon="10.7660021" /><node id="-1747" lat="34.7599361" lon="10.7660577" /><node id="-1748" lat="34.7598352" lon="10.7661818" /><node id="-1749" lat="34.7597867" lon="10.7662427" /><node id="-1750" lat="34.7596187" lon="10.766454" /><node id="-1751" lat="34.7593863" lon="10.766737" /><node id="-1752" lat="34.764169" lon="10.7626413" /><node id="-1753" lat="34.7642447" lon="10.7629636" /><node id="-1754" lat="34.7642803" lon="10.7631187" /><node id="-1755" lat="34.7644566" lon="10.7640065" /><node id="-1756" lat="34.7644731" lon="10.7640789" /><node id="-1757" lat="34.7637757" lon="10.7650579" /><node id="-1758" lat="34.7633985" lon="10.7653651" /><node id="-1759" lat="34.7631256" lon="10.7655891" /><node id="-1760" lat="34.7629884" lon="10.765687" /><node id="-1761" lat="34.7627545" lon="10.7659017" /><node id="-1762" lat="34.7625647" lon="10.7661223" /><node id="-1763" lat="34.7641734" lon="10.7641876" /><node id="-1764" lat="34.7635102" lon="10.7644008" /><node id="-1765" lat="34.7633724" lon="10.764441" /><node id="-1766" lat="34.7632601" lon="10.7644853" /><node id="-1767" lat="34.7631683" lon="10.7645045" /><node id="-1768" lat="34.7630251" lon="10.7645861" /><node id="-1769" lat="34.7629038" lon="10.7646579" /><node id="-1770" lat="34.7626642" lon="10.7647883" /><node id="-1771" lat="34.7624988" lon="10.7648804" /><node id="-1772" lat="34.7624391" lon="10.7649158" /><node id="-1773" lat="34.7623403" lon="10.7649916" /><node id="-1774" lat="34.7621158" lon="10.7651451" /><node id="-1775" lat="34.7617709" lon="10.7653818" /><node id="-1776" lat="34.7615665" lon="10.7655426" /><node id="-1777" lat="34.755574" lon="10.763859" /><node id="-1778" lat="34.7552076" lon="10.7639012" /><node id="-1779" lat="34.7551779" lon="10.76392" /><node id="-1780" lat="34.7551603" lon="10.7639509" /><node id="-1781" lat="34.7551492" lon="10.7639931" /><node id="-1782" lat="34.755168" lon="10.7646938" /><node id="-1783" lat="34.7551779" lon="10.7647294" /><node id="-1784" lat="34.7551999" lon="10.7647502" /><node id="-1785" lat="34.7552407" lon="10.7647535" /><node id="-1786" lat="34.7552787" lon="10.7647488" /><node id="-1787" lat="34.7557773" lon="10.7646241" /><node id="-1788" lat="34.7734628" lon="10.7647626" /><node id="-1789" lat="34.7734131" lon="10.7647032" /><node id="-1790" lat="34.7624514" lon="10.7675417" /><node id="-1791" lat="34.7622619" lon="10.7676865" /><node id="-1792" lat="34.7620933" lon="10.7678112" /><node id="-1793" lat="34.7619748" lon="10.7678924" /><node id="-1794" lat="34.7618564" lon="10.7679735" /><node id="-1795" lat="34.7616824" lon="10.7681184" /><node id="-1796" lat="34.7615424" lon="10.7682471" /><node id="-1797" lat="34.7615043" lon="10.768266" /><node id="-1798" lat="34.7612362" lon="10.7686105" /><node id="-1799" lat="34.7611348" lon="10.7687406" /><node id="-1800" lat="34.7610467" lon="10.7688412" /><node id="-1801" lat="34.7609497" lon="10.7689431" /><node id="-1802" lat="34.7607965" lon="10.7690947" /><node id="-1803" lat="34.817101" lon="10.7665072" /><node id="-1804" lat="34.8165119" lon="10.7651398" /><node id="-1805" lat="34.8164789" lon="10.7650714" /><node id="-1806" lat="34.8160681" lon="10.7652481" /><node id="-1807" lat="34.8159531" lon="10.7652859" /><node id="-1808" lat="34.8163445" lon="10.7681465" /><node id="-1809" lat="34.8154966" lon="10.7689401" /><node id="-1810" lat="34.8165546" lon="10.7669551" /><node id="-1811" lat="34.8173637" lon="10.7663267" /><node id="-1812" lat="34.8173787" lon="10.7662656" /><node id="-1813" lat="34.8174572" lon="10.7661728" /><node id="-1814" lat="34.8176052" lon="10.7660172" /><node id="-1815" lat="34.8176827" lon="10.7658898" /><node id="-1816" lat="34.8178686" lon="10.7657073" /><node id="-1817" lat="34.7627577" lon="10.7698081" /><node id="-1818" lat="34.7626001" lon="10.7700361" /><node id="-1819" lat="34.7625858" lon="10.7700616" /><node id="-1820" lat="34.7625935" lon="10.7700898" /><node id="-1821" lat="34.7627026" lon="10.7702695" /><node id="-1822" lat="34.7627136" lon="10.7703097" /><node id="-1823" lat="34.7627092" lon="10.7703459" /><node id="-1824" lat="34.7626883" lon="10.7703795" /><node id="-1825" lat="34.7625279" lon="10.7705326" /><node id="-1826" lat="34.7621319" lon="10.7710353" /><node id="-1827" lat="34.7615646" lon="10.7696341" /><node id="-1828" lat="34.7620517" lon="10.769144" /><node id="-1829" lat="34.7620925" lon="10.7691004" /><node id="-1830" lat="34.7620973" lon="10.7690895" /><node id="-1831" lat="34.7620988" lon="10.7690769" /><node id="-1832" lat="34.7620975" lon="10.7690625" /><node id="-1833" lat="34.7620889" lon="10.7690451" /><node id="-1834" lat="34.7619865" lon="10.7688277" /><node id="-1835" lat="34.7636459" lon="10.7673108" /><node id="-1836" lat="34.7632227" lon="10.7677163" /><node id="-1837" lat="34.7629198" lon="10.7679667" /><node id="-1838" lat="34.7628506" lon="10.7680079" /><node id="-1839" lat="34.762802" lon="10.7680369" /><node id="-1840" lat="34.7627142" lon="10.7680838" /><node id="-1841" lat="34.7622766" lon="10.7683994" /><node id="-1842" lat="34.7622587" lon="10.7684133" /><node id="-1843" lat="34.7622219" lon="10.7684785" /><node id="-1844" lat="34.7622178" lon="10.7686065" /><node id="-1845" lat="34.7614796" lon="10.7672761" /><node id="-1846" lat="34.7615722" lon="10.7674626" /><node id="-1847" lat="34.7620742" lon="10.7702771" /><node id="-1848" lat="34.7618505" lon="10.7699949" /><node id="-1849" lat="34.7614948" lon="10.7695552" /><node id="-1850" lat="34.7614275" lon="10.7695476" /><node id="-1851" lat="34.7590813" lon="10.7646473" /><node id="-1852" lat="34.7589445" lon="10.7647408" /><node id="-1853" lat="34.7587794" lon="10.7648322" /><node id="-1854" lat="34.7585825" lon="10.7649334" /><node id="-1855" lat="34.7600895" lon="10.7648974" /><node id="-1856" lat="34.7598964" lon="10.7651411" /><node id="-1857" lat="34.7598633" lon="10.765174" /><node id="-1858" lat="34.7598132" lon="10.7652088" /><node id="-1859" lat="34.7597328" lon="10.7652343" /><node id="-1860" lat="34.7596977" lon="10.7652481" /><node id="-1861" lat="34.759654" lon="10.7652464" /><node id="-1862" lat="34.7596208" lon="10.7652463" /><node id="-1863" lat="34.7591789" lon="10.764894" /><node id="-1864" lat="34.7593151" lon="10.7651627" /><node id="-1865" lat="34.7588417" lon="10.7656992" /><node id="-1866" lat="34.7598973" lon="10.7672397" /><node id="-1867" lat="34.7597912" lon="10.767414" /><node id="-1868" lat="34.7597381" lon="10.767513" /><node id="-1869" lat="34.7596878" lon="10.7675987" /><node id="-1870" lat="34.7596476" lon="10.7676455" /><node id="-1871" lat="34.7608912" lon="10.7682634" /><node id="-1872" lat="34.7608546" lon="10.768285" /><node id="-1873" lat="34.7608209" lon="10.7682861" /><node id="-1874" lat="34.7605575" lon="10.7678881" /><node id="-1875" lat="34.7604753" lon="10.7677499" /><node id="-1876" lat="34.7602057" lon="10.7674904" /><node id="-1877" lat="34.7603238" lon="10.7681248" /><node id="-1878" lat="34.760092" lon="10.7683814" /><node id="-1879" lat="34.7602618" lon="10.7678051" /><node id="-1880" lat="34.7599992" lon="10.7680791" /><node id="-1881" lat="34.7648355" lon="10.7651719" /><node id="-1882" lat="34.7648631" lon="10.765188" /><node id="-1883" lat="34.7648917" lon="10.7651934" /><node id="-1884" lat="34.7650603" lon="10.7651639" /><node id="-1885" lat="34.7652167" lon="10.7651129" /><node id="-1886" lat="34.7653434" lon="10.7650727" /><node id="-1887" lat="34.7654867" lon="10.7650325" /><node id="-1888" lat="34.7656089" lon="10.7649976" /><node id="-1889" lat="34.759514" lon="10.7627411" /><node id="-1890" lat="34.7595274" lon="10.7629621" /><node id="-1891" lat="34.7595595" lon="10.7631305" /><node id="-1892" lat="34.7595796" lon="10.7632257" /><node id="-1893" lat="34.7596019" lon="10.7633232" /><node id="-1894" lat="34.759632" lon="10.7634483" /><node id="-1895" lat="34.7596638" lon="10.7635552" /><node id="-1896" lat="34.7596956" lon="10.7636558" /><node id="-1897" lat="34.7597691" lon="10.7638449" /><node id="-1898" lat="34.7597908" lon="10.763908" /><node id="-1899" lat="34.7598705" lon="10.76414" /><node id="-1900" lat="34.7599228" lon="10.7642982" /><node id="-1901" lat="34.759988" lon="10.7645448" /><node id="-1902" lat="34.7600515" lon="10.7647852" /><node id="-1903" lat="34.7601115" lon="10.7649195" /><node id="-1904" lat="34.7601437" lon="10.7649433" /><node id="-1905" lat="34.7601793" lon="10.7649611" /><node id="-1906" lat="34.7603008" lon="10.7650097" /><node id="-1907" lat="34.760823" lon="10.7651993" /><node id="-1908" lat="34.7612149" lon="10.7653733" /><node id="-1909" lat="34.7616895" lon="10.7656127" /><node id="-1910" lat="34.762009" lon="10.7657718" /><node id="-1911" lat="34.7622644" lon="10.7658967" /><node id="-1912" lat="34.7623858" lon="10.7659754" /><node id="-1913" lat="34.762503" lon="10.7660923" /><node id="-1914" lat="34.7627643" lon="10.7663098" /><node id="-1915" lat="34.7629733" lon="10.7664936" /><node id="-1916" lat="34.7630805" lon="10.7666217" /><node id="-1917" lat="34.7633758" lon="10.7669317" /><node id="-1918" lat="34.7634782" lon="10.7670551" /><node id="-1919" lat="34.763855" lon="10.7676932" /><node id="-1920" lat="34.764032" lon="10.7680415" /><node id="-1921" lat="34.7642126" lon="10.7683433" /><node id="-1922" lat="34.7643201" lon="10.7685262" /><node id="-1923" lat="34.7643513" lon="10.7688279" /><node id="-1924" lat="34.7642632" lon="10.7688767" /><node id="-1925" lat="34.764164" lon="10.7689404" /><node id="-1926" lat="34.7641095" lon="10.7689753" /><node id="-1927" lat="34.7640858" lon="10.7689974" /><node id="-1928" lat="34.7640726" lon="10.7690236" /><node id="-1929" lat="34.7640709" lon="10.7690538" /><node id="-1930" lat="34.7640765" lon="10.7690833" /><node id="-1931" lat="34.7640869" lon="10.7691168" /><node id="-1932" lat="34.7641167" lon="10.7691704" /><node id="-1933" lat="34.7641982" lon="10.7692992" /><node id="-1934" lat="34.7643437" lon="10.7695104" /><node id="-1935" lat="34.7644141" lon="10.769611" /><node id="-1936" lat="34.7644968" lon="10.7697384" /><node id="-1937" lat="34.7646058" lon="10.7698953" /><node id="-1938" lat="34.7646653" lon="10.7699999" /><node id="-1939" lat="34.7647116" lon="10.7700878" /><node id="-1940" lat="34.7647463" lon="10.7701716" /><node id="-1941" lat="34.7647816" lon="10.7702695" /><node id="-1942" lat="34.7648747" lon="10.7705498" /><node id="-1943" lat="34.7649319" lon="10.7707221" /><node id="-1944" lat="34.7649628" lon="10.7708099" /><node id="-1945" lat="34.7649881" lon="10.770877" /><node id="-1946" lat="34.7650118" lon="10.770934" /><node id="-1947" lat="34.7650377" lon="10.7709903" /><node id="-1948" lat="34.7650708" lon="10.7710467" /><node id="-1949" lat="34.7651137" lon="10.771111" /><node id="-1950" lat="34.7651692" lon="10.7711834" /><node id="-1951" lat="34.7653809" lon="10.7714979" /><node id="-1952" lat="34.765555" lon="10.7717534" /><node id="-1953" lat="34.7656734" lon="10.7719271" /><node id="-1954" lat="34.7658012" lon="10.7721236" /><node id="-1955" lat="34.7659637" lon="10.7723844" /><node id="-1956" lat="34.7668734" lon="10.7680156" /><node id="-1957" lat="34.7662625" lon="10.7686357" /><node id="-1958" lat="34.7657086" lon="10.7692079" /><node id="-1959" lat="34.7670987" lon="10.7712381" /><node id="-1960" lat="34.7668852" lon="10.7709539" /><node id="-1961" lat="34.7665229" lon="10.7704735" /><node id="-1962" lat="34.766339" lon="10.77025" /><node id="-1963" lat="34.7662428" lon="10.7701386" /><node id="-1964" lat="34.7661529" lon="10.7700339" /><node id="-1965" lat="34.766091" lon="10.7699329" /><node id="-1966" lat="34.7659158" lon="10.7696032" /><node id="-1967" lat="34.769142" lon="10.7666968" /><node id="-1968" lat="34.7691762" lon="10.7666914" /><node id="-1969" lat="34.7692114" lon="10.766674" /><node id="-1970" lat="34.7695112" lon="10.7664408" /><node id="-1971" lat="34.7696555" lon="10.7663391" /><node id="-1972" lat="34.7697391" lon="10.766287" /><node id="-1973" lat="34.7698277" lon="10.7662234" /><node id="-1974" lat="34.7704457" lon="10.76582" /><node id="-1975" lat="34.7704905" lon="10.7658078" /><node id="-1976" lat="34.7705243" lon="10.7658115" /><node id="-1977" lat="34.7705726" lon="10.7658522" /><node id="-1978" lat="34.7706218" lon="10.7659151" /><node id="-1979" lat="34.7695825" lon="10.7654155" /><node id="-1980" lat="34.769509" lon="10.765382" /><node id="-1981" lat="34.7684711" lon="10.7657231" /><node id="-1982" lat="34.7689252" lon="10.7631586" /><node id="-1983" lat="34.7688505" lon="10.7626896" /><node id="-1984" lat="34.7687461" lon="10.7618534" /><node id="-1985" lat="34.7552728" lon="10.7652465" /><node id="-1986" lat="34.7554476" lon="10.7651806" /><node id="-1987" lat="34.7558898" lon="10.7650457" /><node id="-1988" lat="34.7563658" lon="10.7648369" /><node id="-1989" lat="34.757127" lon="10.7645945" /><node id="-1990" lat="34.757408" lon="10.7644954" /><node id="-1991" lat="34.7584808" lon="10.7641017" /><node id="-1992" lat="34.7588247" lon="10.7639902" /><node id="-1993" lat="34.7591521" lon="10.7638684" /><node id="-1994" lat="34.7603263" lon="10.7634136" /><node id="-1995" lat="34.7605807" lon="10.7633134" /><node id="-1996" lat="34.7607114" lon="10.7632743" /><node id="-1997" lat="34.7609563" lon="10.7632059" /><node id="-1998" lat="34.7614025" lon="10.7630986" /><node id="-1999" lat="34.7618344" lon="10.7630302" /><node id="-2000" lat="34.7618436" lon="10.7630287" /><node id="-2001" lat="34.7624095" lon="10.7629363" /><node id="-2002" lat="34.7628095" lon="10.7628639" /><node id="-2003" lat="34.763389" lon="10.7627714" /><node id="-2004" lat="34.764089" lon="10.7626524" /><node id="-2005" lat="34.7645667" lon="10.7625675" /><node id="-2006" lat="34.7648728" lon="10.7625085" /><node id="-2007" lat="34.7652355" lon="10.7624642" /><node id="-2008" lat="34.7655432" lon="10.7624094" /><node id="-2009" lat="34.7657696" lon="10.7623711" /><node id="-2010" lat="34.7661738" lon="10.7622923" /><node id="-2011" lat="34.766447" lon="10.7622451" /><node id="-2012" lat="34.7666498" lon="10.7622048" /><node id="-2013" lat="34.7670235" lon="10.7621506" /><node id="-2014" lat="34.7679243" lon="10.7620044" /><node id="-2015" lat="34.7682513" lon="10.7619463" /><node id="-2016" lat="34.7691623" lon="10.7617942" /><node id="-2017" lat="34.7695611" lon="10.7617258" /><node id="-2018" lat="34.7707787" lon="10.7615256" /><node id="-2019" lat="34.7710358" lon="10.7614866" /><node id="-2020" lat="34.7713213" lon="10.7614601" /><node id="-2021" lat="34.7715763" lon="10.7614464" /><node id="-2022" lat="34.7717672" lon="10.761447" /><node id="-2023" lat="34.7719943" lon="10.7614459" /><node id="-2024" lat="34.7721722" lon="10.7614607" /><node id="-2025" lat="34.7722604" lon="10.7614639" /><node id="-2026" lat="34.7724649" lon="10.7614754" /><node id="-2027" lat="34.7725718" lon="10.7614593" /><node id="-2028" lat="34.7727218" lon="10.7614312" /><node id="-2029" lat="34.7734013" lon="10.7614324" /><node id="-2030" lat="34.7734441" lon="10.7614314" /><node id="-2031" lat="34.7736956" lon="10.7614254" /><node id="-2032" lat="34.7744324" lon="10.7613772" /><node id="-2033" lat="34.7637163" lon="10.7595586" /><node id="-2034" lat="34.764017" lon="10.7602675" /><node id="-2035" lat="34.7641888" lon="10.7606712" /><node id="-2036" lat="34.7643435" lon="10.7610366" /><node id="-2037" lat="34.76444" lon="10.7613069" /><node id="-2038" lat="34.7645502" lon="10.761622" /><node id="-2039" lat="34.764656" lon="10.7619493" /><node id="-2040" lat="34.7647484" lon="10.7623237" /><node id="-2041" lat="34.7624042" lon="10.7570175" /><node id="-2042" lat="34.7627777" lon="10.7579967" /><node id="-2043" lat="34.7628809" lon="10.7583249" /><node id="-2044" lat="34.7630718" lon="10.7588549" /><node id="-2045" lat="34.7633846" lon="10.7597311" /><node id="-2046" lat="34.763889" lon="10.7583461" /><node id="-2047" lat="34.765122" lon="10.7603547" /><node id="-2048" lat="34.7652685" lon="10.7607796" /><node id="-2049" lat="34.7653412" lon="10.7609904" /><node id="-2050" lat="34.7655142" lon="10.7614491" /><node id="-2051" lat="34.7656938" lon="10.7621728" /><node id="-2052" lat="34.7662433" lon="10.7608097" /><node id="-2053" lat="34.7665034" lon="10.7620181" /><node id="-2054" lat="34.769159" lon="10.7598223" /><node id="-2055" lat="34.7692257" lon="10.7596894" /><node id="-2056" lat="34.769229" lon="10.7596527" /><node id="-2057" lat="34.76912" lon="10.759137" /><node id="-2058" lat="34.7690176" lon="10.758689" /><node id="-2059" lat="34.7688754" lon="10.7580439" /><node id="-2060" lat="34.7687521" lon="10.7574485" /><node id="-2061" lat="34.7686463" lon="10.7570261" /><node id="-2062" lat="34.7685395" lon="10.7566567" /><node id="-2063" lat="34.7685091" lon="10.7565882" /><node id="-2064" lat="34.7684678" lon="10.7564923" /><node id="-2065" lat="34.7684439" lon="10.7564242" /><node id="-2066" lat="34.7683934" lon="10.7561995" /><node id="-2067" lat="34.7683157" lon="10.7558536" /><node id="-2068" lat="34.7681265" lon="10.7550113" /><node id="-2069" lat="34.7680118" lon="10.7545009" /><node id="-2070" lat="34.767969" lon="10.7543171" /><node id="-2071" lat="34.7693976" lon="10.761505" /><node id="-2072" lat="34.7692643" lon="10.7608804" /><node id="-2073" lat="34.7691453" lon="10.7604392" /><node id="-2074" lat="34.7691475" lon="10.7603896" /><node id="-2075" lat="34.7691674" lon="10.7603453" /><node id="-2076" lat="34.7692037" lon="10.7603104" /><node id="-2077" lat="34.7692753" lon="10.7602675" /><node id="-2078" lat="34.7693954" lon="10.760226" /><node id="-2079" lat="34.7699694" lon="10.7600529" /><node id="-2080" lat="34.7700013" lon="10.7600503" /><node id="-2081" lat="34.7700148" lon="10.7600565" /><node id="-2082" lat="34.7700273" lon="10.7600725" /><node id="-2083" lat="34.7700476" lon="10.7601066" /><node id="-2084" lat="34.770182" lon="10.7605559" /><node id="-2085" lat="34.7701818" lon="10.7605724" /><node id="-2086" lat="34.770177" lon="10.7605892" /><node id="-2087" lat="34.7701691" lon="10.7606062" /><node id="-2088" lat="34.7701589" lon="10.7606176" /><node id="-2089" lat="34.7712225" lon="10.7590109" /><node id="-2090" lat="34.7711393" lon="10.7590632" /><node id="-2091" lat="34.7710809" lon="10.7591028" /><node id="-2092" lat="34.7710695" lon="10.7591125" /><node id="-2093" lat="34.7710595" lon="10.7591262" /><node id="-2094" lat="34.7710549" lon="10.7591438" /><node id="-2095" lat="34.7710556" lon="10.7591653" /><node id="-2096" lat="34.7711601" lon="10.7594227" /><node id="-2097" lat="34.7711906" lon="10.7594842" /><node id="-2098" lat="34.771208" lon="10.7595305" /><node id="-2099" lat="34.7712692" lon="10.7595152" /><node id="-2100" lat="34.7713494" lon="10.7594682" /><node id="-2101" lat="34.7716714" lon="10.7592897" /><node id="-2102" lat="34.7717529" lon="10.759286" /><node id="-2103" lat="34.7719444" lon="10.7591811" /><node id="-2104" lat="34.7646405" lon="10.7572071" /><node id="-2105" lat="34.7648849" lon="10.7577507" /><node id="-2106" lat="34.7649676" lon="10.7579475" /><node id="-2107" lat="34.7652652" lon="10.7586551" /><node id="-2108" lat="34.7599701" lon="10.7583232" /><node id="-2109" lat="34.7596349" lon="10.7585336" /><node id="-2110" lat="34.7595811" lon="10.7585267" /><node id="-2111" lat="34.7594383" lon="10.7581962" /><node id="-2112" lat="34.7593926" lon="10.758177" /><node id="-2113" lat="34.7593248" lon="10.7581864" /><node id="-2114" lat="34.7603061" lon="10.758558" /><node id="-2115" lat="34.7604737" lon="10.7592094" /><node id="-2116" lat="34.7605441" lon="10.7595113" /><node id="-2117" lat="34.7606222" lon="10.7598132" /><node id="-2118" lat="34.7658897" lon="10.7582656" /><node id="-2119" lat="34.7655022" lon="10.7585073" /><node id="-2120" lat="34.7648917" lon="10.7588721" /><node id="-2121" lat="34.7642954" lon="10.7592161" /><node id="-2122" lat="34.7628888" lon="10.759998" /><node id="-2123" lat="34.7624712" lon="10.7602675" /><node id="-2124" lat="34.7624569" lon="10.760297" /><node id="-2125" lat="34.7624624" lon="10.7603386" /><node id="-2126" lat="34.7625528" lon="10.7605585" /><node id="-2127" lat="34.7625561" lon="10.7605934" /><node id="-2128" lat="34.7625395" lon="10.7606256" /><node id="-2129" lat="34.7625109" lon="10.7606564" /><node id="-2130" lat="34.7619931" lon="10.7610333" /><node id="-2131" lat="34.7615755" lon="10.7613498" /><node id="-2132" lat="34.761408" lon="10.7614785" /><node id="-2133" lat="34.7612979" lon="10.761555" /><node id="-2134" lat="34.7611546" lon="10.7616422" /><node id="-2135" lat="34.7607833" lon="10.7618406" /><node id="-2136" lat="34.7604495" lon="10.7620136" /><node id="-2137" lat="34.7615469" lon="10.759955" /><node id="-2138" lat="34.7611249" lon="10.760234" /><node id="-2139" lat="34.7635681" lon="10.7615521" /><node id="-2140" lat="34.7635088" lon="10.7608595" /><node id="-2141" lat="34.7633108" lon="10.760989" /><node id="-2142" lat="34.7632909" lon="10.7610333" /><node id="-2143" lat="34.7632799" lon="10.761095" /><node id="-2144" lat="34.7632424" lon="10.7614678" /><node id="-2145" lat="34.7632248" lon="10.761504" /><node id="-2146" lat="34.763194" lon="10.7615295" /><node id="-2147" lat="34.7628108" lon="10.7617714" /><node id="-2148" lat="34.7627841" lon="10.7617883" /><node id="-2149" lat="34.7625605" lon="10.7619305" /><node id="-2150" lat="34.7625483" lon="10.7619587" /><node id="-2151" lat="34.762555" lon="10.7619962" /><node id="-2152" lat="34.7627903" lon="10.7626592" /><node id="-2153" lat="34.755128" lon="10.7577842" /><node id="-2154" lat="34.7553135" lon="10.7583994" /><node id="-2155" lat="34.7553481" lon="10.758528" /><node id="-2156" lat="34.7553541" lon="10.7586149" /><node id="-2157" lat="34.755335" lon="10.758687" /><node id="-2158" lat="34.7553735" lon="10.7588178" /><node id="-2159" lat="34.7554197" lon="10.7589519" /><node id="-2160" lat="34.7555145" lon="10.7592148" /><node id="-2161" lat="34.7557045" lon="10.759772" /><node id="-2162" lat="34.7557407" lon="10.7598794" /><node id="-2163" lat="34.7559729" lon="10.7607108" /><node id="-2164" lat="34.7561372" lon="10.761203" /><node id="-2165" lat="34.7561679" lon="10.761276" /><node id="-2166" lat="34.7561894" lon="10.7613022" /><node id="-2167" lat="34.7562224" lon="10.7613129" /><node id="-2168" lat="34.7567849" lon="10.7611971" /><node id="-2169" lat="34.7568064" lon="10.7612831" /><node id="-2170" lat="34.7568257" lon="10.7613471" /><node id="-2171" lat="34.7569656" lon="10.7618856" /><node id="-2172" lat="34.7570543" lon="10.7622279" /><node id="-2173" lat="34.7570918" lon="10.7624052" /><node id="-2174" lat="34.7571061" lon="10.7625481" /><node id="-2175" lat="34.7571022" lon="10.7626272" /><node id="-2176" lat="34.7570932" lon="10.7627064" /><node id="-2177" lat="34.7572582" lon="10.7600359" /><node id="-2178" lat="34.7572561" lon="10.7600634" /><node id="-2179" lat="34.7574928" lon="10.7608978" /><node id="-2180" lat="34.7576388" lon="10.7614561" /><node id="-2181" lat="34.7577372" lon="10.7618298" /><node id="-2182" lat="34.7579459" lon="10.7626438" /><node id="-2183" lat="34.7579887" lon="10.7628263" /><node id="-2184" lat="34.7581966" lon="10.7591576" /><node id="-2185" lat="34.7584028" lon="10.7597105" /><node id="-2186" lat="34.758529" lon="10.7601183" /><node id="-2187" lat="34.7585906" lon="10.7604357" /><node id="-2188" lat="34.7580415" lon="10.7606592" /><node id="-2189" lat="34.7590679" lon="10.759314" /><node id="-2190" lat="34.7592149" lon="10.7597197" /><node id="-2191" lat="34.759216" lon="10.7597438" /><node id="-2192" lat="34.7592111" lon="10.7597609" /><node id="-2193" lat="34.7591976" lon="10.7597763" /><node id="-2194" lat="34.7591747" lon="10.7597955" /><node id="-2195" lat="34.7585652" lon="10.7610793" /><node id="-2196" lat="34.7585685" lon="10.761487" /><node id="-2197" lat="34.7564989" lon="10.7581238" /><node id="-2198" lat="34.7564321" lon="10.758147" /><node id="-2199" lat="34.7562232" lon="10.7582507" /><node id="-2200" lat="34.7558766" lon="10.758415" /><node id="-2201" lat="34.7557367" lon="10.7584706" /><node id="-2202" lat="34.755606" lon="10.7585269" /><node id="-2203" lat="34.7554177" lon="10.7586048" /><node id="-2204" lat="34.7548625" lon="10.7589147" /><node id="-2205" lat="34.7564614" lon="10.7595586" /><node id="-2206" lat="34.755437" lon="10.760972" /><node id="-2207" lat="34.7554046" lon="10.7609763" /><node id="-2208" lat="34.755374" lon="10.7609679" /><node id="-2209" lat="34.7553055" lon="10.7607585" /><node id="-2210" lat="34.7552756" lon="10.760743" /><node id="-2211" lat="34.7552527" lon="10.7607439" /><node id="-2212" lat="34.7549333" lon="10.7608931" /><node id="-2213" lat="34.7572102" lon="10.7592926" /><node id="-2214" lat="34.7568731" lon="10.759428" /><node id="-2215" lat="34.75684" lon="10.7594213" /><node id="-2216" lat="34.7568136" lon="10.7593945" /><node id="-2217" lat="34.7567935" lon="10.7593358" /><node id="-2218" lat="34.7567419" lon="10.7591048" /><node id="-2219" lat="34.7566699" lon="10.7587942" /><node id="-2220" lat="34.7565813" lon="10.7583987" /><node id="-2221" lat="34.7597886" lon="10.7600602" /><node id="-2222" lat="34.7599247" lon="10.7603972" /><node id="-2223" lat="34.7599444" lon="10.7604466" /><node id="-2224" lat="34.7600925" lon="10.7608844" /><node id="-2225" lat="34.7601729" lon="10.7611339" /><node id="-2226" lat="34.7602065" lon="10.7612459" /><node id="-2227" lat="34.7606247" lon="10.7598525" /><node id="-2228" lat="34.7606175" lon="10.7598813" /><node id="-2229" lat="34.7605982" lon="10.7599135" /><node id="-2230" lat="34.760574" lon="10.7599369" /><node id="-2231" lat="34.7604892" lon="10.7600194" /><node id="-2232" lat="34.7602798" lon="10.7601964" /><node id="-2233" lat="34.7601743" lon="10.7602555" /><node id="-2234" lat="34.7605145" lon="10.7609622" /><node id="-2235" lat="34.7606264" lon="10.7613278" /><node id="-2236" lat="34.7607674" lon="10.760757" /><node id="-2237" lat="34.7607734" lon="10.7607798" /><node id="-2238" lat="34.760774" lon="10.7607993" /><node id="-2239" lat="34.7607607" lon="10.7608167" /><node id="-2240" lat="34.7607426" lon="10.7608288" /><node id="-2241" lat="34.7617648" lon="10.7578579" /><node id="-2242" lat="34.7614162" lon="10.7580878" /><node id="-2243" lat="34.7608605" lon="10.7584544" /><node id="-2244" lat="34.7608307" lon="10.7584906" /><node id="-2245" lat="34.7608241" lon="10.7585261" /><node id="-2246" lat="34.7609144" lon="10.7588607" /><node id="-2247" lat="34.7609089" lon="10.7589036" /><node id="-2248" lat="34.7608869" lon="10.7589371" /><node id="-2249" lat="34.7625131" lon="10.7581928" /><node id="-2250" lat="34.7623677" lon="10.7583055" /><node id="-2251" lat="34.7621958" lon="10.7584664" /><node id="-2252" lat="34.7620504" lon="10.7585683" /><node id="-2253" lat="34.7616767" lon="10.7588048" /><node id="-2254" lat="34.7611976" lon="10.7591061" /><node id="-2255" lat="34.7607911" lon="10.7593572" /><node id="-2256" lat="34.7680602" lon="10.7596801" /><node id="-2257" lat="34.7675094" lon="10.7600013" /><node id="-2258" lat="34.7674923" lon="10.7600167" /><node id="-2259" lat="34.7674813" lon="10.7600315" /><node id="-2260" lat="34.7674785" lon="10.7600583" /><node id="-2261" lat="34.7674851" lon="10.7600905" /><node id="-2262" lat="34.7676361" lon="10.7604366" /><node id="-2263" lat="34.7677517" lon="10.7607061" /><node id="-2264" lat="34.7680154" lon="10.761356" /><node id="-2265" lat="34.76798" lon="10.7616506" /><node id="-2266" lat="34.7679817" lon="10.7617659" /><node id="-2267" lat="34.7551099" lon="10.7600895" /><node id="-2268" lat="34.7568813" lon="10.7610487" /><node id="-2269" lat="34.7566605" lon="10.7600913" /><node id="-2270" lat="34.7658028" lon="10.7592376" /><node id="-2271" lat="34.765815" lon="10.7593073" /><node id="-2272" lat="34.7658095" lon="10.7593381" /><node id="-2273" lat="34.7657654" lon="10.7593784" /><node id="-2274" lat="34.7657211" lon="10.7594056" /><node id="-2275" lat="34.7653076" lon="10.759662" /><node id="-2276" lat="34.765258" lon="10.7596801" /><node id="-2277" lat="34.7652388" lon="10.7596727" /><node id="-2278" lat="34.7652233" lon="10.75966" /><node id="-2279" lat="34.7870365" lon="10.7601738" /><node id="-2280" lat="34.7870458" lon="10.7603361" /><node id="-2281" lat="34.7870512" lon="10.7604066" /><node id="-2282" lat="34.7870868" lon="10.7606249" /><node id="-2283" lat="34.7871398" lon="10.7608411" /><node id="-2284" lat="34.7872756" lon="10.761268" /><node id="-2285" lat="34.7874163" lon="10.7616633" /><node id="-2286" lat="34.7875491" lon="10.7619465" /><node id="-2287" lat="34.7875806" lon="10.7620137" /><node id="-2288" lat="34.7876512" lon="10.7621783" /><node id="-2289" lat="34.7877147" lon="10.7623153" /><node id="-2290" lat="34.7877493" lon="10.7623835" /><node id="-2291" lat="34.7878812" lon="10.7626895" /><node id="-2292" lat="34.7880867" lon="10.7631815" /><node id="-2293" lat="34.7880955" lon="10.763211" /><node id="-2294" lat="34.7882081" lon="10.7634994" /><node id="-2295" lat="34.7883213" lon="10.7637496" /><node id="-2296" lat="34.7884998" lon="10.7641485" /><node id="-2297" lat="34.7887026" lon="10.7646151" /><node id="-2298" lat="34.7890519" lon="10.7652824" /><node id="-2299" lat="34.7892306" lon="10.7656334" /><node id="-2300" lat="34.7893957" lon="10.7659644" /><node id="-2301" lat="34.7895276" lon="10.7662014" /><node id="-2302" lat="34.7896496" lon="10.7663846" /><node id="-2303" lat="34.7897039" lon="10.7664692" /><node id="-2304" lat="34.7899352" lon="10.7667853" /><node id="-2305" lat="34.7900837" lon="10.7669436" /><node id="-2306" lat="34.790306" lon="10.7671817" /><node id="-2307" lat="34.7905908" lon="10.7674961" /><node id="-2308" lat="34.7909325" lon="10.7678541" /><node id="-2309" lat="34.7909929" lon="10.7679153" /><node id="-2310" lat="34.7911207" lon="10.7680429" /><node id="-2311" lat="34.7913325" lon="10.7682202" /><node id="-2312" lat="34.7916474" lon="10.768429" /><node id="-2313" lat="34.792094" lon="10.7688474" /><node id="-2314" lat="34.8012511" lon="10.7642841" /><node id="-2315" lat="34.8012914" lon="10.7641567" /><node id="-2316" lat="34.8013065" lon="10.7641056" /><node id="-2317" lat="34.8013192" lon="10.7640641" /><node id="-2318" lat="34.8013306" lon="10.7640184" /><node id="-2319" lat="34.8013308" lon="10.7638032" /><node id="-2320" lat="34.8013315" lon="10.7637276" /><node id="-2321" lat="34.8013262" lon="10.7634178" /><node id="-2322" lat="34.8013141" lon="10.7632412" /><node id="-2323" lat="34.745053" lon="10.7654013" /><node id="-2324" lat="34.7452811" lon="10.7654791" /><node id="-2325" lat="34.7456341" lon="10.7655759" /><node id="-2326" lat="34.744505" lon="10.7659275" /><node id="-2327" lat="34.7443662" lon="10.7661701" /><node id="-2328" lat="34.7443405" lon="10.7662251" /><node id="-2329" lat="34.7440498" lon="10.7667049" /><node id="-2330" lat="34.7438461" lon="10.7670614" /><node id="-2331" lat="34.7437777" lon="10.7671655" /><node id="-2332" lat="34.7429686" lon="10.7681209" /><node id="-2333" lat="34.7399022" lon="10.759598" /><node id="-2334" lat="34.7398857" lon="10.7594917" /><node id="-2335" lat="34.7398801" lon="10.7593676" /><node id="-2336" lat="34.7399032" lon="10.759259" /><node id="-2337" lat="34.7399539" lon="10.7591705" /><node id="-2338" lat="34.7400134" lon="10.759078" /><node id="-2339" lat="34.7401441" lon="10.7588933" /><node id="-2340" lat="34.7404166" lon="10.7585472" /><node id="-2341" lat="34.74158" lon="10.7570917" /><node id="-2342" lat="34.7427222" lon="10.7557621" /><node id="-2343" lat="34.7428696" lon="10.7556138" /><node id="-2344" lat="34.742982" lon="10.7555325" /><node id="-2345" lat="34.7431498" lon="10.7554124" /><node id="-2346" lat="35.0360689" lon="10.7430396" /><node id="-2347" lat="35.0354228" lon="10.7429995" /><node id="-2348" lat="35.0345826" lon="10.74294" /><node id="-2349" lat="35.0335532" lon="10.7428806" /><node id="-2350" lat="35.0326232" lon="10.7428186" /><node id="-2351" lat="35.0319454" lon="10.742764" /><node id="-2352" lat="35.0314333" lon="10.7427253" /><node id="-2353" lat="35.0305067" lon="10.7426708" /><node id="-2354" lat="35.0294721" lon="10.7425962" /><node id="-2355" lat="35.0286562" lon="10.7425412" /><node id="-2356" lat="35.0278536" lon="10.7424869" /><node id="-2357" lat="35.0269323" lon="10.7424205" /><node id="-2358" lat="35.02611" lon="10.7423651" /><node id="-2359" lat="35.0257423" lon="10.7423396" /><node id="-2360" lat="35.0254486" lon="10.742332" /><node id="-2361" lat="35.0251877" lon="10.7423551" /><node id="-2362" lat="35.0248457" lon="10.7424012" /><node id="-2363" lat="35.0244945" lon="10.7424593" /><node id="-2364" lat="35.0238974" lon="10.7425653" /><node id="-2365" lat="35.0231454" lon="10.7426976" /><node id="-2366" lat="35.022416" lon="10.7428268" /><node id="-2367" lat="35.0210914" lon="10.7430568" /><node id="-2368" lat="35.0199698" lon="10.7432543" /><node id="-2369" lat="35.0185466" lon="10.7434938" /><node id="-2370" lat="35.0170691" lon="10.7437453" /><node id="-2371" lat="35.0161211" lon="10.7439062" /><node id="-2372" lat="35.0151269" lon="10.7441475" /><node id="-2373" lat="35.0150707" lon="10.7441558" /><node id="-2374" lat="35.0145807" lon="10.744235" /><node id="-2375" lat="35.0137881" lon="10.7443617" /><node id="-2376" lat="35.0134214" lon="10.7444295" /><node id="-2377" lat="35.0130854" lon="10.744502" /><node id="-2378" lat="35.0128483" lon="10.744563" /><node id="-2379" lat="35.0126198" lon="10.7446452" /><node id="-2380" lat="35.0121358" lon="10.7447819" /><node id="-2381" lat="35.0114413" lon="10.7451189" /><node id="-2382" lat="35.0106693" lon="10.7454952" /><node id="-2383" lat="35.0103526" lon="10.7456537" /><node id="-2384" lat="35.0092519" lon="10.7461672" /><node id="-2385" lat="35.0083065" lon="10.7466253" /><node id="-2386" lat="35.0075537" lon="10.7469984" /><node id="-2387" lat="35.0069646" lon="10.7472746" /><node id="-2388" lat="35.0064436" lon="10.7475213" /><node id="-2389" lat="35.0059581" lon="10.7477527" /><node id="-2390" lat="35.0054694" lon="10.7479827" /><node id="-2391" lat="35.0051583" lon="10.7481196" /><node id="-2392" lat="35.004856" lon="10.7482592" /><node id="-2393" lat="35.0045671" lon="10.7483728" /><node id="-2394" lat="35.004286" lon="10.748448" /><node id="-2395" lat="35.0039484" lon="10.74855" /><node id="-2396" lat="35.0035898" lon="10.7486175" /><node id="-2397" lat="35.0034902" lon="10.748636" /><node id="-2398" lat="35.0027766" lon="10.74881" /><node id="-2399" lat="35.0018133" lon="10.7490097" /><node id="-2400" lat="35.000771" lon="10.7492521" /><node id="-2401" lat="35.0003639" lon="10.749306" /><node id="-2402" lat="35.0002015" lon="10.7493144" /><node id="-2403" lat="34.9999567" lon="10.7493207" /><node id="-2404" lat="34.9996657" lon="10.749314" /><node id="-2405" lat="34.999315" lon="10.7492823" /><node id="-2406" lat="34.9990318" lon="10.749251" /><node id="-2407" lat="34.9979142" lon="10.7491606" /><node id="-2408" lat="34.9968636" lon="10.7490928" /><node id="-2409" lat="34.9962805" lon="10.7490368" /><node id="-2410" lat="34.9958089" lon="10.7490304" /><node id="-2411" lat="34.9954345" lon="10.7490456" /><node id="-2412" lat="34.9950797" lon="10.7490881" /><node id="-2413" lat="34.994701" lon="10.7491739" /><node id="-2414" lat="34.9942958" lon="10.7492873" /><node id="-2415" lat="34.993861" lon="10.7494062" /><node id="-2416" lat="34.9935192" lon="10.7494978" /><node id="-2417" lat="34.9931025" lon="10.7496101" /><node id="-2418" lat="34.9927326" lon="10.7496869" /><node id="-2419" lat="34.9923774" lon="10.7497484" /><node id="-2420" lat="34.9920057" lon="10.7497701" /><node id="-2421" lat="34.9916608" lon="10.7497635" /><node id="-2422" lat="34.9915885" lon="10.7497583" /><node id="-2423" lat="34.9912811" lon="10.7497325" /><node id="-2424" lat="34.9907881" lon="10.7496896" /><node id="-2425" lat="34.990222" lon="10.7496072" /><node id="-2426" lat="34.9898024" lon="10.749499" /><node id="-2427" lat="34.9893526" lon="10.7493792" /><node id="-2428" lat="34.9888412" lon="10.7491664" /><node id="-2429" lat="34.9881575" lon="10.7488595" /><node id="-2430" lat="34.9875326" lon="10.7486226" /><node id="-2431" lat="34.9871452" lon="10.7484668" /><node id="-2432" lat="34.9866007" lon="10.7482774" /><node id="-2433" lat="34.9863975" lon="10.7482043" /><node id="-2434" lat="34.986153" lon="10.748122" /><node id="-2435" lat="34.9859318" lon="10.7480521" /><node id="-2436" lat="34.9856503" lon="10.7479884" /><node id="-2437" lat="34.9851361" lon="10.7478811" /><node id="-2438" lat="34.9841021" lon="10.7476652" /><node id="-2439" lat="34.9835928" lon="10.7475543" /><node id="-2440" lat="34.9830836" lon="10.7474622" /><node id="-2441" lat="34.9823648" lon="10.7472811" /><node id="-2442" lat="34.9817111" lon="10.7471467" /><node id="-2443" lat="34.9809657" lon="10.7469862" /><node id="-2444" lat="34.9803481" lon="10.7468452" /><node id="-2445" lat="34.9798827" lon="10.7467532" /><node id="-2446" lat="34.9794476" lon="10.7466754" /><node id="-2447" lat="34.9789069" lon="10.7465708" /><node id="-2448" lat="34.9786526" lon="10.7465077" /><node id="-2449" lat="34.9784289" lon="10.7464352" /><node id="-2450" lat="34.9781077" lon="10.7462893" /><node id="-2451" lat="34.9766367" lon="10.7455502" /><node id="-2452" lat="34.9760411" lon="10.745278" /><node id="-2453" lat="34.9756477" lon="10.7451251" /><node id="-2454" lat="34.9752477" lon="10.7449722" /><node id="-2455" lat="34.9749026" lon="10.7448542" /><node id="-2456" lat="34.9744883" lon="10.7447516" /><node id="-2457" lat="34.973907" lon="10.7446316" /><node id="-2458" lat="34.9734674" lon="10.7445592" /><node id="-2459" lat="34.9729443" lon="10.7445002" /><node id="-2460" lat="34.9723842" lon="10.7444716" /><node id="-2461" lat="34.9719245" lon="10.7444653" /><node id="-2462" lat="34.971305" lon="10.7444958" /><node id="-2463" lat="34.9692306" lon="10.7446238" /><node id="-2464" lat="34.9680748" lon="10.744696" /><node id="-2465" lat="34.9656794" lon="10.7448382" /><node id="-2466" lat="34.9653196" lon="10.7448596" /><node id="-2467" lat="34.9623368" lon="10.7450473" /><node id="-2468" lat="34.9617818" lon="10.745075" /><node id="-2469" lat="34.9608624" lon="10.7451304" /><node id="-2470" lat="34.9602044" lon="10.7451769" /><node id="-2471" lat="34.9598861" lon="10.7451948" /><node id="-2472" lat="34.9589494" lon="10.7452512" /><node id="-2473" lat="34.9568027" lon="10.7453585" /><node id="-2474" lat="34.9561378" lon="10.7453799" /><node id="-2475" lat="34.9553793" lon="10.7454336" /><node id="-2476" lat="34.9543351" lon="10.7454979" /><node id="-2477" lat="34.9529348" lon="10.7455972" /><node id="-2478" lat="34.9524313" lon="10.7456347" /><node id="-2479" lat="34.9517674" lon="10.7456711" /><node id="-2480" lat="34.9509518" lon="10.7456374" /><node id="-2481" lat="34.9501186" lon="10.7455516" /><node id="-2482" lat="34.9494034" lon="10.7454777" /><node id="-2483" lat="34.9484387" lon="10.7453378" /><node id="-2484" lat="34.9474522" lon="10.7452514" /><node id="-2485" lat="34.9471155" lon="10.7452207" /><node id="-2486" lat="34.946657" lon="10.745179" /><node id="-2487" lat="34.9461927" lon="10.745121" /><node id="-2488" lat="34.9459044" lon="10.7450949" /><node id="-2489" lat="34.9458029" lon="10.745086" /><node id="-2490" lat="34.9453537" lon="10.7450416" /><node id="-2491" lat="34.9452353" lon="10.7450281" /><node id="-2492" lat="34.9448286" lon="10.7449742" /><node id="-2493" lat="34.9446345" lon="10.7449486" /><node id="-2494" lat="34.9439255" lon="10.7448553" /><node id="-2495" lat="34.9427126" lon="10.7447316" /><node id="-2496" lat="34.942415" lon="10.7447009" /><node id="-2497" lat="34.9417117" lon="10.7446376" /><node id="-2498" lat="34.9413406" lon="10.7445959" /><node id="-2499" lat="34.9409382" lon="10.7445532" /><node id="-2500" lat="34.9404848" lon="10.7445053" /><node id="-2501" lat="34.9402138" lon="10.744475" /><node id="-2502" lat="34.9397543" lon="10.7444251" /><node id="-2503" lat="34.9390083" lon="10.7443493" /><node id="-2504" lat="34.9387681" lon="10.7443098" /><node id="-2505" lat="34.9383685" lon="10.7442661" /><node id="-2506" lat="34.9374403" lon="10.7441669" /><node id="-2507" lat="34.9369497" lon="10.7441112" /><node id="-2508" lat="34.9361988" lon="10.7440361" /><node id="-2509" lat="34.9355798" lon="10.7439691" /><node id="-2510" lat="34.9353599" lon="10.7439463" /><node id="-2511" lat="34.9350389" lon="10.7439399" /><node id="-2512" lat="34.934827" lon="10.7439622" /><node id="-2513" lat="34.9347179" lon="10.7439785" /><node id="-2514" lat="34.9342352" lon="10.7440723" /><node id="-2515" lat="34.9338702" lon="10.7441488" /><node id="-2516" lat="34.9336041" lon="10.7442024" /><node id="-2517" lat="34.9330918" lon="10.7443218" /><node id="-2518" lat="34.9321759" lon="10.7445538" /><node id="-2519" lat="34.9316895" lon="10.7446753" /><node id="-2520" lat="34.9314992" lon="10.7447228" /><node id="-2521" lat="34.9302807" lon="10.7450085" /><node id="-2522" lat="34.9298428" lon="10.7451184" /><node id="-2523" lat="34.9295743" lon="10.7451738" /><node id="-2524" lat="34.9288521" lon="10.7453397" /><node id="-2525" lat="34.928409" lon="10.7454503" /><node id="-2526" lat="34.9279835" lon="10.745563" /><node id="-2527" lat="34.9275574" lon="10.7456736" /><node id="-2528" lat="34.9271138" lon="10.7457742" /><node id="-2529" lat="34.9269144" lon="10.7458146" /><node id="-2530" lat="34.9268389" lon="10.7458299" /><node id="-2531" lat="34.9264936" lon="10.7459137" /><node id="-2532" lat="34.9262096" lon="10.7459623" /><node id="-2533" lat="34.9259592" lon="10.746013" /><node id="-2534" lat="34.9255741" lon="10.7461149" /><node id="-2535" lat="34.9251533" lon="10.7462315" /><node id="-2536" lat="34.924891" lon="10.7462952" /><node id="-2537" lat="34.9246326" lon="10.7463583" /><node id="-2538" lat="34.9241087" lon="10.7464733" /><node id="-2539" lat="34.9234942" lon="10.7466347" /><node id="-2540" lat="34.9226283" lon="10.7468325" /><node id="-2541" lat="34.922199" lon="10.746938" /><node id="-2542" lat="34.9216237" lon="10.7470748" /><node id="-2543" lat="34.9211966" lon="10.7471765" /><node id="-2544" lat="34.9208191" lon="10.74727" /><node id="-2545" lat="34.9206904" lon="10.7473084" /><node id="-2546" lat="34.9203354" lon="10.7473974" /><node id="-2547" lat="34.919527" lon="10.7476214" /><node id="-2548" lat="34.9192626" lon="10.7477041" /><node id="-2549" lat="34.9190321" lon="10.7478154" /><node id="-2550" lat="34.9188318" lon="10.7479529" /><node id="-2551" lat="34.9179815" lon="10.7486857" /><node id="-2552" lat="34.9170952" lon="10.7494757" /><node id="-2553" lat="34.916608" lon="10.7499171" /><node id="-2554" lat="34.9163746" lon="10.7501079" /><node id="-2555" lat="34.9161937" lon="10.7502366" /><node id="-2556" lat="34.9153766" lon="10.7507402" /><node id="-2557" lat="34.9151531" lon="10.7508771" /><node id="-2558" lat="34.9145989" lon="10.7511898" /><node id="-2559" lat="34.9141101" lon="10.7514955" /><node id="-2560" lat="34.9132725" lon="10.7520043" /><node id="-2561" lat="34.9124578" lon="10.7524919" /><node id="-2562" lat="34.9116471" lon="10.7529852" /><node id="-2563" lat="34.9108349" lon="10.7534875" /><node id="-2564" lat="34.9101619" lon="10.7538897" /><node id="-2565" lat="34.9093352" lon="10.7543818" /><node id="-2566" lat="34.9086314" lon="10.754814" /><node id="-2567" lat="34.9077891" lon="10.7553294" /><node id="-2568" lat="34.907295" lon="10.7556271" /><node id="-2569" lat="34.9067979" lon="10.7559345" /><node id="-2570" lat="34.906081" lon="10.7563677" /><node id="-2571" lat="34.905371" lon="10.7568007" /><node id="-2572" lat="34.9043483" lon="10.7574147" /><node id="-2573" lat="34.9039374" lon="10.7576728" /><node id="-2574" lat="34.9037815" lon="10.7577619" /><node id="-2575" lat="34.9036443" lon="10.7578415" /><node id="-2576" lat="34.9034969" lon="10.7579148" /><node id="-2577" lat="34.9031992" lon="10.7580579" /><node id="-2578" lat="34.9030132" lon="10.758149" /><node id="-2579" lat="34.9026002" lon="10.758345" /><node id="-2580" lat="34.9021563" lon="10.7585641" /><node id="-2581" lat="34.9014271" lon="10.7589154" /><node id="-2582" lat="34.9012498" lon="10.7590077" /><node id="-2583" lat="34.9008843" lon="10.75919" /><node id="-2584" lat="34.9005596" lon="10.7593475" /><node id="-2585" lat="34.9000393" lon="10.7596029" /><node id="-2586" lat="34.8996289" lon="10.7598172" /><node id="-2587" lat="34.8992048" lon="10.7600276" /><node id="-2588" lat="34.8988711" lon="10.7601874" /><node id="-2589" lat="34.8984563" lon="10.7603755" /><node id="-2590" lat="34.8979426" lon="10.7606229" /><node id="-2591" lat="34.8975117" lon="10.7608367" /><node id="-2592" lat="34.897158" lon="10.7610184" /><node id="-2593" lat="34.8966956" lon="10.7612406" /><node id="-2594" lat="34.8963176" lon="10.7614313" /><node id="-2595" lat="34.8957411" lon="10.7617174" /><node id="-2596" lat="34.89524" lon="10.7619569" /><node id="-2597" lat="34.8950399" lon="10.7620375" /><node id="-2598" lat="34.8948677" lon="10.7621036" /><node id="-2599" lat="34.8946829" lon="10.7621652" /><node id="-2600" lat="34.8943896" lon="10.7622196" /><node id="-2601" lat="34.8939394" lon="10.7622959" /><node id="-2602" lat="34.8934628" lon="10.7623817" /><node id="-2603" lat="34.8929362" lon="10.7624849" /><node id="-2604" lat="34.8926818" lon="10.7625304" /><node id="-2605" lat="34.8920231" lon="10.7626508" /><node id="-2606" lat="34.8915952" lon="10.7627314" /><node id="-2607" lat="34.8912263" lon="10.7627963" /><node id="-2608" lat="34.8909925" lon="10.7628337" /><node id="-2609" lat="34.8908241" lon="10.7628628" /><node id="-2610" lat="34.8906614" lon="10.7628741" /><node id="-2611" lat="34.8905257" lon="10.7628805" /><node id="-2612" lat="34.8903871" lon="10.7628798" /><node id="-2613" lat="34.8902685" lon="10.7628699" /><node id="-2614" lat="34.8898312" lon="10.7628016" /><node id="-2615" lat="34.888994" lon="10.7626735" /><node id="-2616" lat="34.8886669" lon="10.7626203" /><node id="-2617" lat="34.8877399" lon="10.7624966" /><node id="-2618" lat="34.8868317" lon="10.7623524" /><node id="-2619" lat="34.886631" lon="10.7623186" /><node id="-2620" lat="34.8863672" lon="10.7622693" /><node id="-2621" lat="34.8860701" lon="10.7622114" /><node id="-2622" lat="34.8858966" lon="10.7621643" /><node id="-2623" lat="34.8857375" lon="10.7621103" /><node id="-2624" lat="34.8856389" lon="10.762071" /><node id="-2625" lat="34.8853397" lon="10.7619086" /><node id="-2626" lat="34.8849958" lon="10.7617028" /><node id="-2627" lat="34.883209" lon="10.7606989" /><node id="-2628" lat="34.8825609" lon="10.7603112" /><node id="-2629" lat="34.8824833" lon="10.7602691" /><node id="-2630" lat="34.882043" lon="10.7600297" /><node id="-2631" lat="34.8812693" lon="10.7595888" /><node id="-2632" lat="34.8801871" lon="10.7589798" /><node id="-2633" lat="34.878983" lon="10.7582991" /><node id="-2634" lat="34.8784917" lon="10.7580212" /><node id="-2635" lat="34.8780179" lon="10.7577648" /><node id="-2636" lat="34.8775475" lon="10.7575287" /><node id="-2637" lat="34.8772671" lon="10.757387" /><node id="-2638" lat="34.8754563" lon="10.7564622" /><node id="-2639" lat="34.8750806" lon="10.756285" /><node id="-2640" lat="34.8747582" lon="10.7561602" /><node id="-2641" lat="34.8745047" lon="10.7560717" /><node id="-2642" lat="34.8742444" lon="10.7560108" /><node id="-2643" lat="34.8739978" lon="10.7559685" /><node id="-2644" lat="34.8736353" lon="10.7559317" /><node id="-2645" lat="34.8730691" lon="10.7558925" /><node id="-2646" lat="34.8729409" lon="10.7558922" /><node id="-2647" lat="34.8722355" lon="10.7558904" /><node id="-2648" lat="34.8718728" lon="10.7559141" /><node id="-2649" lat="34.8716088" lon="10.7559527" /><node id="-2650" lat="34.8712743" lon="10.7560395" /><node id="-2651" lat="34.8704935" lon="10.7563246" /><node id="-2652" lat="34.8698814" lon="10.7565709" /><node id="-2653" lat="34.8695153" lon="10.7567243" /><node id="-2654" lat="34.8691866" lon="10.756861" /><node id="-2655" lat="34.8690411" lon="10.7569208" /><node id="-2656" lat="34.8688853" lon="10.756976" /><node id="-2657" lat="34.8687148" lon="10.7570231" /><node id="-2658" lat="34.8684276" lon="10.7570914" /><node id="-2659" lat="34.8681495" lon="10.7571547" /><node id="-2660" lat="34.8675029" lon="10.7573167" /><node id="-2661" lat="34.867017" lon="10.7574324" /><node id="-2662" lat="34.8663878" lon="10.7575867" /><node id="-2663" lat="34.8657315" lon="10.757741" /><node id="-2664" lat="34.8650632" lon="10.7579073" /><node id="-2665" lat="34.8643596" lon="10.7580855" /><node id="-2666" lat="34.8637311" lon="10.7582276" /><node id="-2667" lat="34.8631259" lon="10.758384" /><node id="-2668" lat="34.8628477" lon="10.7584487" /><node id="-2669" lat="34.8622591" lon="10.7585846" /><node id="-2670" lat="34.8606096" lon="10.758982" /><node id="-2671" lat="34.8605437" lon="10.7589975" /><node id="-2672" lat="34.859837" lon="10.7591629" /><node id="-2673" lat="34.8593405" lon="10.7592904" /><node id="-2674" lat="34.8588462" lon="10.7594167" /><node id="-2675" lat="34.8585888" lon="10.7594912" /><node id="-2676" lat="34.8582363" lon="10.7595948" /><node id="-2677" lat="34.8579221" lon="10.7596982" /><node id="-2678" lat="34.804015" lon="10.7637633" /><node id="-2679" lat="34.8037893" lon="10.7639077" /><node id="-2680" lat="34.8036994" lon="10.7639562" /><node id="-2681" lat="34.8036207" lon="10.7640011" /><node id="-2682" lat="34.8034047" lon="10.763602" /><node id="-2683" lat="34.8033551" lon="10.7634967" /><node id="-2684" lat="34.8032412" lon="10.76328" /><node id="-2685" lat="34.803124" lon="10.7630644" /><node id="-2686" lat="34.803038" lon="10.7629455" /><node id="-2687" lat="34.802869" lon="10.7627515" /><node id="-2688" lat="34.8026969" lon="10.7625047" /><node id="-2689" lat="34.8022371" lon="10.7618645" /><node id="-2690" lat="34.8019502" lon="10.762483" /><node id="-2691" lat="34.8018697" lon="10.7626848" /><node id="-2692" lat="34.802099" lon="10.7616879" /><node id="-2693" lat="34.8021777" lon="10.7635568" /><node id="-2694" lat="34.8023412" lon="10.7633854" /><node id="-2695" lat="34.8023527" lon="10.763336" /><node id="-2696" lat="34.8021599" lon="10.7631238" /><node id="-2697" lat="34.8019464" lon="10.7628785" /><node id="-2698" lat="34.8018816" lon="10.76278" /><node id="-2699" lat="34.8014944" lon="10.7626566" /><node id="-2700" lat="34.8014573" lon="10.7625843" /><node id="-2701" lat="34.8014359" lon="10.7625407" /><node id="-2702" lat="34.8014242" lon="10.7625078" /><node id="-2703" lat="34.8014198" lon="10.7624569" /><node id="-2704" lat="34.8013833" lon="10.7618477" /><node id="-2705" lat="34.8010132" lon="10.7617872" /><node id="-2706" lat="34.8009398" lon="10.7617864" /><node id="-2707" lat="34.8005895" lon="10.7618648" /><node id="-2708" lat="34.8004559" lon="10.7618966" /><node id="-2709" lat="34.7979244" lon="10.7607882" /><node id="-2710" lat="34.7978798" lon="10.7600992" /><node id="-2711" lat="34.797767" lon="10.7595035" /><node id="-2712" lat="34.797654" lon="10.7587692" /><node id="-2713" lat="34.7975829" lon="10.7583199" /><node id="-2714" lat="34.7975732" lon="10.7582742" /><node id="-2715" lat="34.7974234" lon="10.7574257" /><node id="-2716" lat="34.7974118" lon="10.7573279" /><node id="-2717" lat="34.7974297" lon="10.7572473" /><node id="-2718" lat="34.7974698" lon="10.7571837" /><node id="-2719" lat="34.7975679" lon="10.7571415" /><node id="-2720" lat="34.7980915" lon="10.7568954" /><node id="-2721" lat="34.7989013" lon="10.756496" /><node id="-2722" lat="34.8023148" lon="10.7563437" /><node id="-2723" lat="34.8028327" lon="10.7572179" /><node id="-2724" lat="34.8029121" lon="10.7573484" /><node id="-2725" lat="34.8032549" lon="10.7577827" /><node id="-2726" lat="34.8035782" lon="10.7582143" /><node id="-2727" lat="34.8036872" lon="10.7583538" /><node id="-2728" lat="34.8040584" lon="10.7587424" /><node id="-2729" lat="34.8005358" lon="10.7592396" /><node id="-2730" lat="34.8005523" lon="10.759229" /><node id="-2731" lat="34.8012848" lon="10.7587834" /><node id="-2732" lat="34.7993207" lon="10.7589765" /><node id="-2733" lat="34.7987927" lon="10.7590181" /><node id="-2734" lat="34.8069532" lon="10.7663585" /><node id="-2735" lat="34.8070711" lon="10.7665703" /><node id="-2736" lat="34.8073013" lon="10.7669878" /><node id="-2737" lat="34.8074346" lon="10.7672644" /><node id="-2738" lat="34.8078474" lon="10.7682243" /><node id="-2739" lat="34.8079577" lon="10.7683991" /><node id="-2740" lat="34.8080914" lon="10.7685842" /><node id="-2741" lat="34.808278" lon="10.7688184" /><node id="-2742" lat="34.8083206" lon="10.7688686" /><node id="-2743" lat="34.8085763" lon="10.7692153" /><node id="-2744" lat="34.8091366" lon="10.769997" /><node id="-2745" lat="34.8098559" lon="10.771035" /><node id="-2746" lat="34.8098595" lon="10.771125" /><node id="-2747" lat="34.8098606" lon="10.7711525" /><node id="-2748" lat="34.8098045" lon="10.771241" /><node id="-2749" lat="34.8096887" lon="10.7713157" /><node id="-2750" lat="34.8093222" lon="10.771552" /><node id="-2751" lat="34.8092143" lon="10.7716326" /><node id="-2752" lat="34.8089289" lon="10.7719597" /><node id="-2753" lat="34.808532" lon="10.77242" /><node id="-2754" lat="34.8081177" lon="10.7728467" /><node id="-2755" lat="34.8080318" lon="10.7728986" /><node id="-2756" lat="34.807766" lon="10.7732191" /><node id="-2757" lat="34.8076569" lon="10.7733507" /><node id="-2758" lat="34.807417" lon="10.7735887" /><node id="-2759" lat="34.8073534" lon="10.7736014" /><node id="-2760" lat="34.8073065" lon="10.7735999" /><node id="-2761" lat="34.807112" lon="10.7733516" /><node id="-2762" lat="34.8070571" lon="10.773317" /><node id="-2763" lat="34.8069871" lon="10.7732702" /><node id="-2764" lat="34.8069251" lon="10.7732523" /><node id="-2765" lat="34.806865" lon="10.7732624" /><node id="-2766" lat="34.8064874" lon="10.7736904" /><node id="-2767" lat="34.8012306" lon="10.7635888" /><node id="-2768" lat="34.8012111" lon="10.7637109" /><node id="-2769" lat="34.8012072" lon="10.7638492" /><node id="-2770" lat="34.8012048" lon="10.7639137" /><node id="-2771" lat="34.8012087" lon="10.7640207" /><node id="-2772" lat="34.8012193" lon="10.7640789" /><node id="-2773" lat="34.8037286" lon="10.7607826" /><node id="-2774" lat="34.8037604" lon="10.7606967" /><node id="-2775" lat="34.8037741" lon="10.7605866" /><node id="-2776" lat="34.8037582" lon="10.7604452" /><node id="-2777" lat="34.803739" lon="10.7603547" /><node id="-2778" lat="34.8037122" lon="10.7602296" /><node id="-2779" lat="34.8035424" lon="10.7599391" /><node id="-2780" lat="34.8033588" lon="10.7596389" /><node id="-2781" lat="34.8049004" lon="10.7637615" /><node id="-2782" lat="34.804777" lon="10.7638958" /><node id="-2783" lat="34.8047408" lon="10.7639326" /><node id="-2784" lat="34.8046574" lon="10.7639694" /><node id="-2785" lat="34.8056212" lon="10.7629521" /><node id="-2786" lat="34.8052269" lon="10.7631559" /><node id="-2787" lat="34.8047896" lon="10.7633628" /><node id="-2788" lat="34.8047508" lon="10.7634026" /><node id="-2789" lat="34.8047581" lon="10.7634567" /><node id="-2790" lat="34.8047675" lon="10.7635043" /><node id="-2791" lat="34.8049444" lon="10.7638179" /><node id="-2792" lat="34.8050656" lon="10.7638274" /><node id="-2793" lat="34.8051168" lon="10.763858" /><node id="-2794" lat="34.8051557" lon="10.7639025" /><node id="-2795" lat="34.8051878" lon="10.7639503" /><node id="-2796" lat="34.8002037" lon="10.7698766" /><node id="-2797" lat="34.8002384" lon="10.7699341" /><node id="-2798" lat="34.8005106" lon="10.7702102" /><node id="-2799" lat="34.8027204" lon="10.7660021" /><node id="-2800" lat="34.8024087" lon="10.7663722" /><node id="-2801" lat="34.8022204" lon="10.7666083" /><node id="-2802" lat="34.8020674" lon="10.7668416" /><node id="-2803" lat="34.8010254" lon="10.7683775" /><node id="-2804" lat="34.8009587" lon="10.7683071" /><node id="-2805" lat="34.8006222" lon="10.7679867" /><node id="-2806" lat="34.8001869" lon="10.7676581" /><node id="-2807" lat="34.8000834" lon="10.7676557" /><node id="-2808" lat="34.8009494" lon="10.7652065" /><node id="-2809" lat="34.80104" lon="10.7653297" /><node id="-2810" lat="34.8011473" lon="10.7654596" /><node id="-2811" lat="34.8012283" lon="10.7655823" /><node id="-2812" lat="34.801487" lon="10.7659565" /><node id="-2813" lat="34.8015626" lon="10.7660795" /><node id="-2814" lat="34.8016061" lon="10.7661458" /><node id="-2815" lat="34.8018319" lon="10.7664979" /><node id="-2816" lat="34.8007996" lon="10.7650117" /><node id="-2817" lat="34.8005339" lon="10.7647229" /><node id="-2818" lat="34.8004539" lon="10.7645825" /><node id="-2819" lat="34.8002744" lon="10.7642703" /><node id="-2820" lat="34.8002241" lon="10.7642964" /><node id="-2821" lat="34.7998461" lon="10.7644664" /><node id="-2822" lat="34.7995311" lon="10.7646165" /><node id="-2823" lat="34.8011026" lon="10.7640661" /><node id="-2824" lat="34.8010768" lon="10.7640763" /><node id="-2825" lat="34.8010096" lon="10.764104" /><node id="-2826" lat="34.8008917" lon="10.7641974" /><node id="-2827" lat="34.8007534" lon="10.7643232" /><node id="-2828" lat="34.8006131" lon="10.7644456" /><node id="-2829" lat="34.7484733" lon="10.7610127" /><node id="-2830" lat="34.7484536" lon="10.7610227" /><node id="-2831" lat="34.7483631" lon="10.7610688" /><node id="-2832" lat="34.7473734" lon="10.7615767" /><node id="-2833" lat="34.7455703" lon="10.7625038" /><node id="-2834" lat="34.7451965" lon="10.7626995" /><node id="-2835" lat="34.7442865" lon="10.7631482" /><node id="-2836" lat="34.7434681" lon="10.7635708" /><node id="-2837" lat="34.7434307" lon="10.7635951" /><node id="-2838" lat="34.773405" lon="10.7650555" /><node id="-2839" lat="34.773485" lon="10.7648876" /><node id="-2840" lat="34.7735135" lon="10.7648231" /><node id="-2841" lat="34.7735767" lon="10.7646792" /><node id="-2842" lat="34.7731418" lon="10.7650053" /><node id="-2843" lat="34.7730225" lon="10.7651167" /><node id="-2844" lat="34.7729373" lon="10.7652158" /><node id="-2845" lat="34.7728252" lon="10.7653684" /><node id="-2846" lat="34.7727826" lon="10.7654572" /><node id="-2847" lat="34.7725383" lon="10.7617727" /><node id="-2848" lat="34.7725743" lon="10.7616724" /><node id="-2849" lat="34.7726252" lon="10.7615904" /><node id="-2850" lat="34.7720729" lon="10.761521" /><node id="-2851" lat="34.7722956" lon="10.7617407" /><node id="-2852" lat="34.774265" lon="10.7618128" /><node id="-2853" lat="34.8344956" lon="10.7653252" /><node id="-2854" lat="34.8345047" lon="10.7652157" /><node id="-2855" lat="34.8345198" lon="10.7650295" /><node id="-2856" lat="34.8266094" lon="10.7638178" /><node id="-2857" lat="34.8265879" lon="10.7635626" /><node id="-2858" lat="34.8265846" lon="10.7635285" /><node id="-2859" lat="34.8265372" lon="10.7635251" /><node id="-2860" lat="34.8261508" lon="10.7634862" /><node id="-2861" lat="34.8250299" lon="10.7632486" /><node id="-2862" lat="34.8344546" lon="10.7647501" /><node id="-2863" lat="34.8344913" lon="10.764887" /><node id="-2864" lat="34.785028" lon="10.7602514" /><node id="-2865" lat="34.785033" lon="10.7604214" /><node id="-2866" lat="34.7850374" lon="10.760488" /><node id="-2867" lat="34.7851835" lon="10.7614941" /><node id="-2868" lat="34.7852654" lon="10.7619624" /><node id="-2869" lat="34.7853031" lon="10.7621995" /><node id="-2870" lat="34.7853378" lon="10.7624009" /><node id="-2871" lat="34.7853843" lon="10.7626286" /><node id="-2872" lat="34.7854418" lon="10.7628933" /><node id="-2873" lat="34.7855187" lon="10.7632814" /><node id="-2874" lat="34.7855839" lon="10.763561" /><node id="-2875" lat="34.785621" lon="10.7636866" /><node id="-2876" lat="34.7857897" lon="10.7642497" /><node id="-2877" lat="34.7858027" lon="10.7643007" /><node id="-2878" lat="34.7859303" lon="10.7646608" /><node id="-2879" lat="34.786075" lon="10.7650074" /><node id="-2880" lat="34.7862937" lon="10.7654879" /><node id="-2881" lat="34.7863203" lon="10.7655437" /><node id="-2882" lat="34.7863709" lon="10.765663" /><node id="-2883" lat="34.7865524" lon="10.7660909" /><node id="-2884" lat="34.7866775" lon="10.7663617" /><node id="-2885" lat="34.786814" lon="10.7666201" /><node id="-2886" lat="34.7868958" lon="10.766785" /><node id="-2887" lat="34.7869698" lon="10.7668981" /><node id="-2888" lat="34.7870779" lon="10.767056" /><node id="-2889" lat="34.787334" lon="10.7673343" /><node id="-2890" lat="34.7875345" lon="10.767539" /><node id="-2891" lat="34.7877393" lon="10.7677592" /><node id="-2892" lat="34.7883321" lon="10.7683965" /><node id="-2893" lat="34.788693" lon="10.7688082" /><node id="-2894" lat="34.788782" lon="10.7689192" /><node id="-2895" lat="34.7891329" lon="10.7693269" /><node id="-2896" lat="34.7895024" lon="10.7697297" /><node id="-2897" lat="34.789633" lon="10.7698756" /><node id="-2898" lat="34.7898689" lon="10.7701288" /><node id="-2899" lat="34.7902031" lon="10.7704797" /><node id="-2900" lat="34.7903204" lon="10.770612" /><node id="-2901" lat="34.7905641" lon="10.7708853" /><node id="-2902" lat="34.7908941" lon="10.7712256" /><node id="-2903" lat="34.7912035" lon="10.7715601" /><node id="-2904" lat="34.7913893" lon="10.7717601" /><node id="-2905" lat="34.7917441" lon="10.7721789" /><node id="-2906" lat="34.7918848" lon="10.7723389" /><node id="-2907" lat="34.7919485" lon="10.7724255" /><node id="-2908" lat="34.7919925" lon="10.7725149" /><node id="-2909" lat="34.79202" lon="10.7726001" /><node id="-2910" lat="34.79203" lon="10.7726452" /><node id="-2911" lat="34.7920715" lon="10.772833" /><node id="-2912" lat="34.7920958" lon="10.7728967" /><node id="-2913" lat="34.7921277" lon="10.7729584" /><node id="-2914" lat="34.7925446" lon="10.7736357" /><node id="-2915" lat="34.7929561" lon="10.7742627" /><node id="-2916" lat="34.7930486" lon="10.7743909" /><node id="-2917" lat="34.7820959" lon="10.7603789" /><node id="-2918" lat="34.7821063" lon="10.7605459" /><node id="-2919" lat="34.7821069" lon="10.7606316" /><node id="-2920" lat="34.7821705" lon="10.7610013" /><node id="-2921" lat="34.7823505" lon="10.7615404" /><node id="-2922" lat="34.7826586" lon="10.762277" /><node id="-2923" lat="34.7826739" lon="10.7623135" /><node id="-2924" lat="34.7827487" lon="10.7624923" /><node id="-2925" lat="34.78282" lon="10.7626812" /><node id="-2926" lat="34.7828836" lon="10.7628675" /><node id="-2927" lat="34.7829991" lon="10.7631852" /><node id="-2928" lat="34.7830506" lon="10.7633229" /><node id="-2929" lat="34.7833947" lon="10.7642617" /><node id="-2930" lat="34.7834293" lon="10.7643524" /><node id="-2931" lat="34.7838029" lon="10.7653329" /><node id="-2932" lat="34.7838564" lon="10.7654793" /><node id="-2933" lat="34.7840613" lon="10.7660405" /><node id="-2934" lat="34.7843297" lon="10.7665644" /><node id="-2935" lat="34.7843899" lon="10.766673" /><node id="-2936" lat="34.7845535" lon="10.7669684" /><node id="-2937" lat="34.7846662" lon="10.7671654" /><node id="-2938" lat="34.7847279" lon="10.7672976" /><node id="-2939" lat="34.7847377" lon="10.7673371" /><node id="-2940" lat="34.7847456" lon="10.7673687" /><node id="-2941" lat="34.7847577" lon="10.7674558" /><node id="-2942" lat="34.7847656" lon="10.7675764" /><node id="-2943" lat="34.7847819" lon="10.7676932" /><node id="-2944" lat="34.7848067" lon="10.7677967" /><node id="-2945" lat="34.7848706" lon="10.7681029" /><node id="-2946" lat="34.8251025" lon="10.7634352" /><node id="-2947" lat="34.8249585" lon="10.7630334" /><node id="-2948" lat="34.7732452" lon="10.7645171" /><node id="-2949" lat="34.7732596" lon="10.7644424" /><node id="-2950" lat="34.7732646" lon="10.7643821" /><node id="-2951" lat="34.7732613" lon="10.7643198" /><node id="-2952" lat="34.7732538" lon="10.7642153" /><node id="-2953" lat="34.7732357" lon="10.7641006" /><node id="-2954" lat="34.7731963" lon="10.7639286" /><node id="-2955" lat="34.7731153" lon="10.7636685" /><node id="-2956" lat="34.7730275" lon="10.7634009" /><node id="-2957" lat="34.7729331" lon="10.7631118" /><node id="-2958" lat="34.7727729" lon="10.7626557" /><node id="-2959" lat="34.7726648" lon="10.762312" /><node id="-2960" lat="34.7726038" lon="10.7620937" /><node id="-2961" lat="34.7725615" lon="10.7619345" /><node id="-2962" lat="34.7725418" lon="10.7618542" /><node id="-2963" lat="34.7725327" lon="10.7617105" /><node id="-2964" lat="34.7725323" lon="10.7616605" /><node id="-2965" lat="34.7725321" lon="10.7616168" /><node id="-2966" lat="34.772538" lon="10.761581" /><node id="-2967" lat="34.772549" lon="10.7615491" /><node id="-2968" lat="34.772556" lon="10.7615238" /><node id="-2969" lat="34.772269" lon="10.7615359" /><node id="-2970" lat="34.7722752" lon="10.7615954" /><node id="-2971" lat="34.772283" lon="10.761662" /><node id="-2972" lat="34.7723109" lon="10.7618398" /><node id="-2973" lat="34.7723364" lon="10.7619671" /><node id="-2974" lat="34.7723718" lon="10.7621196" /><node id="-2975" lat="34.7724057" lon="10.7622594" /><node id="-2976" lat="34.77245" lon="10.7624235" /><node id="-2977" lat="34.7725097" lon="10.7626119" /><node id="-2978" lat="34.7725828" lon="10.76283" /><node id="-2979" lat="34.7726527" lon="10.7630177" /><node id="-2980" lat="34.7727333" lon="10.7632261" /><node id="-2981" lat="34.7727612" lon="10.7633" /><node id="-2982" lat="34.7728106" lon="10.7634293" /><node id="-2983" lat="34.7728709" lon="10.7636096" /><node id="-2984" lat="34.7729475" lon="10.7638458" /><node id="-2985" lat="34.7730023" lon="10.7640639" /><node id="-2986" lat="34.7730371" lon="10.7641959" /><node id="-2987" lat="34.7730699" lon="10.7643304" /><node id="-2988" lat="34.7730998" lon="10.7644976" /><node id="-2989" lat="34.7731177" lon="10.7645873" /><node id="-2990" lat="34.7731584" lon="10.7647269" /><node id="-2991" lat="34.8258191" lon="10.7637003" /><node id="-2992" lat="34.8258549" lon="10.7637058" /><node id="-2993" lat="34.8259868" lon="10.7637282" /><node id="-2994" lat="34.8271071" lon="10.7638881" /><node id="-2995" lat="34.8274451" lon="10.7639346" /><node id="-2996" lat="34.8275645" lon="10.7639507" /><node id="-2997" lat="34.8288711" lon="10.7641412" /><node id="-2998" lat="34.8289982" lon="10.7641609" /><node id="-2999" lat="34.8295955" lon="10.764242" /><node id="-3000" lat="34.8302151" lon="10.7643384" /><node id="-3001" lat="34.830842" lon="10.7644261" /><node id="-3002" lat="34.8314884" lon="10.7645168" /><node id="-3003" lat="34.8321067" lon="10.7645826" /><node id="-3004" lat="34.832643" lon="10.7646301" /><node id="-3005" lat="34.8336264" lon="10.7646933" /><node id="-3006" lat="34.8346325" lon="10.7647606" /><node id="-3007" lat="34.8347016" lon="10.7647659" /><node id="-3008" lat="34.8349422" lon="10.7647844" /><node id="-3009" lat="34.8351103" lon="10.7647948" /><node id="-3010" lat="34.8359937" lon="10.7648563" /><node id="-3011" lat="34.8360398" lon="10.7648597" /><node id="-3012" lat="34.8367108" lon="10.7649081" /><node id="-3013" lat="34.8371266" lon="10.7649357" /><node id="-3014" lat="34.8373229" lon="10.7649277" /><node id="-3015" lat="34.8375199" lon="10.7649104" /><node id="-3016" lat="34.8376972" lon="10.7648746" /><node id="-3017" lat="34.8378745" lon="10.7648286" /><node id="-3018" lat="34.8396482" lon="10.764204" /><node id="-3019" lat="34.8402808" lon="10.7639772" /><node id="-3020" lat="34.8407889" lon="10.7637965" /><node id="-3021" lat="34.8411858" lon="10.7636857" /><node id="-3022" lat="34.842152" lon="10.7633316" /><node id="-3023" lat="34.8429865" lon="10.7630386" /><node id="-3024" lat="34.8431412" lon="10.7629806" /><node id="-3025" lat="34.843291" lon="10.7629255" /><node id="-3026" lat="34.8434497" lon="10.7628734" /><node id="-3027" lat="34.8434846" lon="10.7628633" /><node id="-3028" lat="34.8444763" lon="10.7626219" /><node id="-3029" lat="34.844544" lon="10.762609" /><node id="-3030" lat="34.8447037" lon="10.7625732" /><node id="-3031" lat="34.845133" lon="10.7624771" /><node id="-3032" lat="34.8456297" lon="10.7623714" /><node id="-3033" lat="34.8458593" lon="10.7623194" /><node id="-3034" lat="34.8459143" lon="10.7623078" /><node id="-3035" lat="34.8467591" lon="10.7621157" /><node id="-3036" lat="34.8471074" lon="10.7620426" /><node id="-3037" lat="34.8478136" lon="10.7618943" /><node id="-3038" lat="34.8480868" lon="10.7618349" /><node id="-3039" lat="34.8496659" lon="10.7614998" /><node id="-3040" lat="34.8497618" lon="10.7614792" /><node id="-3041" lat="34.8513229" lon="10.761163" /><node id="-3042" lat="34.8524773" lon="10.7609935" /><node id="-3043" lat="34.853939" lon="10.7607498" /><node id="-3044" lat="34.8546431" lon="10.7606544" /><node id="-3045" lat="34.8547799" lon="10.7606342" /><node id="-3046" lat="34.8550319" lon="10.7605902" /><node id="-3047" lat="34.7722699" lon="10.760837" /><node id="-3048" lat="34.7721218" lon="10.7609008" /><node id="-3049" lat="34.7720262" lon="10.7609517" /><node id="-3050" lat="34.7718141" lon="10.7610378" /><node id="-3051" lat="34.7725316" lon="10.7610754" /><node id="-3052" lat="34.7725887" lon="10.7610426" /><node id="-3053" lat="34.7726477" lon="10.7610176" /><node id="-3054" lat="34.7727975" lon="10.7609968" /><node id="-3055" lat="34.7729266" lon="10.7609901" /><node id="-3056" lat="34.7730324" lon="10.7609884" /><node id="-3057" lat="34.7731564" lon="10.7609629" /><node id="-3058" lat="34.8250636" lon="10.7636638" /><node id="-3059" lat="34.8251875" lon="10.7636411" /><node id="-3060" lat="34.82528" lon="10.7636405" /><node id="-3061" lat="34.8254473" lon="10.7636632" /><node id="-3062" lat="34.8257065" lon="10.7637153" /><node id="-3063" lat="34.8248879" lon="10.7634262" /><node id="-3064" lat="34.8247823" lon="10.7634039" /><node id="-3065" lat="34.8246638" lon="10.7633918" /><node id="-3066" lat="34.8245192" lon="10.7633791" /><node id="-3067" lat="34.8244091" lon="10.7633877" /><node id="-3068" lat="34.837606" lon="10.7597002" /><node id="-3069" lat="34.8377193" lon="10.7595983" /><node id="-3070" lat="34.8381318" lon="10.7592332" /><node id="-3071" lat="34.8382023" lon="10.7591722" /><node id="-3072" lat="34.8385803" lon="10.758868" /><node id="-3073" lat="34.8389943" lon="10.7585247" /><node id="-3074" lat="34.8397414" lon="10.7579058" /><node id="-3075" lat="34.8402742" lon="10.7574634" /><node id="-3076" lat="34.8402848" lon="10.7574546" /><node id="-3077" lat="34.8404324" lon="10.7573322" /><node id="-3078" lat="34.8413568" lon="10.7565658" /><node id="-3079" lat="34.8422961" lon="10.7557869" /><node id="-3080" lat="34.8320503" lon="10.7622483" /><node id="-3081" lat="34.8325787" lon="10.7618755" /><node id="-3082" lat="34.8330146" lon="10.7615617" /><node id="-3083" lat="34.8331819" lon="10.7614544" /><node id="-3084" lat="34.8332722" lon="10.7614088" /><node id="-3085" lat="34.8333228" lon="10.7614008" /><node id="-3086" lat="34.8333757" lon="10.7614437" /><node id="-3087" lat="34.8334527" lon="10.7615966" /><node id="-3088" lat="34.833888" lon="10.7625909" /><node id="-3089" lat="34.8339058" lon="10.7627006" /><node id="-3090" lat="34.8339703" lon="10.7628878" /><node id="-3091" lat="34.8342466" lon="10.7633921" /><node id="-3092" lat="34.8345496" lon="10.7638822" /><node id="-3093" lat="34.8348212" lon="10.7643473" /><node id="-3094" lat="34.834966" lon="10.7645952" /><node id="-3095" lat="34.8326283" lon="10.7643985" /><node id="-3096" lat="34.8324806" lon="10.7638355" /><node id="-3097" lat="34.8322979" lon="10.7632319" /><node id="-3098" lat="34.8321686" lon="10.762797" /><node id="-3099" lat="34.8321074" lon="10.7625738" /><node id="-3100" lat="34.8320614" lon="10.7623413" /><node id="-3101" lat="34.8319752" lon="10.7620107" /><node id="-3102" lat="34.8319114" lon="10.7616944" /><node id="-3103" lat="34.8318519" lon="10.761521" /><node id="-3104" lat="34.8317696" lon="10.7612635" /><node id="-3105" lat="34.8316821" lon="10.7610053" /><node id="-3106" lat="34.8315476" lon="10.7606211" /><node id="-3107" lat="34.8315615" lon="10.7604392" /><node id="-3108" lat="34.8315505" lon="10.7603158" /><node id="-3109" lat="34.7471585" lon="10.7601737" /><node id="-3110" lat="34.7472783" lon="10.7602342" /><node id="-3111" lat="34.7478598" lon="10.7604206" /><node id="-3112" lat="34.7484487" lon="10.7606194" /><node id="-3113" lat="34.7487082" lon="10.760707" /><node id="-3114" lat="34.7487928" lon="10.7607309" /><node id="-3115" lat="34.7488775" lon="10.7607502" /><node id="-3116" lat="34.7489946" lon="10.7607779" /><node id="-3117" lat="34.7491603" lon="10.760819" /><node id="-3118" lat="34.7507897" lon="10.7611894" /><node id="-3119" lat="34.7518482" lon="10.7613938" /><node id="-3120" lat="34.7523538" lon="10.7615113" /><node id="-3121" lat="34.7540077" lon="10.7619345" /><node id="-3122" lat="34.7541262" lon="10.7619699" /><node id="-3123" lat="34.7548448" lon="10.7621579" /><node id="-3124" lat="34.7556001" lon="10.7623701" /><node id="-3125" lat="34.7562489" lon="10.7625501" /><node id="-3126" lat="34.75633" lon="10.7625726" /><node id="-3127" lat="34.7564694" lon="10.7626021" /><node id="-3128" lat="34.7568473" lon="10.7626739" /><node id="-3129" lat="34.7576294" lon="10.762786" /><node id="-3130" lat="34.7581545" lon="10.7628377" /><node id="-3131" lat="34.7583337" lon="10.7628382" /><node id="-3132" lat="34.7586651" lon="10.7628111" /><node id="-3133" lat="34.7592605" lon="10.7627604" /><node id="-3134" lat="34.760088" lon="10.7626972" /><node id="-3135" lat="34.7603674" lon="10.7626963" /><node id="-3136" lat="34.7606659" lon="10.7627141" /><node id="-3137" lat="34.7618245" lon="10.7627398" /><node id="-3138" lat="34.762222" lon="10.762744" /><node id="-3139" lat="34.7624771" lon="10.762713" /><node id="-3140" lat="34.7633539" lon="10.7625602" /><node id="-3141" lat="34.7638387" lon="10.762479" /><node id="-3142" lat="34.7639137" lon="10.7624664" /><node id="-3143" lat="34.7670001" lon="10.7619323" /><node id="-3144" lat="34.7687796" lon="10.7616318" /><node id="-3145" lat="34.7700674" lon="10.7613947" /><node id="-3146" lat="34.7703555" lon="10.7613301" /><node id="-3147" lat="34.770789" lon="10.7612346" /><node id="-3148" lat="34.7712814" lon="10.7611425" /><node id="-3149" lat="34.7714098" lon="10.7611137" /><node id="-3150" lat="34.7714746" lon="10.7610992" /><node id="-3151" lat="34.771543" lon="10.7610838" /><node id="-3152" lat="34.7722455" lon="10.7608954" /><node id="-3153" lat="34.772238" lon="10.7609603" /><node id="-3154" lat="34.7722482" lon="10.7610247" /><node id="-3155" lat="34.7722751" lon="10.7610815" /><node id="-3156" lat="34.7723156" lon="10.7611246" /><node id="-3157" lat="34.7723521" lon="10.7611449" /><node id="-3158" lat="34.7723914" lon="10.7611538" /><node id="-3159" lat="34.7724314" lon="10.7611508" /><node id="-3160" lat="34.7724696" lon="10.761136" /><node id="-3161" lat="34.7725037" lon="10.7611104" /><node id="-3162" lat="34.7725543" lon="10.7610254" /><node id="-3163" lat="34.7725644" lon="10.7609697" /><node id="-3164" lat="34.772561" lon="10.7609127" /><node id="-3165" lat="34.7725445" lon="10.7608593" /><node id="-3166" lat="34.7725163" lon="10.7608137" /><node id="-3167" lat="34.772485" lon="10.7607843" /><node id="-3168" lat="34.7724488" lon="10.7607648" /><node id="-3169" lat="34.7724098" lon="10.7607565" /><node id="-3170" lat="34.7723704" lon="10.7607598" /><node id="-3171" lat="34.7723327" lon="10.7607746" /><node id="-3172" lat="34.7722991" lon="10.7608" /><node id="-3173" lat="34.7733983" lon="10.7610082" /><node id="-3174" lat="34.773564" lon="10.7610312" /><node id="-3175" lat="34.7738701" lon="10.7610691" /><node id="-3176" lat="34.7740613" lon="10.761085" /><node id="-3177" lat="34.7742296" lon="10.7610922" /><node id="-3178" lat="34.8553814" lon="10.7605556" /><node id="-3179" lat="34.8555509" lon="10.7604927" /><node id="-3180" lat="34.8556585" lon="10.7604409" /><node id="-3181" lat="34.8558031" lon="10.7603585" /><node id="-3182" lat="34.8559174" lon="10.7602907" /><node id="-3183" lat="34.8560096" lon="10.7602525" /><node id="-3184" lat="34.8561172" lon="10.7602286" /><node id="-3185" lat="34.856197" lon="10.7602229" /><node id="-3186" lat="34.7719562" lon="10.761042" /><node id="-3187" lat="34.7720901" lon="10.7610404" /><node id="-3188" lat="34.7722064" lon="10.7610764" /><node id="-3189" lat="34.7730289" lon="10.7609302" /><node id="-3190" lat="34.7728053" lon="10.7609267" /><node id="-3191" lat="34.7726682" lon="10.7608926" /><node id="-3192" lat="34.8245008" lon="10.7634408" /><node id="-3193" lat="34.8247102" lon="10.763533" /><node id="-3194" lat="34.824877" lon="10.7636075" /><node id="-3195" lat="34.825715" lon="10.7636434" /><node id="-3196" lat="34.8255244" lon="10.7635988" /><node id="-3197" lat="34.8253615" lon="10.7635559" /><node id="-3198" lat="34.8252624" lon="10.7635217" /><node id="-3199" lat="34.8252072" lon="10.7635006" /><node id="-3200" lat="34.8251122" lon="10.7634555" /><node id="-3201" lat="34.8006566" lon="10.7624663" /><node id="-3202" lat="34.800823" lon="10.7629135" /><node id="-3203" lat="34.8010746" lon="10.7635847" /><node id="-3204" lat="34.8011479" lon="10.7637542" /><node id="-3205" lat="34.8012033" lon="10.7645679" /><node id="-3206" lat="34.8011726" lon="10.7646895" /><node id="-3207" lat="34.8011426" lon="10.7647774" /><node id="-3208" lat="34.8010425" lon="10.7650211" /><node id="-3209" lat="34.8006209" lon="10.7657357" /><node id="-3210" lat="34.8002938" lon="10.7662428" /><node id="-3211" lat="34.8002064" lon="10.7664085" /><node id="-3212" lat="34.8001466" lon="10.7665415" /><node id="-3213" lat="34.8001114" lon="10.7666574" /><node id="-3214" lat="34.8000882" lon="10.7667604" /><node id="-3215" lat="34.8000737" lon="10.7668664" /><node id="-3216" lat="34.8000725" lon="10.7668753" /><node id="-3217" lat="34.8000649" lon="10.7670267" /><node id="-3218" lat="34.800068" lon="10.7673637" /><node id="-3219" lat="34.8000975" lon="10.7680949" /><node id="-3220" lat="34.8000924" lon="10.7682387" /><node id="-3221" lat="34.800072" lon="10.7683771" /><node id="-3222" lat="34.8000455" lon="10.7685009" /><node id="-3223" lat="34.8000254" lon="10.768571" /><node id="-3224" lat="34.7999964" lon="10.7686521" /><node id="-3225" lat="34.7999362" lon="10.7687772" /><node id="-3226" lat="34.7997767" lon="10.7690591" /><node id="-3227" lat="34.7996503" lon="10.7692769" /><node id="-3228" lat="34.799533" lon="10.769485" /><node id="-3229" lat="34.7992758" lon="10.7699565" /><node id="-3230" lat="34.7991926" lon="10.7701076" /><node id="-3231" lat="34.7991019" lon="10.7702681" /><node id="-3232" lat="34.7990419" lon="10.770387" /><node id="-3233" lat="34.7989277" lon="10.7706081" /><node id="-3234" lat="34.7989118" lon="10.7706433" /><node id="-3235" lat="34.7987702" lon="10.7709172" /><node id="-3236" lat="34.7986794" lon="10.7710607" /><node id="-3237" lat="34.7986106" lon="10.7711707" /><node id="-3238" lat="34.7983906" lon="10.7714664" /><node id="-3239" lat="34.7982678" lon="10.7716305" /><node id="-3240" lat="34.7981397" lon="10.7717738" /><node id="-3241" lat="34.7979396" lon="10.771983" /><node id="-3242" lat="34.7978284" lon="10.7720768" /><node id="-3243" lat="34.7974794" lon="10.7722917" /><node id="-3244" lat="34.7973261" lon="10.7723748" /><node id="-3245" lat="34.7972078" lon="10.7724212" /><node id="-3246" lat="34.7970412" lon="10.7724516" /><node id="-3247" lat="34.7962807" lon="10.772579" /><node id="-3248" lat="34.7959877" lon="10.77263" /><node id="-3249" lat="34.7958532" lon="10.7726667" /><node id="-3250" lat="34.7956581" lon="10.7727379" /><node id="-3251" lat="34.7955163" lon="10.7727923" /><node id="-3252" lat="34.794708" lon="10.7731025" /><node id="-3253" lat="34.7945854" lon="10.7731605" /><node id="-3254" lat="34.7943802" lon="10.7732615" /><node id="-3255" lat="34.7942951" lon="10.7733225" /><node id="-3256" lat="34.7942029" lon="10.7734062" /><node id="-3257" lat="34.7940943" lon="10.7735261" /><node id="-3258" lat="34.7938139" lon="10.7738691" /><node id="-3259" lat="34.7938056" lon="10.7738792" /><node id="-3260" lat="34.7936351" lon="10.7740909" /><node id="-3261" lat="34.7932731" lon="10.7745403" /><node id="-3262" lat="34.7932236" lon="10.7745924" /><node id="-3263" lat="34.7928929" lon="10.7749754" /><node id="-3264" lat="34.7923603" lon="10.7756296" /><node id="-3265" lat="34.7919191" lon="10.7762737" /><node id="-3266" lat="34.7912805" lon="10.7772051" /><node id="-3267" lat="34.791117" lon="10.7774569" /><node id="-3268" lat="34.7903799" lon="10.7785564" /><node id="-3269" lat="34.7902635" lon="10.7787366" /><node id="-3270" lat="34.7900986" lon="10.7789859" /><node id="-3271" lat="34.7899902" lon="10.7791998" /><node id="-3272" lat="34.7898927" lon="10.7794136" /><node id="-3273" lat="34.7587917" lon="10.7687356" /><node id="-3274" lat="34.7589248" lon="10.7689064" /><node id="-3275" lat="34.7580826" lon="10.7676959" /><node id="-3276" lat="34.7750278" lon="10.7706995" /><node id="-3277" lat="34.775406" lon="10.7704245" /><node id="-3278" lat="34.7754268" lon="10.7704016" /><node id="-3279" lat="34.7754493" lon="10.7703681" /><node id="-3280" lat="34.775462" lon="10.7703312" /><node id="-3281" lat="34.7754653" lon="10.770301" /><node id="-3282" lat="34.7754593" lon="10.7702708" /><node id="-3283" lat="34.7753833" lon="10.7701347" /><node id="-3284" lat="34.7753733" lon="10.7700931" /><node id="-3285" lat="34.7753821" lon="10.7700636" /><node id="-3286" lat="34.7754025" lon="10.7700375" /><node id="-3287" lat="34.7755116" lon="10.7699483" /><node id="-3288" lat="34.766415" lon="10.767592" /><node id="-3289" lat="34.755788" lon="10.7662402" /><node id="-3290" lat="34.7561406" lon="10.7660564" /><node id="-3291" lat="34.7555914" lon="10.7662527" /><node id="-3292" lat="34.7554397" lon="10.7663357" /><node id="-3293" lat="34.7666774" lon="10.7660659" /><node id="-3294" lat="34.7668027" lon="10.7660219" /><node id="-3295" lat="34.766736" lon="10.7666475" /><node id="-3296" lat="34.7668602" lon="10.766562" /><node id="-3297" lat="34.7670532" lon="10.7664407" /><node id="-3298" lat="34.7671748" lon="10.7663472" /><node id="-3299" lat="34.7672271" lon="10.7663036" /><node id="-3300" lat="34.7673528" lon="10.7662184" /><node id="-3301" lat="34.7678905" lon="10.7667947" /><node id="-3302" lat="34.7545604" lon="10.7662172" /><node id="-3303" lat="34.7545658" lon="10.7661657" /><node id="-3304" lat="34.754606" lon="10.7661223" /><node id="-3305" lat="34.7657984" lon="10.766619" /><node id="-3306" lat="34.7657059" lon="10.7667343" /><node id="-3307" lat="34.7656111" lon="10.7668389" /><node id="-3308" lat="34.7654266" lon="10.7670386" /><node id="-3309" lat="34.7652994" lon="10.7671756" /><node id="-3310" lat="34.7576452" lon="10.7680241" /><node id="-3311" lat="34.7579121" lon="10.768461" /><node id="-3312" lat="34.7579159" lon="10.7684918" /><node id="-3313" lat="34.7579099" lon="10.7685167" /><node id="-3314" lat="34.7578922" lon="10.7685421" /><node id="-3315" lat="34.7575368" lon="10.7688185" /><node id="-3316" lat="34.7560812" lon="10.7699221" /><node id="-3317" lat="34.7559865" lon="10.7700527" /><node id="-3318" lat="34.7596663" lon="10.7683275" /><node id="-3319" lat="34.7595307" lon="10.7684286" /><node id="-3320" lat="34.7594422" lon="10.7684852" /><node id="-3321" lat="34.7593495" lon="10.7685454" /><node id="-3322" lat="34.7592969" lon="10.7685883" /><node id="-3323" lat="34.7590599" lon="10.7688124" /><node id="-3324" lat="34.7589604" lon="10.7689093" /><node id="-3325" lat="34.7586164" lon="10.7692097" /><node id="-3326" lat="34.758333" lon="10.769562" /><node id="-3327" lat="34.7580756" lon="10.7698808" /><node id="-3328" lat="34.7577726" lon="10.7703323" /><node id="-3329" lat="34.7577174" lon="10.7703983" /><node id="-3330" lat="34.7574231" lon="10.7706241" /><node id="-3331" lat="34.7573364" lon="10.7706999" /><node id="-3332" lat="34.7593312" lon="10.760758" /><node id="-3333" lat="34.7595168" lon="10.7613304" /><node id="-3334" lat="34.7595234" lon="10.7613679" /><node id="-3335" lat="34.7595168" lon="10.7614021" /><node id="-3336" lat="34.759497" lon="10.7614289" /><node id="-3337" lat="34.7594744" lon="10.7614437" /><node id="-3338" lat="34.7591907" lon="10.7615979" /><node id="-3339" lat="34.7598358" lon="10.7610092" /><node id="-3340" lat="34.7598138" lon="10.7610239" /><node id="-3341" lat="34.7598094" lon="10.7610615" /><node id="-3342" lat="34.7599295" lon="10.761386" /><node id="-3343" lat="34.7599063" lon="10.7613887" /><node id="-3344" lat="34.7598931" lon="10.7613672" /><node id="-3345" lat="34.7598517" lon="10.7612288" /><node id="-3346" lat="34.7597102" lon="10.7613035" /><node id="-3347" lat="34.7596959" lon="10.7613169" /><node id="-3348" lat="34.7596898" lon="10.7613444" /><node id="-3349" lat="34.7597303" lon="10.761469" /><node id="-3350" lat="34.7609574" lon="10.7647133" /><node id="-3351" lat="34.7616868" lon="10.7643941" /><node id="-3352" lat="34.7618374" lon="10.7643677" /><node id="-3353" lat="34.7619237" lon="10.7643525" /><node id="-3354" lat="34.7620669" lon="10.7643244" /><node id="-3355" lat="34.7622437" lon="10.7642961" /><node id="-3356" lat="34.762349" lon="10.7642493" /><node id="-3357" lat="34.7626443" lon="10.7641108" /><node id="-3358" lat="34.762931" lon="10.7639841" /><node id="-3359" lat="34.774363" lon="10.7614451" /><node id="-3360" lat="34.7743186" lon="10.761514" /><node id="-3361" lat="34.7742862" lon="10.76158" /><node id="-3362" lat="34.7742692" lon="10.7616528" /><node id="-3363" lat="34.7742652" lon="10.7617513" /><node id="-3364" lat="34.7742689" lon="10.7618578" /><node id="-3365" lat="34.7743143" lon="10.7624103" /><node id="-3366" lat="34.7760767" lon="10.7629673" /><node id="-3367" lat="34.7751872" lon="10.7633997" /><node id="-3368" lat="34.7745035" lon="10.7636355" /><node id="-3369" lat="34.7744022" lon="10.7636786" /><node id="-3370" lat="34.7790193" lon="10.7608623" /><node id="-3371" lat="34.7792023" lon="10.7616021" /><node id="-3372" lat="34.7793747" lon="10.7622559" /><node id="-3373" lat="34.7794595" lon="10.7625746" /><node id="-3374" lat="34.7794843" lon="10.7627427" /><node id="-3375" lat="34.7795143" lon="10.7629419" /><node id="-3376" lat="34.779557" lon="10.7631076" /><node id="-3377" lat="34.7796548" lon="10.7634348" /><node id="-3378" lat="34.7796917" lon="10.7635381" /><node id="-3379" lat="34.7797645" lon="10.763757" /><node id="-3380" lat="34.7797791" lon="10.763801" /><node id="-3381" lat="34.7798648" lon="10.7640449" /><node id="-3382" lat="34.779965" lon="10.7642844" /><node id="-3383" lat="34.7799971" lon="10.7643297" /><node id="-3384" lat="34.7800263" lon="10.7643522" /><node id="-3385" lat="34.7957958" lon="10.7724112" /><node id="-3386" lat="34.7957187" lon="10.772336" /><node id="-3387" lat="34.795663" lon="10.7722691" /><node id="-3388" lat="34.795612" lon="10.7722164" /><node id="-3389" lat="34.795435" lon="10.7720357" /><node id="-3390" lat="34.7951492" lon="10.771799" /><node id="-3391" lat="34.7949482" lon="10.7716857" /><node id="-3392" lat="34.7947277" lon="10.7714741" /><node id="-3393" lat="34.7946569" lon="10.7714074" /><node id="-3394" lat="34.794566" lon="10.7712936" /><node id="-3395" lat="34.7943932" lon="10.7710775" /><node id="-3396" lat="34.7942725" lon="10.770907" /><node id="-3397" lat="34.794155" lon="10.7707411" /><node id="-3398" lat="34.7939634" lon="10.7704341" /><node id="-3399" lat="34.7937947" lon="10.7701987" /><node id="-3400" lat="34.7936312" lon="10.7699943" /><node id="-3401" lat="34.7935477" lon="10.7698881" /><node id="-3402" lat="34.7932921" lon="10.7696237" /><node id="-3403" lat="34.7932549" lon="10.7695493" /><node id="-3404" lat="34.7932052" lon="10.7693125" /><node id="-3405" lat="34.7929855" lon="10.7689923" /><node id="-3406" lat="34.792903" lon="10.768872" /><node id="-3407" lat="34.7926222" lon="10.7684626" /><node id="-3408" lat="34.792469" lon="10.7682821" /><node id="-3409" lat="34.8049119" lon="10.7688977" /><node id="-3410" lat="34.8052478" lon="10.7695323" /><node id="-3411" lat="34.8055417" lon="10.7700582" /><node id="-3412" lat="34.8057145" lon="10.7703956" /><node id="-3413" lat="34.8059733" lon="10.7708897" /><node id="-3414" lat="34.8062998" lon="10.770637" /><node id="-3415" lat="34.8066168" lon="10.7710341" /><node id="-3416" lat="34.8067932" lon="10.7712376" /><node id="-3417" lat="34.8072726" lon="10.7718129" /><node id="-3418" lat="34.8074669" lon="10.7720642" /><node id="-3419" lat="34.8075964" lon="10.7722077" /><node id="-3420" lat="34.8076348" lon="10.7722503" /><node id="-3421" lat="34.8067337" lon="10.7659351" /><node id="-3422" lat="34.8073586" lon="10.7653369" /><node id="-3423" lat="34.8077495" lon="10.7649618" /><node id="-3424" lat="34.8078347" lon="10.7650996" /><node id="-3425" lat="34.8078805" lon="10.7651277" /><node id="-3426" lat="34.8079365" lon="10.7651363" /><node id="-3427" lat="34.8079686" lon="10.7651364" /><node id="-3428" lat="34.8081811" lon="10.7650298" /><node id="-3429" lat="34.8084344" lon="10.7648393" /><node id="-3430" lat="34.8089312" lon="10.764481" /><node id="-3431" lat="34.8091072" lon="10.7643807" /><node id="-3432" lat="34.8092886" lon="10.764305" /><node id="-3433" lat="34.8098672" lon="10.7640444" /><node id="-3434" lat="34.8102577" lon="10.7636191" /><node id="-3435" lat="34.809791" lon="10.7638232" /><node id="-3436" lat="34.8084002" lon="10.7618809" /><node id="-3437" lat="34.8084993" lon="10.7626037" /><node id="-3438" lat="34.8086237" lon="10.7632918" /><node id="-3439" lat="34.8086542" lon="10.7634872" /><node id="-3440" lat="34.8087414" lon="10.7638294" /><node id="-3441" lat="34.8090224" lon="10.7653181" /><node id="-3442" lat="34.8558356" lon="10.7618111" /><node id="-3443" lat="34.8562681" lon="10.7630584" /><node id="-3444" lat="34.8567187" lon="10.7643063" /><node id="-3445" lat="34.8569614" lon="10.7650526" /><node id="-3446" lat="34.8570879" lon="10.7653423" /><node id="-3447" lat="34.8571774" lon="10.765596" /><node id="-3448" lat="34.8572385" lon="10.7657455" /><node id="-3449" lat="34.8572798" lon="10.7658392" /><node id="-3450" lat="34.8573708" lon="10.7661746" /><node id="-3451" lat="34.8574017" lon="10.7665486" /><node id="-3452" lat="34.8574192" lon="10.7670151" /><node id="-3453" lat="34.8574288" lon="10.7671093" /><node id="-3454" lat="34.8574314" lon="10.7671638" /><node id="-3455" lat="34.8574332" lon="10.7672012" /><node id="-3456" lat="34.8574352" lon="10.7672434" /><node id="-3457" lat="34.8574379" lon="10.7673006" /><node id="-3458" lat="34.8574516" lon="10.7675169" /><node id="-3459" lat="34.8574417" lon="10.7676356" /><node id="-3460" lat="34.8574065" lon="10.7677583" /><node id="-3461" lat="34.8573222" lon="10.7679162" /><node id="-3462" lat="34.8572229" lon="10.768043" /><node id="-3463" lat="34.857124" lon="10.7681614" /><node id="-3464" lat="34.8570769" lon="10.7682197" /><node id="-3465" lat="34.8566477" lon="10.7687031" /><node id="-3466" lat="34.8563251" lon="10.7691475" /><node id="-3467" lat="34.8561749" lon="10.7694027" /><node id="-3468" lat="34.8560797" lon="10.7695471" /><node id="-3469" lat="34.8560081" lon="10.7696137" /><node id="-3470" lat="34.8559232" lon="10.7696454" /><node id="-3471" lat="34.8558197" lon="10.7695881" /><node id="-3472" lat="34.8557184" lon="10.7694932" /><node id="-3473" lat="34.8555773" lon="10.7693008" /><node id="-3474" lat="34.855423" lon="10.7691398" /><node id="-3475" lat="34.8551159" lon="10.7688138" /><node id="-3476" lat="34.8549239" lon="10.7686251" /><node id="-3477" lat="34.854636" lon="10.7683584" /><node id="-3478" lat="34.8542211" lon="10.7679158" /><node id="-3479" lat="34.8537512" lon="10.7673854" /><node id="-3480" lat="34.8537275" lon="10.767362" /><node id="-3481" lat="34.8537083" lon="10.7673445" /><node id="-3482" lat="34.8536686" lon="10.7673244" /><node id="-3483" lat="34.8536422" lon="10.7673218" /><node id="-3484" lat="34.8536315" lon="10.7673236" /><node id="-3485" lat="34.8536249" lon="10.7673249" /><node id="-3486" lat="34.8536004" lon="10.7673325" /><node id="-3487" lat="34.8535597" lon="10.7673633" /><node id="-3488" lat="34.8528873" lon="10.7680406" /><node id="-3489" lat="34.8520608" lon="10.7687822" /><node id="-3490" lat="34.8516381" lon="10.7691979" /><node id="-3491" lat="34.8514466" lon="10.7693997" /><node id="-3492" lat="34.8505915" lon="10.7703003" /><node id="-3493" lat="34.8499521" lon="10.7710272" /><node id="-3494" lat="34.8497147" lon="10.7712924" /><node id="-3495" lat="34.8495008" lon="10.7715315" /><node id="-3496" lat="34.8491211" lon="10.7719673" /><node id="-3497" lat="34.8489825" lon="10.7721229" /><node id="-3498" lat="34.8487205" lon="10.7723871" /><node id="-3499" lat="34.848595" lon="10.7725252" /><node id="-3500" lat="34.848332" lon="10.7728364" /><node id="-3501" lat="34.8481251" lon="10.7731006" /><node id="-3502" lat="34.8480062" lon="10.7732575" /><node id="-3503" lat="34.8478687" lon="10.7734251" /><node id="-3504" lat="34.8477179" lon="10.7736115" /><node id="-3505" lat="34.8475979" lon="10.7737671" /><node id="-3506" lat="34.847511" lon="10.7738771" /><node id="-3507" lat="34.8474504" lon="10.7739589" /><node id="-3508" lat="34.8474053" lon="10.7740206" /><node id="-3509" lat="34.8473448" lon="10.7741252" /><node id="-3510" lat="34.8471676" lon="10.7744309" /><node id="-3511" lat="34.8470146" lon="10.7746817" /><node id="-3512" lat="34.8469518" lon="10.7747729" /><node id="-3513" lat="34.8469133" lon="10.7748306" /><node id="-3514" lat="34.8468242" lon="10.7749513" /><node id="-3515" lat="34.8467372" lon="10.7750693" /><node id="-3516" lat="34.8465787" lon="10.7752664" /><node id="-3517" lat="34.8463509" lon="10.775587" /><node id="-3518" lat="34.8461473" lon="10.7758699" /><node id="-3519" lat="34.8459855" lon="10.7760617" /><node id="-3520" lat="34.8458853" lon="10.7761717" /><node id="-3521" lat="34.8457907" lon="10.7762575" /><node id="-3522" lat="34.8456542" lon="10.7763581" /><node id="-3523" lat="34.8456168" lon="10.7763822" /><node id="-3524" lat="34.8455849" lon="10.7764091" /><node id="-3525" lat="34.8455463" lon="10.7764614" /><node id="-3526" lat="34.8453548" lon="10.7767859" /><node id="-3527" lat="34.845247" lon="10.7769522" /><node id="-3528" lat="34.8451985" lon="10.7770072" /><node id="-3529" lat="34.8450125" lon="10.7771735" /><node id="-3530" lat="34.8448089" lon="10.7773425" /><node id="-3531" lat="34.8447103" lon="10.7774217" /><node id="-3532" lat="34.8446152" lon="10.777498" /><node id="-3533" lat="34.8444831" lon="10.7775839" /><node id="-3534" lat="34.8443686" lon="10.7776536" /><node id="-3535" lat="34.8442663" lon="10.7776979" /><node id="-3536" lat="34.8441232" lon="10.777726" /><node id="-3537" lat="34.844001" lon="10.7777314" /><node id="-3538" lat="34.8439262" lon="10.7777515" /><node id="-3539" lat="34.843875" lon="10.777771" /><node id="-3540" lat="34.8438238" lon="10.7778051" /><node id="-3541" lat="34.8436565" lon="10.7779647" /><node id="-3542" lat="34.8434463" lon="10.7781968" /><node id="-3543" lat="34.8431656" lon="10.778524" /><node id="-3544" lat="34.8429511" lon="10.7787963" /><node id="-3545" lat="34.8428692" lon="10.7789165" /><node id="-3546" lat="34.8428484" lon="10.7789801" /><node id="-3547" lat="34.84282" lon="10.7790524" /><node id="-3548" lat="34.842721" lon="10.7792723" /><node id="-3549" lat="34.8419252" lon="10.7805102" /><node id="-3550" lat="34.8411822" lon="10.7817735" /><node id="-3551" lat="34.8351612" lon="10.7653919" /><node id="-3552" lat="34.835664" lon="10.766202" /><node id="-3553" lat="34.8359075" lon="10.7665724" /><node id="-3554" lat="34.8363393" lon="10.7672416" /><node id="-3555" lat="34.8366428" lon="10.7677013" /><node id="-3556" lat="34.8367639" lon="10.7678944" /><node id="-3557" lat="34.8368541" lon="10.7680419" /><node id="-3558" lat="34.8369158" lon="10.7681009" /><node id="-3559" lat="34.836984" lon="10.7681277" /><node id="-3560" lat="34.8370435" lon="10.7681358" /><node id="-3561" lat="34.8371469" lon="10.7681546" /><node id="-3562" lat="34.837246" lon="10.7682162" /><node id="-3563" lat="34.8373253" lon="10.7683343" /><node id="-3564" lat="34.8373979" lon="10.7684791" /><node id="-3565" lat="34.837574" lon="10.768801" /><node id="-3566" lat="34.8376738" lon="10.7689605" /><node id="-3567" lat="34.8377854" lon="10.7691389" /><node id="-3568" lat="34.8379527" lon="10.7693884" /><node id="-3569" lat="34.8380628" lon="10.7695681" /><node id="-3570" lat="34.838164" lon="10.7697585" /><node id="-3571" lat="34.8382609" lon="10.7699865" /><node id="-3572" lat="34.8383225" lon="10.7701662" /><node id="-3573" lat="34.838393" lon="10.7703915" /><node id="-3574" lat="34.8384832" lon="10.7706021" /><node id="-3575" lat="34.8387518" lon="10.7711492" /><node id="-3576" lat="34.8392141" lon="10.7720625" /><node id="-3577" lat="34.8393264" lon="10.7722597" /><node id="-3578" lat="34.8394607" lon="10.7724863" /><node id="-3579" lat="34.8395796" lon="10.7726902" /><node id="-3580" lat="34.8397447" lon="10.7729664" /><node id="-3581" lat="34.8398448" lon="10.7731287" /><node id="-3582" lat="34.8399615" lon="10.7733279" /><node id="-3583" lat="34.840125" lon="10.7735974" /><node id="-3584" lat="34.8403616" lon="10.7739796" /><node id="-3585" lat="34.8405397" lon="10.7742456" /><node id="-3586" lat="34.8406054" lon="10.7743438" /><node id="-3587" lat="34.8408091" lon="10.7746442" /><node id="-3588" lat="34.8408787" lon="10.7747429" /><node id="-3589" lat="34.8409543" lon="10.77485" /><node id="-3590" lat="34.8411932" lon="10.7752027" /><node id="-3591" lat="34.8414023" lon="10.7755011" /><node id="-3592" lat="34.8410501" lon="10.7758324" /><node id="-3593" lat="34.8407611" lon="10.7761103" /><node id="-3594" lat="34.8407947" lon="10.7761891" /><node id="-3595" lat="34.8408311" lon="10.7762582" /><node id="-3596" lat="34.840885" lon="10.7763373" /><node id="-3597" lat="34.8409578" lon="10.7764344" /><node id="-3598" lat="34.8412389" lon="10.7768349" /><node id="-3599" lat="34.8413693" lon="10.7770112" /><node id="-3600" lat="34.8414739" lon="10.7771386" /><node id="-3601" lat="34.8417964" lon="10.7775128" /><node id="-3602" lat="34.8418582" lon="10.7775815" /><node id="-3603" lat="34.8419219" lon="10.7776523" /><node id="-3604" lat="34.8420407" lon="10.7778051" /><node id="-3605" lat="34.8421563" lon="10.7779634" /><node id="-3606" lat="34.8422587" lon="10.7781284" /><node id="-3607" lat="34.8423742" lon="10.7783067" /><node id="-3608" lat="34.8424128" lon="10.7783619" /><node id="-3609" lat="34.8424689" lon="10.7784422" /><node id="-3610" lat="34.8425988" lon="10.7785951" /><node id="-3611" lat="34.8427331" lon="10.778756" /><node id="-3612" lat="34.8340193" lon="10.7652715" /><node id="-3613" lat="34.8335291" lon="10.7652162" /><node id="-3614" lat="34.8331336" lon="10.7651733" /><node id="-3615" lat="34.8324825" lon="10.7651148" /><node id="-3616" lat="34.8316743" lon="10.7650421" /><node id="-3617" lat="34.8309939" lon="10.7649758" /><node id="-3618" lat="34.8300589" lon="10.7648974" /><node id="-3619" lat="34.8292931" lon="10.7648184" /><node id="-3620" lat="34.8285816" lon="10.7647522" /><node id="-3621" lat="34.8278465" lon="10.764697" /><node id="-3622" lat="34.8269765" lon="10.7645872" /><node id="-3623" lat="34.8260669" lon="10.7644716" /><node id="-3624" lat="34.8259187" lon="10.7644363" /><node id="-3625" lat="34.8255672" lon="10.76436" /><node id="-3626" lat="34.8248434" lon="10.764212" /><node id="-3627" lat="34.8244378" lon="10.7641284" /><node id="-3628" lat="34.8241271" lon="10.7640561" /><node id="-3629" lat="34.8231902" lon="10.7638224" /><node id="-3630" lat="34.8229425" lon="10.7637544" /><node id="-3631" lat="34.8225453" lon="10.7636619" /><node id="-3632" lat="34.8222502" lon="10.7635894" /><node id="-3633" lat="34.8218044" lon="10.7634594" /><node id="-3634" lat="34.8215115" lon="10.7633789" /><node id="-3635" lat="34.8210931" lon="10.7632636" /><node id="-3636" lat="34.8208058" lon="10.7631831" /><node id="-3637" lat="34.8203335" lon="10.7630503" /><node id="-3638" lat="34.8198755" lon="10.7629323" /><node id="-3639" lat="34.8195804" lon="10.7628599" /><node id="-3640" lat="34.8193272" lon="10.7628022" /><node id="-3641" lat="34.818987" lon="10.7627392" /><node id="-3642" lat="34.8186225" lon="10.7626762" /><node id="-3643" lat="34.8255706" lon="10.7638859" /><node id="-3644" lat="34.8256752" lon="10.7640065" /><node id="-3645" lat="34.8257567" lon="10.7640964" /><node id="-3646" lat="34.8258392" lon="10.7641634" /><node id="-3647" lat="34.8259309" lon="10.7642454" /><node id="-3648" lat="34.8259254" lon="10.7643393" /><node id="-3649" lat="34.8248869" lon="10.770354" /><node id="-3650" lat="34.8256455" lon="10.7696834" /><node id="-3651" lat="34.8258552" lon="10.7696909" /><node id="-3652" lat="34.8260078" lon="10.7696604" /><node id="-3653" lat="34.8265648" lon="10.7691806" /><node id="-3654" lat="34.8267025" lon="10.7690644" /><node id="-3655" lat="34.8268745" lon="10.768944" /><node id="-3656" lat="34.8271514" lon="10.7687222" /><node id="-3657" lat="34.8274768" lon="10.7684104" /><node id="-3658" lat="34.8280756" lon="10.7652663" /><node id="-3659" lat="34.8283355" lon="10.7659187" /><node id="-3660" lat="34.8284297" lon="10.7662078" /><node id="-3661" lat="34.8282993" lon="10.7664336" /><node id="-3662" lat="34.8289677" lon="10.7674012" /><node id="-3663" lat="34.8291375" lon="10.7676577" /><node id="-3664" lat="34.8292355" lon="10.7677985" /><node id="-3665" lat="34.8292616" lon="10.7678374" /><node id="-3666" lat="34.8292812" lon="10.7678635" /><node id="-3667" lat="34.8293433" lon="10.7678072" /><node id="-3668" lat="34.8293929" lon="10.7677603" /><node id="-3669" lat="34.8295668" lon="10.7675859" /><node id="-3670" lat="34.829689" lon="10.7674626" /><node id="-3671" lat="34.8297738" lon="10.7673821" /><node id="-3672" lat="34.8298145" lon="10.7673646" /><node id="-3673" lat="34.8298497" lon="10.767366" /><node id="-3674" lat="34.8298751" lon="10.7673714" /><node id="-3675" lat="34.8299092" lon="10.7673955" /><node id="-3676" lat="34.8299455" lon="10.7674451" /><node id="-3677" lat="34.8302297" lon="10.7679144" /><node id="-3678" lat="34.8305246" lon="10.7684013" /><node id="-3679" lat="34.8305455" lon="10.7684268" /><node id="-3680" lat="34.8305719" lon="10.7684308" /><node id="-3681" lat="34.8305994" lon="10.7684255" /><node id="-3682" lat="34.8306335" lon="10.7684094" /><node id="-3683" lat="34.8312555" lon="10.7679735" /><node id="-3684" lat="34.8312962" lon="10.7679467" /><node id="-3685" lat="34.8314129" lon="10.7678662" /><node id="-3686" lat="34.8314581" lon="10.7679547" /><node id="-3687" lat="34.832036" lon="10.7687862" /><node id="-3688" lat="34.8323508" lon="10.7692261" /><node id="-3689" lat="34.8324356" lon="10.7693589" /><node id="-3690" lat="34.8326073" lon="10.7696378" /><node id="-3691" lat="34.8326921" lon="10.769788" /><node id="-3692" lat="34.8326998" lon="10.7698524" /><node id="-3693" lat="34.8326899" lon="10.769894" /><node id="-3694" lat="34.8326591" lon="10.7699449" /><node id="-3695" lat="34.8325963" lon="10.7699919" /><node id="-3696" lat="34.8324554" lon="10.7701072" /><node id="-3697" lat="34.8321912" lon="10.7704358" /><node id="-3698" lat="34.8133133" lon="10.7621692" /><node id="-3699" lat="34.8133805" lon="10.7627888" /><node id="-3700" lat="34.8134356" lon="10.7631348" /><node id="-3701" lat="34.813484" lon="10.7633319" /><node id="-3702" lat="34.813517" lon="10.763462" /><node id="-3703" lat="34.813762" lon="10.7643787" /><node id="-3704" lat="34.8140136" lon="10.7650888" /><node id="-3705" lat="34.8143175" lon="10.7660168" /><node id="-3706" lat="34.8144122" lon="10.7662489" /><node id="-3707" lat="34.8145851" lon="10.7668564" /><node id="-3708" lat="34.8148075" lon="10.7676999" /><node id="-3709" lat="34.8149539" lon="10.768168" /><node id="-3710" lat="34.8132854" lon="10.7646081" /><node id="-3711" lat="34.8110022" lon="10.7659596" /><node id="-3712" lat="34.8104941" lon="10.7662253" /><node id="-3713" lat="34.8102999" lon="10.7663788" /><node id="-3714" lat="34.81021" lon="10.7664955" /><node id="-3715" lat="34.8100367" lon="10.7667181" /><node id="-3716" lat="34.8098834" lon="10.766849" /><node id="-3717" lat="34.8096416" lon="10.766937" /><node id="-3718" lat="34.8092679" lon="10.7671675" /><node id="-3719" lat="34.8092085" lon="10.7671541" /><node id="-3720" lat="34.808991" lon="10.7666994" /><node id="-3721" lat="34.8088226" lon="10.7664231" /><node id="-3722" lat="34.8085349" lon="10.7658342" /><node id="-3723" lat="34.810795" lon="10.7674824" /><node id="-3724" lat="34.8105247" lon="10.7676612" /><node id="-3725" lat="34.8100772" lon="10.7679655" /><node id="-3726" lat="34.8086768" lon="10.7703755" /><node id="-3727" lat="34.8081694" lon="10.7707933" /><node id="-3728" lat="34.8077268" lon="10.7713155" /><node id="-3729" lat="34.8075019" lon="10.7715731" /><node id="-3730" lat="34.8086255" lon="10.7715066" /><node id="-3731" lat="34.8084378" lon="10.7712131" /><node id="-3732" lat="34.8083975" lon="10.77115" /><node id="-3733" lat="34.8074459" lon="10.7697328" /><node id="-3734" lat="34.8073299" lon="10.7696237" /><node id="-3735" lat="34.8072402" lon="10.7695977" /><node id="-3736" lat="34.806956" lon="10.7698883" /><node id="-3737" lat="34.8067468" lon="10.7701226" /><node id="-3738" lat="34.8038404" lon="10.768614" /><node id="-3739" lat="34.8044343" lon="10.76806" /><node id="-3740" lat="34.8044845" lon="10.7678797" /><node id="-3741" lat="34.8048089" lon="10.767501" /><node id="-3742" lat="34.8052835" lon="10.7669552" /><node id="-3743" lat="34.8049674" lon="10.7664627" /><node id="-3744" lat="34.8047513" lon="10.7661258" /><node id="-3745" lat="34.8134564" lon="10.7664565" /><node id="-3746" lat="34.8134924" lon="10.766911" /><node id="-3747" lat="34.8135413" lon="10.7671156" /><node id="-3748" lat="34.8135603" lon="10.7672243" /><node id="-3749" lat="34.8135849" lon="10.76735" /><node id="-3750" lat="34.813839" lon="10.76807" /><node id="-3751" lat="34.8133751" lon="10.7682692" /><node id="-3752" lat="34.8155507" lon="10.7655408" /><node id="-3753" lat="34.8154134" lon="10.7655927" /><node id="-3754" lat="34.8149224" lon="10.7659525" /><node id="-3755" lat="34.8146867" lon="10.7660715" /><node id="-3756" lat="34.8157274" lon="10.7646298" /><node id="-3757" lat="34.8152227" lon="10.764894" /><node id="-3758" lat="34.8149729" lon="10.7650103" /><node id="-3759" lat="34.8147491" lon="10.7650941" /><node id="-3760" lat="34.8145926" lon="10.7647212" /><node id="-3761" lat="34.8144053" lon="10.7648141" /><node id="-3762" lat="34.814229" lon="10.7648668" /><node id="-3763" lat="34.8153878" lon="10.7631906" /><node id="-3764" lat="34.8140586" lon="10.7633004" /><node id="-3765" lat="34.816288" lon="10.7636523" /><node id="-3766" lat="34.8154564" lon="10.7638542" /><node id="-3767" lat="34.8145652" lon="10.764153" /><node id="-3768" lat="34.8128149" lon="10.765895" /><node id="-3769" lat="34.8131674" lon="10.7659909" /><node id="-3770" lat="34.8133349" lon="10.7661511" /><node id="-3771" lat="34.8137577" lon="10.7658833" /><node id="-3772" lat="34.8075819" lon="10.764066" /><node id="-3773" lat="34.8074689" lon="10.7641434" /><node id="-3774" lat="34.8073964" lon="10.7642037" /><node id="-3775" lat="34.8076085" lon="10.7646449" /><node id="-3776" lat="34.806451" lon="10.7648588" /><node id="-3777" lat="34.8072622" lon="10.7634097" /><node id="-3778" lat="34.8070648" lon="10.763025" /><node id="-3779" lat="34.848485" lon="10.7722771" /><node id="-3780" lat="34.848255" lon="10.7721658" /><node id="-3781" lat="34.8480497" lon="10.7720532" /><node id="-3782" lat="34.847801" lon="10.7719244" /><node id="-3783" lat="34.8476617" lon="10.77186" /><node id="-3784" lat="34.8475654" lon="10.7718138" /><node id="-3785" lat="34.8475233" lon="10.7717929" /><node id="-3786" lat="34.8472677" lon="10.7716662" /><node id="-3787" lat="34.8469887" lon="10.7715174" /><node id="-3788" lat="34.8467884" lon="10.7714108" /><node id="-3789" lat="34.8466057" lon="10.7713062" /><node id="-3790" lat="34.8463872" lon="10.771164" /><node id="-3791" lat="34.8461605" lon="10.7710104" /><node id="-3792" lat="34.8459932" lon="10.7709005" /><node id="-3793" lat="34.8458386" lon="10.7707992" /><node id="-3794" lat="34.8455843" lon="10.7706108" /><node id="-3795" lat="34.8453394" lon="10.7704197" /><node id="-3796" lat="34.8450235" lon="10.7701917" /><node id="-3797" lat="34.8448155" lon="10.7700516" /><node id="-3798" lat="34.8446708" lon="10.7699624" /><node id="-3799" lat="34.8446317" lon="10.7699342" /><node id="-3800" lat="34.8445822" lon="10.7699074" /><node id="-3801" lat="34.8445293" lon="10.7699027" /><node id="-3802" lat="34.8444699" lon="10.7699195" /><node id="-3803" lat="34.8443912" lon="10.7699771" /><node id="-3804" lat="34.84428" lon="10.7700757" /><node id="-3805" lat="34.844214" lon="10.7701347" /><node id="-3806" lat="34.844165" lon="10.7701723" /><node id="-3807" lat="34.8441496" lon="10.7701783" /><node id="-3808" lat="34.8441309" lon="10.770183" /><node id="-3809" lat="34.8440902" lon="10.7701837" /><node id="-3810" lat="34.844028" lon="10.7701609" /><node id="-3811" lat="34.8439895" lon="10.7701381" /><node id="-3812" lat="34.8439399" lon="10.7701059" /><node id="-3813" lat="34.8438899" lon="10.770079" /><node id="-3814" lat="34.8438601" lon="10.7700663" /><node id="-3815" lat="34.8437754" lon="10.7700737" /><node id="-3816" lat="34.8437066" lon="10.7701106" /><node id="-3817" lat="34.8435696" lon="10.7702185" /><node id="-3818" lat="34.8434761" lon="10.7702931" /><node id="-3819" lat="34.8433621" lon="10.7703841" /><node id="-3820" lat="34.8432168" lon="10.7705048" /><node id="-3821" lat="34.8431524" lon="10.7705605" /><node id="-3822" lat="34.8430886" lon="10.7705887" /><node id="-3823" lat="34.8430401" lon="10.7705773" /><node id="-3824" lat="34.8429621" lon="10.7705476" /><node id="-3825" lat="34.8428972" lon="10.7705196" /><node id="-3826" lat="34.8428491" lon="10.7704851" /><node id="-3827" lat="34.8427397" lon="10.7704908" /><node id="-3828" lat="34.8426538" lon="10.7705256" /><node id="-3829" lat="34.8425492" lon="10.7706021" /><node id="-3830" lat="34.8424645" lon="10.7706691" /><node id="-3831" lat="34.8423665" lon="10.770755" /><node id="-3832" lat="34.8422488" lon="10.7708435" /><node id="-3833" lat="34.842109" lon="10.77094" /><node id="-3834" lat="34.8420435" lon="10.770985" /><node id="-3835" lat="34.8414706" lon="10.7713786" /><node id="-3836" lat="34.8414569" lon="10.771388" /><node id="-3837" lat="34.8410094" lon="10.7716951" /><node id="-3838" lat="34.8408036" lon="10.7718413" /><node id="-3839" lat="34.8406098" lon="10.771966" /><node id="-3840" lat="34.840295" lon="10.7721899" /><node id="-3841" lat="34.8400914" lon="10.7723536" /><node id="-3842" lat="34.8399714" lon="10.7724474" /><node id="-3843" lat="34.8398008" lon="10.7725494" /><node id="-3844" lat="34.8064027" lon="10.7615429" /><node id="-3845" lat="34.8063334" lon="10.7609824" /><node id="-3846" lat="34.8062684" lon="10.760639" /><node id="-3847" lat="34.8062144" lon="10.7604244" /><node id="-3848" lat="34.8061774" lon="10.7603391" /><node id="-3849" lat="34.8061412" lon="10.7602722" /><node id="-3850" lat="34.8061393" lon="10.760275" /><node id="-3851" lat="34.8061325" lon="10.7602657" /><node id="-3852" lat="34.8060713" lon="10.7601817" /><node id="-3853" lat="34.805859" lon="10.7598732" /><node id="-3854" lat="34.805253" lon="10.7570053" /><node id="-3855" lat="34.8057139" lon="10.7575265" /><node id="-3856" lat="34.8058775" lon="10.7577208" /><node id="-3857" lat="34.8060832" lon="10.7580292" /><node id="-3858" lat="34.8061208" lon="10.7580855" /><node id="-3859" lat="34.8062161" lon="10.7582646" /><node id="-3860" lat="34.8063003" lon="10.7584731" /><node id="-3861" lat="34.8063972" lon="10.7587212" /><node id="-3862" lat="34.8064574" lon="10.758908" /><node id="-3863" lat="34.806884" lon="10.759998" /><node id="-3864" lat="34.8084211" lon="10.7616156" /><node id="-3865" lat="34.8082683" lon="10.7611651" /><node id="-3866" lat="34.8081561" lon="10.7608509" /><node id="-3867" lat="34.8080572" lon="10.7605854" /><node id="-3868" lat="34.808011" lon="10.760488" /><node id="-3869" lat="34.8079727" lon="10.7604722" /><node id="-3870" lat="34.8078965" lon="10.7604459" /><node id="-3871" lat="34.80781" lon="10.7603225" /><node id="-3872" lat="34.8077178" lon="10.760147" /><node id="-3873" lat="34.8076994" lon="10.760126" /><node id="-3874" lat="34.8076773" lon="10.7601193" /><node id="-3875" lat="34.8076531" lon="10.7601133" /><node id="-3876" lat="34.8076305" lon="10.760116" /><node id="-3877" lat="34.8075402" lon="10.7601602" /><node id="-3878" lat="34.8074786" lon="10.7601696" /><node id="-3879" lat="34.8074455" lon="10.7601468" /><node id="-3880" lat="34.8072294" lon="10.7596318" /><node id="-3881" lat="34.8130598" lon="10.7618924" /><node id="-3882" lat="34.8130568" lon="10.7617669" /><node id="-3883" lat="34.812972" lon="10.7615107" /><node id="-3884" lat="34.8128311" lon="10.7611714" /><node id="-3885" lat="34.8126868" lon="10.7608455" /><node id="-3886" lat="34.812569" lon="10.7606082" /><node id="-3887" lat="34.8124534" lon="10.7603721" /><node id="-3888" lat="34.8122387" lon="10.7599913" /><node id="-3889" lat="34.8120325" lon="10.7596125" /><node id="-3890" lat="34.8119271" lon="10.7594293" /><node id="-3891" lat="34.8119271" lon="10.759373" /><node id="-3892" lat="34.8119414" lon="10.7593167" /><node id="-3893" lat="34.8119865" lon="10.7592671" /><node id="-3894" lat="34.8120724" lon="10.7592067" /><node id="-3895" lat="34.8125635" lon="10.7588433" /><node id="-3896" lat="34.8128113" lon="10.7586756" /><node id="-3897" lat="34.8130513" lon="10.7585402" /><node id="-3898" lat="34.8135831" lon="10.7582089" /><node id="-3899" lat="34.8141777" lon="10.7578482" /><node id="-3900" lat="34.8144205" lon="10.7577092" /><node id="-3901" lat="34.8455009" lon="10.7619544" /><node id="-3902" lat="34.8453859" lon="10.7616069" /><node id="-3903" lat="34.8449366" lon="10.7603949" /><node id="-3904" lat="34.8448926" lon="10.7602662" /><node id="-3905" lat="34.8448485" lon="10.760112" /><node id="-3906" lat="34.8446955" lon="10.7595795" /><node id="-3907" lat="34.8446811" lon="10.7595132" /><node id="-3908" lat="34.8446328" lon="10.7592912" /><node id="-3909" lat="34.8445337" lon="10.7588688" /><node id="-3910" lat="34.8444336" lon="10.7585751" /><node id="-3911" lat="34.8443191" lon="10.7583243" /><node id="-3912" lat="34.8440968" lon="10.7579675" /><node id="-3913" lat="34.8434903" lon="10.7572051" /><node id="-3914" lat="34.8434204" lon="10.7571273" /><node id="-3915" lat="34.8424645" lon="10.7559735" /><node id="-3916" lat="34.8420927" lon="10.7555285" /><node id="-3917" lat="34.8401052" lon="10.7530483" /><node id="-3918" lat="34.8400022" lon="10.7529197" /><node id="-3919" lat="34.8398903" lon="10.7527764" /><node id="-3920" lat="34.8393617" lon="10.7520992" /><node id="-3921" lat="34.8392714" lon="10.7519835" /><node id="-3922" lat="34.838983" lon="10.7515798" /><node id="-3923" lat="34.8387848" lon="10.7512942" /><node id="-3924" lat="34.8382301" lon="10.7505351" /><node id="-3925" lat="34.8373842" lon="10.7493327" /><node id="-3926" lat="34.8370856" lon="10.748914" /><node id="-3927" lat="34.8363914" lon="10.7479067" /><node id="-3928" lat="34.8363074" lon="10.7477939" /><node id="-3929" lat="34.8362194" lon="10.7476759" /><node id="-3930" lat="34.8360686" lon="10.7474973" /><node id="-3931" lat="34.8358081" lon="10.747222" /><node id="-3932" lat="34.8352239" lon="10.7466553" /><node id="-3933" lat="34.8346702" lon="10.7461202" /><node id="-3934" lat="34.8343796" lon="10.7458359" /><node id="-3935" lat="34.8338933" lon="10.7453528" /><node id="-3936" lat="34.8329453" lon="10.7444108" /><node id="-3937" lat="34.83278" lon="10.7442465" /><node id="-3938" lat="34.8325845" lon="10.7440522" /><node id="-3939" lat="34.8324836" lon="10.7439519" /><node id="-3940" lat="34.8314184" lon="10.7428935" /><node id="-3941" lat="34.8307766" lon="10.7422578" /><node id="-3942" lat="34.8306963" lon="10.74218" /><node id="-3943" lat="34.8303044" lon="10.7417938" /><node id="-3944" lat="34.8299455" lon="10.7414398" /><node id="-3945" lat="34.8293942" lon="10.7408718" /><node id="-3946" lat="34.8290758" lon="10.740568" /><node id="-3947" lat="34.8287522" lon="10.7402435" /><node id="-3948" lat="34.8281793" lon="10.7396786" /><node id="-3949" lat="34.8279739" lon="10.7394824" /><node id="-3950" lat="34.8278076" lon="10.7393235" /><node id="-3951" lat="34.8277421" lon="10.7392731" /><node id="-3952" lat="34.827462" lon="10.739058" /><node id="-3953" lat="34.8271735" lon="10.7388648" /><node id="-3954" lat="34.8260484" lon="10.7382929" /><node id="-3955" lat="34.825902" lon="10.738207" /><node id="-3956" lat="34.8257071" lon="10.7380696" /><node id="-3957" lat="34.8254451" lon="10.7378349" /><node id="-3958" lat="34.8248864" lon="10.7372946" /><node id="-3959" lat="34.8352192" lon="10.7541251" /><node id="-3960" lat="34.83531" lon="10.7541892" /><node id="-3961" lat="34.8353624" lon="10.7542552" /><node id="-3962" lat="34.8357666" lon="10.7549849" /><node id="-3963" lat="34.8363364" lon="10.7559886" /><node id="-3964" lat="34.8375696" lon="10.7582206" /><node id="-3965" lat="34.8382091" lon="10.7592845" /><node id="-3966" lat="34.8384821" lon="10.7597834" /><node id="-3967" lat="34.8388216" lon="10.760421" /><node id="-3968" lat="34.8389731" lon="10.7607061" /><node id="-3969" lat="34.8390688" lon="10.7608844" /><node id="-3970" lat="34.8394831" lon="10.7618967" /><node id="-3971" lat="34.839515" lon="10.7619938" /><node id="-3972" lat="34.8402102" lon="10.7637764" /><node id="-3973" lat="34.8380947" lon="10.7615239" /><node id="-3974" lat="34.8385683" lon="10.7611933" /><node id="-3975" lat="34.8393927" lon="10.7605666" /><node id="-3976" lat="34.8395267" lon="10.7604164" /><node id="-3977" lat="34.8398437" lon="10.7600596" /><node id="-3978" lat="34.8399373" lon="10.7599631" /><node id="-3979" lat="34.8401354" lon="10.7597579" /><node id="-3980" lat="34.8401744" lon="10.7597076" /><node id="-3981" lat="34.8403446" lon="10.7595541" /><node id="-3982" lat="34.8405683" lon="10.7593649" /><node id="-3983" lat="34.8407617" lon="10.7592013" /><node id="-3984" lat="34.841273" lon="10.7587362" /><node id="-3985" lat="34.8421685" lon="10.7580163" /><node id="-3986" lat="34.8433307" lon="10.7571971" /><node id="-3987" lat="34.8410784" lon="10.7616636" /><node id="-3988" lat="34.8409551" lon="10.7618121" /><node id="-3989" lat="34.8406779" lon="10.7618439" /><node id="-3990" lat="34.8402715" lon="10.7619089" /><node id="-3991" lat="34.8399724" lon="10.7619308" /><node id="-3992" lat="34.8374893" lon="10.7595044" /><node id="-3993" lat="34.8372385" lon="10.7590746" /><node id="-3994" lat="34.8370089" lon="10.7586804" /><node id="-3995" lat="34.8369092" lon="10.7585093" /><node id="-3996" lat="34.835771" lon="10.7564387" /><node id="-3997" lat="34.831794" lon="10.7562587" /><node id="-3998" lat="34.83351" lon="10.7593381" /><node id="-3999" lat="34.8346548" lon="10.7614171" /><node id="-4000" lat="34.8346702" lon="10.7614611" /><node id="-4001" lat="34.8346735" lon="10.7615027" /><node id="-4002" lat="34.8346724" lon="10.761555" /><node id="-4003" lat="34.8275676" lon="10.7638638" /><node id="-4004" lat="34.8275699" lon="10.7637075" /><node id="-4005" lat="34.8272533" lon="10.7628113" /><node id="-4006" lat="34.8272308" lon="10.762766" /><node id="-4007" lat="34.8272137" lon="10.7627479" /><node id="-4008" lat="34.8271906" lon="10.7627385" /><node id="-4009" lat="34.8271496" lon="10.7627392" /><node id="-4010" lat="34.8270923" lon="10.7627415" /><node id="-4011" lat="34.827061" lon="10.7627402" /><node id="-4012" lat="34.8270318" lon="10.7627348" /><node id="-4013" lat="34.827009" lon="10.762713" /><node id="-4014" lat="34.8269864" lon="10.7626741" /><node id="-4015" lat="34.8268036" lon="10.7622483" /><node id="-4016" lat="34.828936" lon="10.7634366" /><node id="-4017" lat="34.8288193" lon="10.7621987" /><node id="-4018" lat="34.8287456" lon="10.761276" /><node id="-4019" lat="34.828712" lon="10.7606564" /><node id="-4020" lat="34.8287015" lon="10.7603681" /><node id="-4021" lat="34.8286971" lon="10.7602172" /><node id="-4022" lat="34.8308504" lon="10.7638738" /><node id="-4023" lat="34.8308394" lon="10.7635573" /><node id="-4024" lat="34.8308218" lon="10.7633185" /><node id="-4025" lat="34.8305873" lon="10.7617414" /><node id="-4026" lat="34.8305785" lon="10.761669" /><node id="-4027" lat="34.8305862" lon="10.761618" /><node id="-4028" lat="34.8306038" lon="10.7615899" /><node id="-4029" lat="34.8306468" lon="10.7615617" /><node id="-4030" lat="34.8320175" lon="10.7659092" /><node id="-4031" lat="34.8323775" lon="10.7668205" /><node id="-4032" lat="34.8325622" lon="10.767288" /><node id="-4033" lat="34.8329476" lon="10.7680631" /><node id="-4034" lat="34.8326983" lon="10.7610156" /><node id="-4035" lat="34.8326716" lon="10.7610884" /><node id="-4036" lat="34.8323955" lon="10.7613267" /><node id="-4037" lat="34.8322771" lon="10.7613794" /><node id="-4038" lat="34.8068581" lon="10.7664329" /><node id="-4039" lat="34.8067268" lon="10.7665741" /><node id="-4040" lat="34.8065621" lon="10.7667417" /><node id="-4041" lat="34.8062552" lon="10.7669912" /><node id="-4042" lat="34.8061528" lon="10.7670911" /><node id="-4043" lat="34.8060677" lon="10.767194" /><node id="-4044" lat="34.8059897" lon="10.7672882" /><node id="-4045" lat="34.8058366" lon="10.7675054" /><node id="-4046" lat="34.8055515" lon="10.7679228" /><node id="-4047" lat="34.8052752" lon="10.7683463" /><node id="-4048" lat="34.8049688" lon="10.7688229" /><node id="-4049" lat="34.8048606" lon="10.7689551" /><node id="-4050" lat="34.8046299" lon="10.7691531" /><node id="-4051" lat="34.8043497" lon="10.7693607" /><node id="-4052" lat="34.8035783" lon="10.7701858" /><node id="-4053" lat="34.8032013" lon="10.7705756" /><node id="-4054" lat="34.8031729" lon="10.770605" /><node id="-4055" lat="34.8027392" lon="10.7710149" /><node id="-4056" lat="34.8021557" lon="10.7716935" /><node id="-4057" lat="34.8019658" lon="10.7719708" /><node id="-4058" lat="34.8015407" lon="10.7725281" /><node id="-4059" lat="34.8013327" lon="10.7727932" /><node id="-4060" lat="34.8000021" lon="10.7743155" /><node id="-4061" lat="34.783228" lon="10.7589643" /><node id="-4062" lat="34.7823947" lon="10.757794" /><node id="-4063" lat="34.7822953" lon="10.7576383" /><node id="-4064" lat="34.7822436" lon="10.7575867" /><node id="-4065" lat="34.7821946" lon="10.7575773" /><node id="-4066" lat="34.7821511" lon="10.7575954" /><node id="-4067" lat="34.7820274" lon="10.7577097" /><node id="-4068" lat="34.7848976" lon="10.7681867" /><node id="-4069" lat="34.7849496" lon="10.7682863" /><node id="-4070" lat="34.7849866" lon="10.7683339" /><node id="-4071" lat="34.7850355" lon="10.7683968" /><node id="-4072" lat="34.785216" lon="10.7685854" /><node id="-4073" lat="34.7853415" lon="10.7687136" /><node id="-4074" lat="34.7855987" lon="10.7690002" /><node id="-4075" lat="34.7856994" lon="10.7691038" /><node id="-4076" lat="34.786028" lon="10.7694432" /><node id="-4077" lat="34.7862467" lon="10.7696796" /><node id="-4078" lat="34.7863007" lon="10.7697356" /><node id="-4079" lat="34.7864874" lon="10.7699173" /><node id="-4080" lat="34.7865011" lon="10.7699309" /><node id="-4081" lat="34.7865826" lon="10.7700117" /><node id="-4082" lat="34.7868291" lon="10.770253" /><node id="-4083" lat="34.7868591" lon="10.7702824" /><node id="-4084" lat="34.7823574" lon="10.764902" /><node id="-4085" lat="34.7823091" lon="10.7649212" /><node id="-4086" lat="34.7817084" lon="10.7650855" /><node id="-4087" lat="34.7787705" lon="10.7606752" /><node id="-4088" lat="34.7786785" lon="10.7604311" /><node id="-4089" lat="34.7785871" lon="10.7601374" /><node id="-4090" lat="34.7785177" lon="10.7599524" /><node id="-4091" lat="34.7783668" lon="10.7595728" /><node id="-4092" lat="34.7782627" lon="10.7593144" /><node id="-4093" lat="34.7782225" lon="10.7592148" /><node id="-4094" lat="34.7780771" lon="10.7588741" /><node id="-4095" lat="34.7779174" lon="10.7584879" /><node id="-4096" lat="34.7778359" lon="10.7583162" /><node id="-4097" lat="34.7777544" lon="10.7581848" /><node id="-4098" lat="34.7775484" lon="10.7579193" /><node id="-4099" lat="34.7771474" lon="10.7573372" /><node id="-4100" lat="34.7766401" lon="10.7565736" /><node id="-4101" lat="34.7765836" lon="10.7565089" /><node id="-4102" lat="34.7765211" lon="10.7564381" /><node id="-4103" lat="34.7764336" lon="10.7563019" /><node id="-4104" lat="34.7762893" lon="10.7560833" /><node id="-4105" lat="34.7760877" lon="10.7557547" /><node id="-4106" lat="34.7759963" lon="10.7555965" /><node id="-4107" lat="34.775779" lon="10.7552342" /><node id="-4108" lat="34.7755894" lon="10.7549667" /><node id="-4109" lat="34.7760649" lon="10.7501729" /><node id="-4110" lat="34.7763791" lon="10.7507673" /><node id="-4111" lat="34.7767387" lon="10.7514444" /><node id="-4112" lat="34.7769469" lon="10.7518333" /><node id="-4113" lat="34.777338" lon="10.7525045" /><node id="-4114" lat="34.7773501" lon="10.7525253" /><node id="-4115" lat="34.7777147" lon="10.7531168" /><node id="-4116" lat="34.7778843" lon="10.7533729" /><node id="-4117" lat="34.7781377" lon="10.7538128" /><node id="-4118" lat="34.7784913" lon="10.7544324" /><node id="-4119" lat="34.7788328" lon="10.7550332" /><node id="-4120" lat="34.7790423" lon="10.7554137" /><node id="-4121" lat="34.7790677" lon="10.7554553" /><node id="-4122" lat="34.7790828" lon="10.7554764" /><node id="-4123" lat="34.7790993" lon="10.7554899" /><node id="-4124" lat="34.7791313" lon="10.7554972" /><node id="-4125" lat="34.7791742" lon="10.7555012" /><node id="-4126" lat="34.7792007" lon="10.7555033" /><node id="-4127" lat="34.7792227" lon="10.7555173" /><node id="-4128" lat="34.779244" lon="10.7555389" /><node id="-4129" lat="34.779324" lon="10.7556756" /><node id="-4130" lat="34.779443" lon="10.7558841" /><node id="-4131" lat="34.7795406" lon="10.7560592" /><node id="-4132" lat="34.7796589" lon="10.7562697" /><node id="-4133" lat="34.7797974" lon="10.7564919" /><node id="-4134" lat="34.7798285" lon="10.7565419" /><node id="-4135" lat="34.7799695" lon="10.7567485" /><node id="-4136" lat="34.7805445" lon="10.7575223" /><node id="-4137" lat="34.7807798" lon="10.7577917" /><node id="-4138" lat="34.7812903" lon="10.7584262" /><node id="-4139" lat="34.7756561" lon="10.7612458" /><node id="-4140" lat="34.7758352" lon="10.7620076" /><node id="-4141" lat="34.7761458" lon="10.7630513" /><node id="-4142" lat="34.7763942" lon="10.7637291" /><node id="-4143" lat="34.7765055" lon="10.7640076" /><node id="-4144" lat="34.7765418" lon="10.7640961" /><node id="-4145" lat="34.7766066" lon="10.7642372" /><node id="-4146" lat="34.776654" lon="10.7643403" /><node id="-4147" lat="34.776666" lon="10.7643678" /><node id="-4148" lat="34.7766895" lon="10.7644149" /><node id="-4149" lat="34.7767354" lon="10.764385" /><node id="-4150" lat="34.7767803" lon="10.7643643" /><node id="-4151" lat="34.7768954" lon="10.7643128" /><node id="-4152" lat="34.7769086" lon="10.7643499" /><node id="-4153" lat="34.7769194" lon="10.7643799" /><node id="-4154" lat="34.7769338" lon="10.7644155" /><node id="-4155" lat="34.7769453" lon="10.7644517" /><node id="-4156" lat="34.7769657" lon="10.7645265" /><node id="-4157" lat="34.7769986" lon="10.7646445" /><node id="-4158" lat="34.7770193" lon="10.7647238" /><node id="-4159" lat="34.7770315" lon="10.7647708" /><node id="-4160" lat="34.7770812" lon="10.7649834" /><node id="-4161" lat="34.7771369" lon="10.7652227" /><node id="-4162" lat="34.7772175" lon="10.7655537" /><node id="-4163" lat="34.777274" lon="10.7658305" /><node id="-4164" lat="34.7774301" lon="10.7664664" /><node id="-4165" lat="34.777921" lon="10.7653375" /><node id="-4166" lat="34.811527" lon="10.7587433" /><node id="-4167" lat="34.8114663" lon="10.7587401" /><node id="-4168" lat="34.811338" lon="10.7588325" /><node id="-4169" lat="34.8109779" lon="10.7591006" /><node id="-4170" lat="34.8108059" lon="10.7592443" /><node id="-4171" lat="34.8104841" lon="10.7595061" /><node id="-4172" lat="34.8104297" lon="10.7594991" /><node id="-4173" lat="34.8100839" lon="10.7588259" /><node id="-4174" lat="34.8111656" lon="10.758538" /><node id="-4175" lat="34.8111113" lon="10.7584407" /><node id="-4176" lat="34.8110761" lon="10.7583777" /><node id="-4177" lat="34.8109568" lon="10.7581776" /><node id="-4178" lat="34.8108965" lon="10.7581646" /><node id="-4179" lat="34.8108227" lon="10.7582063" /><node id="-4180" lat="34.8106873" lon="10.7583229" /><node id="-4181" lat="34.8104957" lon="10.7584732" /><node id="-4182" lat="34.8103009" lon="10.7586125" /><node id="-4183" lat="34.8128287" lon="10.7637321" /><node id="-4184" lat="34.7633755" lon="10.7573864" /><node id="-4185" lat="34.7634472" lon="10.7575629" /><node id="-4186" lat="34.76363" lon="10.7578797" /><node id="-4187" lat="34.7636906" lon="10.757945" /><node id="-4188" lat="34.7637958" lon="10.7581499" /><node id="-4189" lat="34.7472216" lon="10.761152" /><node id="-4190" lat="34.7472073" lon="10.7610112" /><node id="-4191" lat="34.747198" lon="10.7608763" /><node id="-4192" lat="34.7471974" lon="10.7607484" /><node id="-4193" lat="34.747213" lon="10.7606031" /><node id="-4194" lat="34.7472427" lon="10.760427" /><node id="-4195" lat="34.7469833" lon="10.7606672" /><node id="-4196" lat="34.7468641" lon="10.7607681" /><node id="-4197" lat="34.7490512" lon="10.7622814" /><node id="-4198" lat="34.7488481" lon="10.7624482" /><node id="-4199" lat="34.7486822" lon="10.7625811" /><node id="-4200" lat="34.7485737" lon="10.7626641" /><node id="-4201" lat="34.7484209" lon="10.7627701" /><node id="-4202" lat="34.7481561" lon="10.7618617" /><node id="-4203" lat="34.7483511" lon="10.761645" /><node id="-4204" lat="34.7484966" lon="10.7615027" /><node id="-4205" lat="34.7485781" lon="10.7614839" /><node id="-4206" lat="34.7486586" lon="10.7614598" /><node id="-4207" lat="34.7487313" lon="10.7614195" /><node id="-4208" lat="34.7420313" lon="10.7608999" /><node id="-4209" lat="34.7419888" lon="10.7609079" /><node id="-4210" lat="34.7419448" lon="10.760926" /><node id="-4211" lat="34.7418862" lon="10.7610126" /><node id="-4212" lat="34.7418076" lon="10.7612423" /><node id="-4213" lat="34.7417653" lon="10.7613697" /><node id="-4214" lat="34.7417162" lon="10.761497" /><node id="-4215" lat="34.7416843" lon="10.7615704" /><node id="-4216" lat="34.7415429" lon="10.7617947" /><node id="-4217" lat="34.7880125" lon="10.7639429" /><node id="-4218" lat="34.7870856" lon="10.7644479" /><node id="-4219" lat="34.7906667" lon="10.762589" /><node id="-4220" lat="34.7903639" lon="10.762888" /><node id="-4221" lat="34.7901033" lon="10.7633505" /><node id="-4222" lat="34.7901009" lon="10.7634464" /><node id="-4223" lat="34.7907077" lon="10.7645335" /><node id="-4224" lat="34.7908749" lon="10.7648541" /><node id="-4225" lat="34.7912846" lon="10.7645724" /><node id="-4226" lat="34.79199" lon="10.7640285" /><node id="-4227" lat="34.7909179" lon="10.7650137" /><node id="-4228" lat="34.790985" lon="10.7651773" /><node id="-4229" lat="34.7910721" lon="10.7653463" /><node id="-4230" lat="34.7911718" lon="10.7655069" /><node id="-4231" lat="34.7907655" lon="10.765975" /><node id="-4232" lat="34.7907325" lon="10.766053" /><node id="-4233" lat="34.790676" lon="10.7661504" /><node id="-4234" lat="34.7954389" lon="10.7565325" /><node id="-4235" lat="34.7949587" lon="10.7567619" /><node id="-4236" lat="34.7946492" lon="10.7569067" /><node id="-4237" lat="34.7944829" lon="10.7569993" /><node id="-4238" lat="34.7940809" lon="10.7572366" /><node id="-4239" lat="34.7936911" lon="10.7574874" /><node id="-4240" lat="34.7934554" lon="10.7576202" /><node id="-4241" lat="34.7933772" lon="10.7576618" /><node id="-4242" lat="34.7932098" lon="10.7577677" /><node id="-4243" lat="34.7930864" lon="10.757824" /><node id="-4244" lat="34.7929223" lon="10.7578764" /><node id="-4245" lat="34.7926999" lon="10.7579474" /><node id="-4246" lat="34.7922597" lon="10.7581112" /><node id="-4247" lat="34.7920655" lon="10.7581834" /><node id="-4248" lat="34.7967455" lon="10.7620255" /><node id="-4249" lat="34.7962533" lon="10.7622544" /><node id="-4250" lat="34.796159" lon="10.7622756" /><node id="-4251" lat="34.7960464" lon="10.76235" /><node id="-4252" lat="34.795673" lon="10.7626135" /><node id="-4253" lat="34.7953629" lon="10.7627164" /><node id="-4254" lat="34.7952995" lon="10.7627298" /><node id="-4255" lat="34.7947258" lon="10.7632294" /><node id="-4256" lat="34.7946982" lon="10.7632803" /><node id="-4257" lat="34.7946949" lon="10.7633366" /><node id="-4258" lat="34.7947087" lon="10.7633876" /><node id="-4259" lat="34.7948722" lon="10.7636625" /><node id="-4260" lat="34.7950843" lon="10.7640237" /><node id="-4261" lat="34.7958674" lon="10.7637828" /><node id="-4262" lat="34.7958508" lon="10.7638671" /><node id="-4263" lat="34.7954818" lon="10.7641742" /><node id="-4264" lat="34.7922369" lon="10.7646365" /><node id="-4265" lat="34.7920707" lon="10.7649015" /><node id="-4266" lat="34.7916895" lon="10.7653736" /><node id="-4267" lat="34.7913875" lon="10.7657679" /><node id="-4268" lat="34.7952963" lon="10.7716374" /><node id="-4269" lat="34.7955681" lon="10.7713406" /><node id="-4270" lat="34.795863" lon="10.7709922" /><node id="-4271" lat="34.795903" lon="10.7709412" /><node id="-4272" lat="34.7960633" lon="10.7707364" /><node id="-4273" lat="34.7963871" lon="10.7702904" /><node id="-4274" lat="34.7967834" lon="10.7696079" /><node id="-4275" lat="34.7920466" lon="10.7689305" /><node id="-4276" lat="34.7918895" lon="10.7691178" /><node id="-4277" lat="34.7916085" lon="10.7694286" /><node id="-4278" lat="34.7915896" lon="10.7694496" /><node id="-4279" lat="34.7912726" lon="10.7698348" /><node id="-4280" lat="34.7912402" lon="10.7699454" /><node id="-4281" lat="34.7912047" lon="10.7700069" /><node id="-4282" lat="34.845936" lon="10.7625528" /><node id="-4283" lat="34.8460042" lon="10.7627794" /><node id="-4284" lat="34.8460923" lon="10.7630399" /><node id="-4285" lat="34.8461159" lon="10.7630952" /><node id="-4286" lat="34.8461412" lon="10.7631435" /><node id="-4287" lat="34.8461853" lon="10.7632133" /><node id="-4288" lat="34.8466797" lon="10.7639978" /><node id="-4289" lat="34.8472688" lon="10.7649312" /><node id="-4290" lat="34.8475214" lon="10.7653382" /><node id="-4291" lat="34.8475528" lon="10.7653865" /><node id="-4292" lat="34.8476098" lon="10.7654585" /><node id="-4293" lat="34.847708" lon="10.7655823" /><node id="-4294" lat="34.8478929" lon="10.7657868" /><node id="-4295" lat="34.8482847" lon="10.76621" /><node id="-4296" lat="34.8483683" lon="10.7663012" /><node id="-4297" lat="34.8484267" lon="10.7663535" /><node id="-4298" lat="34.848463" lon="10.7663763" /><node id="-4299" lat="34.8485609" lon="10.7664125" /><node id="-4300" lat="34.848715" lon="10.7664342" /><node id="-4301" lat="34.8487543" lon="10.7664219" /><node id="-4302" lat="34.8487793" lon="10.7664066" /><node id="-4303" lat="34.8488142" lon="10.7663707" /><node id="-4304" lat="34.8488384" lon="10.7663268" /><node id="-4305" lat="34.8488751" lon="10.7662421" /><node id="-4306" lat="34.8489549" lon="10.7660346" /><node id="-4307" lat="34.8489662" lon="10.7659665" /><node id="-4308" lat="34.8489589" lon="10.7659272" /><node id="-4309" lat="34.8489424" lon="10.7658928" /><node id="-4310" lat="34.8486303" lon="10.7654563" /><node id="-4311" lat="34.8485139" lon="10.7652807" /><node id="-4312" lat="34.8605535" lon="10.759033" /><node id="-4313" lat="34.8606325" lon="10.759149" /><node id="-4314" lat="34.8606688" lon="10.7592228" /><node id="-4315" lat="34.8606974" lon="10.759306" /><node id="-4316" lat="34.8608185" lon="10.7596305" /><node id="-4317" lat="34.8609318" lon="10.7599081" /><node id="-4318" lat="34.8611167" lon="10.7602327" /><node id="-4319" lat="34.861593" lon="10.760986" /><node id="-4320" lat="34.8617872" lon="10.7612844" /><node id="-4321" lat="34.8626584" lon="10.7627445" /><node id="-4322" lat="34.8632405" lon="10.7635137" /><node id="-4323" lat="34.8633648" lon="10.7636967" /><node id="-4324" lat="34.8635035" lon="10.7638308" /><node id="-4325" lat="34.8635866" lon="10.7639019" /><node id="-4326" lat="34.8606039" lon="10.7619627" /><node id="-4327" lat="34.8602771" lon="10.7622993" /><node id="-4328" lat="34.8600658" lon="10.7625139" /><node id="-4329" lat="34.8599403" lon="10.7626338" /><node id="-4330" lat="34.8597389" lon="10.7628264" /><node id="-4331" lat="34.8593857" lon="10.7630912" /><node id="-4332" lat="34.8592036" lon="10.7631733" /><node id="-4333" lat="34.8590864" lon="10.7633025" /><node id="-4334" lat="34.8588254" lon="10.7635847" /><node id="-4335" lat="34.8587713" lon="10.7636579" /><node id="-4336" lat="34.8587541" lon="10.763727" /><node id="-4337" lat="34.8587623" lon="10.7637879" /><node id="-4338" lat="34.8587892" lon="10.7638374" /><node id="-4339" lat="34.8588315" lon="10.7638882" /><node id="-4340" lat="34.8588646" lon="10.7639422" /><node id="-4341" lat="34.8588638" lon="10.763982" /><node id="-4342" lat="34.8588583" lon="10.7640271" /><node id="-4343" lat="34.8588388" lon="10.7640642" /><node id="-4344" lat="34.8583509" lon="10.7646235" /><node id="-4345" lat="34.858113" lon="10.7649062" /><node id="-4346" lat="34.8576276" lon="10.7654662" /><node id="-4347" lat="34.8574372" lon="10.7656922" /><node id="-4348" lat="34.862838" lon="10.7583814" /><node id="-4349" lat="34.862786" lon="10.7582559" /><node id="-4350" lat="34.8627486" lon="10.7581647" /><node id="-4351" lat="34.8627222" lon="10.7580587" /><node id="-4352" lat="34.8627123" lon="10.7579729" /><node id="-4353" lat="34.8627189" lon="10.75793" /><node id="-4354" lat="34.8627376" lon="10.7578978" /><node id="-4355" lat="34.862764" lon="10.7578804" /><node id="-4356" lat="34.8627981" lon="10.7578629" /><node id="-4357" lat="34.8628388" lon="10.7578441" /><node id="-4358" lat="34.8628787" lon="10.7578224" /><node id="-4359" lat="34.8628991" lon="10.7578036" /><node id="-4360" lat="34.8629203" lon="10.7577583" /><node id="-4361" lat="34.8629929" lon="10.7576792" /><node id="-4362" lat="34.8632827" lon="10.7575777" /><node id="-4363" lat="34.8634212" lon="10.7575062" /><node id="-4364" lat="34.8634001" lon="10.7574593" /><node id="-4365" lat="34.8633637" lon="10.7573493" /><node id="-4366" lat="34.8632306" lon="10.7570609" /><node id="-4367" lat="34.8629935" lon="10.7566025" /><node id="-4368" lat="34.8626793" lon="10.7561007" /><node id="-4369" lat="34.8625263" lon="10.7558674" /><node id="-4370" lat="34.8621852" lon="10.755424" /><node id="-4371" lat="34.8618925" lon="10.7550379" /><node id="-4372" lat="34.861778" lon="10.754887" /><node id="-4373" lat="34.861404" lon="10.7543992" /><node id="-4374" lat="34.8611607" lon="10.754077" /><node id="-4375" lat="34.8609246" lon="10.7537251" /><node id="-4376" lat="34.860715" lon="10.7539308" /><node id="-4377" lat="34.86066" lon="10.7539844" /><node id="-4378" lat="34.8605456" lon="10.7541266" /><node id="-4379" lat="34.8604553" lon="10.7542554" /><node id="-4380" lat="34.8598567" lon="10.7549742" /><node id="-4381" lat="34.8588103" lon="10.7563504" /><node id="-4382" lat="34.8584633" lon="10.7568058" /><node id="-4383" lat="34.8579865" lon="10.7574805" /><node id="-4384" lat="34.857771" lon="10.757785" /><node id="-4385" lat="34.8577075" lon="10.7578737" /><node id="-4386" lat="34.8576866" lon="10.757926" /><node id="-4387" lat="34.8576855" lon="10.7579809" /><node id="-4388" lat="34.8576987" lon="10.7580239" /><node id="-4389" lat="34.8577306" lon="10.7580882" /><node id="-4390" lat="34.8585009" lon="10.7593261" /><node id="-4391" lat="34.7465153" lon="10.7659055" /><node id="-4392" lat="34.7443491" lon="10.7676994" /><node id="-4393" lat="34.7446416" lon="10.7672069" /><node id="-4394" lat="34.7446708" lon="10.7671549" /><node id="-4395" lat="34.7448083" lon="10.7669114" /><node id="-4396" lat="34.7449578" lon="10.7666423" /><node id="-4397" lat="34.7451795" lon="10.7662466" /><node id="-4398" lat="34.745509" lon="10.7665247" /><node id="-4399" lat="34.7450396" lon="10.7661245" /><node id="-4400" lat="34.7449582" lon="10.7660283" /><node id="-4401" lat="34.7449218" lon="10.7659109" /><node id="-4402" lat="34.7558514" lon="10.7649091" /><node id="-4403" lat="34.7556473" lon="10.7649916" /><node id="-4404" lat="34.7554594" lon="10.7650573" /><node id="-4405" lat="34.7545851" lon="10.7653631" /><node id="-4406" lat="34.7478883" lon="10.7591169" /><node id="-4407" lat="34.7478652" lon="10.7589975" /><node id="-4408" lat="34.7478282" lon="10.7588815" /><node id="-4409" lat="34.7477754" lon="10.7587702" /><node id="-4410" lat="34.7476428" lon="10.7585153" /><node id="-4411" lat="34.7513968" lon="10.7555817" /><node id="-4412" lat="34.7512012" lon="10.7557078" /><node id="-4413" lat="34.7509736" lon="10.7558438" /><node id="-4414" lat="34.7505572" lon="10.7561222" /><node id="-4415" lat="34.750377" lon="10.7562972" /><node id="-4416" lat="34.750177" lon="10.7564733" /><node id="-4417" lat="34.749977" lon="10.7566908" /><node id="-4418" lat="34.7497678" lon="10.7569059" /><node id="-4419" lat="34.7497419" lon="10.7569329" /><node id="-4420" lat="34.7496743" lon="10.7569869" /><node id="-4421" lat="34.7495731" lon="10.757055" /><node id="-4422" lat="34.7493545" lon="10.7571868" /><node id="-4423" lat="34.7489588" lon="10.7574456" /><node id="-4424" lat="34.7487445" lon="10.7576004" /><node id="-4425" lat="34.7486587" lon="10.7576623" /><node id="-4426" lat="34.7483668" lon="10.75789" /><node id="-4427" lat="34.7480903" lon="10.7581091" /><node id="-4428" lat="34.7479012" lon="10.7582561" /><node id="-4429" lat="34.7477588" lon="10.7583932" /><node id="-4430" lat="34.7474624" lon="10.7587631" /><node id="-4431" lat="34.7472837" lon="10.7590155" /><node id="-4432" lat="34.7470943" lon="10.759265" /><node id="-4433" lat="34.7470216" lon="10.7593462" /><node id="-4434" lat="34.7469109" lon="10.7594575" /><node id="-4435" lat="34.7468453" lon="10.7595172" /><node id="-4436" lat="34.7467549" lon="10.7596017" /><node id="-4437" lat="34.7466998" lon="10.7596484" /><node id="-4438" lat="34.7445717" lon="10.7598357" /><node id="-4439" lat="34.7446023" lon="10.7598885" /><node id="-4440" lat="34.7446442" lon="10.7599281" /><node id="-4441" lat="34.7446869" lon="10.7599491" /><node id="-4442" lat="34.7447326" lon="10.7599562" /><node id="-4443" lat="34.7447783" lon="10.759949" /><node id="-4444" lat="34.744821" lon="10.7599279" /><node id="-4445" lat="34.7448579" lon="10.7598943" /><node id="-4446" lat="34.7449077" lon="10.7597871" /><node id="-4447" lat="34.7449116" lon="10.7597153" /><node id="-4448" lat="34.7448961" lon="10.7596459" /><node id="-4449" lat="34.7447829" lon="10.7595268" /><node id="-4450" lat="34.7447427" lon="10.7595184" /><node id="-4451" lat="34.7447021" lon="10.7595212" /><node id="-4452" lat="34.744663" lon="10.759535" /><node id="-4453" lat="34.7446274" lon="10.7595592" /><node id="-4454" lat="34.7445697" lon="10.7596434" /><node id="-4455" lat="34.7445541" lon="10.7597075" /><node id="-4456" lat="34.744555" lon="10.7597744" /><node id="-4457" lat="34.7462086" lon="10.765353" /><node id="-4458" lat="34.746209" lon="10.765281" /><node id="-4459" lat="34.7462262" lon="10.7652294" /><node id="-4460" lat="34.746265" lon="10.7652007" /><node id="-4461" lat="34.7463034" lon="10.7651897" /><node id="-4462" lat="34.7414636" lon="10.7639282" /><node id="-4463" lat="34.7414887" lon="10.7640666" /><node id="-4464" lat="34.7415374" lon="10.7642036" /><node id="-4465" lat="34.7415567" lon="10.76424" /><node id="-4466" lat="34.7415762" lon="10.7642768" /><node id="-4467" lat="34.7416548" lon="10.7643684" /><node id="-4468" lat="34.7417225" lon="10.764447" /><node id="-4469" lat="34.7419288" lon="10.7646851" /><node id="-4470" lat="34.7423938" lon="10.7652444" /><node id="-4471" lat="34.7426651" lon="10.765594" /><node id="-4472" lat="34.7427929" lon="10.7657663" /><node id="-4473" lat="34.7429262" lon="10.7659332" /><node id="-4474" lat="34.7431948" lon="10.7662574" /><node id="-4475" lat="34.7447471" lon="10.7681939" /><node id="-4476" lat="34.7457028" lon="10.7694154" /><node id="-4477" lat="34.7459003" lon="10.7696655" /><node id="-4478" lat="34.7462079" lon="10.7700549" /><node id="-4479" lat="34.7464439" lon="10.7703535" /><node id="-4480" lat="34.7467971" lon="10.7708005" /><node id="-4481" lat="34.7471083" lon="10.7711759" /><node id="-4482" lat="34.7474139" lon="10.7715446" /><node id="-4483" lat="34.7477485" lon="10.771976" /><node id="-4484" lat="34.747917" lon="10.7721738" /><node id="-4485" lat="34.7481985" lon="10.7725359" /><node id="-4486" lat="34.7485718" lon="10.7730011" /><node id="-4487" lat="34.7490259" lon="10.7735696" /><node id="-4488" lat="34.7491371" lon="10.7737089" /><node id="-4489" lat="34.7492741" lon="10.7738803" /><node id="-4490" lat="34.7497506" lon="10.7744765" /><node id="-4491" lat="34.7499878" lon="10.7747735" /><node id="-4492" lat="34.7504459" lon="10.7753469" /><node id="-4493" lat="34.7509512" lon="10.7759802" /><node id="-4494" lat="34.7512602" lon="10.7763675" /><node id="-4495" lat="34.7524161" lon="10.7778006" /><node id="-4496" lat="34.7533834" lon="10.7789642" /><node id="-4497" lat="34.7534153" lon="10.7789995" /><node id="-4498" lat="34.7548839" lon="10.7808645" /><node id="-4499" lat="34.7549651" lon="10.7809525" /><node id="-4500" lat="34.7550182" lon="10.7810041" /><node id="-4501" lat="34.7550756" lon="10.7810411" /><node id="-4502" lat="34.7551295" lon="10.7810475" /><node id="-4503" lat="34.7554177" lon="10.7810698" /><node id="-4504" lat="34.7555586" lon="10.7810828" /><node id="-4505" lat="34.7695744" lon="10.771647" /><node id="-4506" lat="34.7694125" lon="10.7714608" /><node id="-4507" lat="34.7692323" lon="10.7712389" /><node id="-4508" lat="34.768879" lon="10.7707072" /><node id="-4509" lat="34.768581" lon="10.7702761" /><node id="-4510" lat="34.7683742" lon="10.7699751" /><node id="-4511" lat="34.7703019" lon="10.7705125" /><node id="-4512" lat="34.7697942" lon="10.7699221" /><node id="-4513" lat="34.7697568" lon="10.7699141" /><node id="-4514" lat="34.7697116" lon="10.7699127" /><node id="-4515" lat="34.7696686" lon="10.7699315" /><node id="-4516" lat="34.7696301" lon="10.7699597" /><node id="-4517" lat="34.7694274" lon="10.7701595" /><node id="-4518" lat="34.7693768" lon="10.7702102" /><node id="-4519" lat="34.7682729" lon="10.7713592" /><node id="-4520" lat="34.7708619" lon="10.7699522" /><node id="-4521" lat="34.7709561" lon="10.7700892" /><node id="-4522" lat="34.7710419" lon="10.7702934" /><node id="-4523" lat="34.7711386" lon="10.7705226" /><node id="-4524" lat="34.7713735" lon="10.7710244" /><node id="-4525" lat="34.7728301" lon="10.7691268" /><node id="-4526" lat="34.7730893" lon="10.7697277" /><node id="-4527" lat="34.7731881" lon="10.7699443" /><node id="-4528" lat="34.7732544" lon="10.7701045" /><node id="-4529" lat="34.7732654" lon="10.7701448" /><node id="-4530" lat="34.7732599" lon="10.7701837" /><node id="-4531" lat="34.7732379" lon="10.7702185" /><node id="-4532" lat="34.7731112" lon="10.7703218" /><node id="-4533" lat="34.7728634" lon="10.7704988" /><node id="-4534" lat="34.7726655" lon="10.770679" /><node id="-4535" lat="34.804019" lon="10.7616722" /><node id="-4536" lat="34.8042479" lon="10.7626817" /><node id="-4537" lat="34.8042436" lon="10.7627122" /><node id="-4538" lat="34.8042346" lon="10.7627394" /><node id="-4539" lat="34.8041652" lon="10.7628323" /><node id="-4540" lat="34.8041808" lon="10.7628917" /><node id="-4541" lat="34.8042002" lon="10.7629642" /><node id="-4542" lat="34.8042231" lon="10.7630377" /><node id="-4543" lat="34.8042509" lon="10.7631222" /><node id="-4544" lat="34.8042704" lon="10.7631299" /><node id="-4545" lat="34.8042888" lon="10.7631209" /><node id="-4546" lat="34.8046458" lon="10.7629033" /><node id="-4547" lat="34.8002709" lon="10.7625908" /><node id="-4548" lat="34.8000373" lon="10.7626493" /><node id="-4549" lat="34.7999551" lon="10.7626713" /><node id="-4550" lat="34.7995033" lon="10.7627586" /><node id="-4551" lat="34.799388" lon="10.7628009" /><node id="-4552" lat="34.7993145" lon="10.7628398" /><node id="-4553" lat="34.7992153" lon="10.7628503" /><node id="-4554" lat="34.7989429" lon="10.7629141" /><node id="-4555" lat="34.798915" lon="10.762971" /><node id="-4556" lat="34.7989414" lon="10.7633782" /><node id="-4557" lat="34.7727459" lon="10.7669878" /><node id="-4558" lat="34.7728018" lon="10.7670705" /><node id="-4559" lat="34.7728933" lon="10.7671908" /><node id="-4560" lat="34.7729396" lon="10.7672129" /><node id="-4561" lat="34.7729755" lon="10.767214" /><node id="-4562" lat="34.7730362" lon="10.7671932" /><node id="-4563" lat="34.7731465" lon="10.7671243" /><node id="-4564" lat="34.7732073" lon="10.7671031" /><node id="-4565" lat="34.773219" lon="10.7671001" /><node id="-4566" lat="34.7732386" lon="10.7671003" /><node id="-4567" lat="34.7732544" lon="10.7671076" /><node id="-4568" lat="34.7732733" lon="10.7671239" /><node id="-4569" lat="34.7733376" lon="10.7672086" /><node id="-4570" lat="34.7736286" lon="10.7677292" /><node id="-4571" lat="34.773865" lon="10.768167" /><node id="-4572" lat="34.773923" lon="10.7682666" /><node id="-4573" lat="34.774027" lon="10.7685346" /><node id="-4574" lat="34.7741697" lon="10.7689812" /><node id="-4575" lat="34.7742044" lon="10.7690765" /><node id="-4576" lat="34.7743494" lon="10.7694755" /><node id="-4577" lat="34.7744355" lon="10.7696646" /><node id="-4578" lat="34.7744453" lon="10.7696861" /><node id="-4579" lat="34.7745654" lon="10.7699003" /><node id="-4580" lat="34.7747891" lon="10.7702654" /><node id="-4581" lat="34.7751646" lon="10.7710057" /><node id="-4582" lat="34.7753084" lon="10.7712927" /><node id="-4583" lat="34.7755732" lon="10.7719412" /><node id="-4584" lat="34.7756529" lon="10.7721071" /><node id="-4585" lat="34.7757295" lon="10.7722649" /><node id="-4586" lat="34.7759172" lon="10.7725799" /><node id="-4587" lat="34.7759775" lon="10.7726942" /><node id="-4588" lat="34.7764608" lon="10.7735482" /><node id="-4589" lat="34.7768269" lon="10.7741628" /><node id="-4590" lat="34.7726232" lon="10.766862" /><node id="-4591" lat="34.7724687" lon="10.7666706" /><node id="-4592" lat="34.7720854" lon="10.7661897" /><node id="-4593" lat="34.7897528" lon="10.7793427" /><node id="-4594" lat="34.7897757" lon="10.7791885" /><node id="-4595" lat="34.7897948" lon="10.7790867" /><node id="-4596" lat="34.7898034" lon="10.7790486" /><node id="-4597" lat="34.7898588" lon="10.7789206" /><node id="-4598" lat="34.7899769" lon="10.778729" /><node id="-4599" lat="34.7903828" lon="10.7781025" /><node id="-4600" lat="34.7906267" lon="10.7777314" /><node id="-4601" lat="34.7909567" lon="10.7772525" /><node id="-4602" lat="34.7912481" lon="10.7768134" /><node id="-4603" lat="34.7920279" lon="10.7756395" /><node id="-4604" lat="34.7923511" lon="10.7752265" /><node id="-4605" lat="34.7929484" lon="10.7745053" /><node id="-4606" lat="34.793057" lon="10.7743883" /><node id="-4607" lat="34.7931269" lon="10.7743082" /><node id="-4608" lat="34.7936819" lon="10.7736678" /><node id="-4609" lat="34.7937426" lon="10.7735912" /><node id="-4610" lat="34.7940618" lon="10.7731975" /><node id="-4611" lat="34.7941394" lon="10.7731102" /><node id="-4612" lat="34.7942811" lon="10.77301" /><node id="-4613" lat="34.794413" lon="10.772939" /><node id="-4614" lat="34.7946184" lon="10.7728521" /><node id="-4615" lat="34.7949691" lon="10.7727295" /><node id="-4616" lat="34.7955137" lon="10.7725153" /><node id="-4617" lat="34.7959329" lon="10.7723715" /><node id="-4618" lat="34.7961248" lon="10.7723409" /><node id="-4619" lat="34.7967477" lon="10.7722416" /><node id="-4620" lat="34.7969294" lon="10.772208" /><node id="-4621" lat="34.7970594" lon="10.7721819" /><node id="-4622" lat="34.7971899" lon="10.7721423" /><node id="-4623" lat="34.7973325" lon="10.7720773" /><node id="-4624" lat="34.7974361" lon="10.7720083" /><node id="-4625" lat="34.7975561" lon="10.7719124" /><node id="-4626" lat="34.7977361" lon="10.7717467" /><node id="-4627" lat="34.797865" lon="10.771626" /><node id="-4628" lat="34.7981161" lon="10.7713907" /><node id="-4629" lat="34.7982736" lon="10.7712269" /><node id="-4630" lat="34.7984052" lon="10.7710567" /><node id="-4631" lat="34.7984982" lon="10.7709152" /><node id="-4632" lat="34.7986028" lon="10.7707409" /><node id="-4633" lat="34.7986843" lon="10.7705919" /><node id="-4634" lat="34.7987584" lon="10.7704711" /><node id="-4635" lat="34.7990214" lon="10.7699691" /><node id="-4636" lat="34.7992761" lon="10.7695077" /><node id="-4637" lat="34.799527" lon="10.7690531" /><node id="-4638" lat="34.7996679" lon="10.7687984" /><node id="-4639" lat="34.7997199" lon="10.7686976" /><node id="-4640" lat="34.7997737" lon="10.7685839" /><node id="-4641" lat="34.7998163" lon="10.768469" /><node id="-4642" lat="34.7998506" lon="10.7683561" /><node id="-4643" lat="34.7998727" lon="10.7682431" /><node id="-4644" lat="34.7998877" lon="10.7680857" /><node id="-4645" lat="34.7998878" lon="10.7680826" /><node id="-4646" lat="34.7998902" lon="10.7680305" /><node id="-4647" lat="34.7998886" lon="10.7679239" /><node id="-4648" lat="34.7998361" lon="10.7671502" /><node id="-4649" lat="34.7998291" lon="10.7670468" /><node id="-4650" lat="34.7998353" lon="10.7668471" /><node id="-4651" lat="34.7998511" lon="10.7667216" /><node id="-4652" lat="34.7998875" lon="10.7665607" /><node id="-4653" lat="34.7999425" lon="10.7664084" /><node id="-4654" lat="34.8000306" lon="10.7662388" /><node id="-4655" lat="34.8006429" lon="10.7652894" /><node id="-4656" lat="34.8008583" lon="10.7648849" /><node id="-4657" lat="34.8009334" lon="10.7646971" /><node id="-4658" lat="34.801005" lon="10.7644514" /><node id="-4659" lat="34.8010529" lon="10.7642507" /><node id="-4660" lat="34.7485384" lon="10.7610058" /><node id="-4661" lat="34.7487554" lon="10.7609064" /><node id="-4662" lat="34.7498552" lon="10.7627311" /><node id="-4663" lat="34.7501069" lon="10.7632054" /><node id="-4664" lat="34.748811" lon="10.7607956" /><node id="-4665" lat="34.800569" lon="10.7593357" /><node id="-4666" lat="34.8005857" lon="10.75945" /><node id="-4667" lat="34.8006136" lon="10.7596734" /><node id="-4668" lat="34.8006402" lon="10.7600925" /><node id="-4669" lat="34.8006833" lon="10.7604384" /><node id="-4670" lat="34.800732" lon="10.7607843" /><node id="-4671" lat="34.80073" lon="10.7611068" /><node id="-4672" lat="34.8019223" lon="10.7599131" /><node id="-4673" lat="34.8017823" lon="10.7600419" /><node id="-4674" lat="34.8015187" lon="10.7602263" /><node id="-4675" lat="34.8013244" lon="10.7603675" /><node id="-4676" lat="34.8010566" lon="10.7605654" /><node id="-4677" lat="34.8009166" lon="10.7606631" /><node id="-4678" lat="34.7399065" lon="10.7633207" /><node id="-4679" lat="34.7406066" lon="10.7626983" /><node id="-4680" lat="34.7408802" lon="10.7624703" /><node id="-4681" lat="34.7410117" lon="10.7623442" /><node id="-4682" lat="34.7411503" lon="10.7621846" /><node id="-4683" lat="34.7412626" lon="10.7620284" /><node id="-4684" lat="34.741301" lon="10.7619688" /><node id="-4685" lat="34.7413906" lon="10.7618179" /><node id="-4686" lat="34.7414553" lon="10.7617138" /><node id="-4687" lat="34.8105244" lon="10.7643312" /><node id="-4688" lat="34.8092547" lon="10.7652242" /><node id="-4689" lat="34.8093714" lon="10.7651733" /><node id="-4690" lat="34.8094221" lon="10.7651867" /><node id="-4691" lat="34.8094628" lon="10.7652444" /><node id="-4692" lat="34.8094815" lon="10.7652765" /><node id="-4693" lat="34.8096027" lon="10.765577" /><node id="-4694" lat="34.8096434" lon="10.7656641" /><node id="-4695" lat="34.8096753" lon="10.7656963" /><node id="-4696" lat="34.8097139" lon="10.7656936" /><node id="-4697" lat="34.8100139" lon="10.7655374" /><node id="-4698" lat="34.8100282" lon="10.7655119" /><node id="-4699" lat="34.8100475" lon="10.7653912" /><node id="-4700" lat="34.8100585" lon="10.7653208" /><node id="-4701" lat="34.8100734" lon="10.7652672" /><node id="-4702" lat="34.8100938" lon="10.7652511" /><node id="-4703" lat="34.8101631" lon="10.7652162" /><node id="-4704" lat="34.8110782" lon="10.7649746" /><node id="-4705" lat="34.8107376" lon="10.7651451" /><node id="-4706" lat="34.8088844" lon="10.768288" /><node id="-4707" lat="34.8091985" lon="10.7688291" /><node id="-4708" lat="34.8092646" lon="10.7689217" /><node id="-4709" lat="34.8092954" lon="10.7689532" /><node id="-4710" lat="34.8093329" lon="10.7689606" /><node id="-4711" lat="34.8093626" lon="10.7689686" /><node id="-4712" lat="34.8093945" lon="10.7689954" /><node id="-4713" lat="34.8094375" lon="10.7690759" /><node id="-4714" lat="34.8095022" lon="10.7691872" /><node id="-4715" lat="34.8095272" lon="10.7692181" /><node id="-4716" lat="34.809552" lon="10.7692248" /><node id="-4717" lat="34.8095927" lon="10.7691993" /><node id="-4718" lat="34.8097623" lon="10.7690558" /><node id="-4719" lat="34.8098465" lon="10.7689901" /><node id="-4720" lat="34.7388463" lon="10.7614413" /><node id="-4721" lat="34.738753" lon="10.7615424" /><node id="-4722" lat="34.7387583" lon="10.7615938" /><node id="-4723" lat="34.7387873" lon="10.7616449" /><node id="-4724" lat="34.7388252" lon="10.7616773" /><node id="-4725" lat="34.7388918" lon="10.7617055" /><node id="-4726" lat="34.73899" lon="10.761754" /><node id="-4727" lat="34.7390672" lon="10.7617837" /><node id="-4728" lat="34.7391429" lon="10.7618781" /><node id="-4729" lat="34.7387378" lon="10.7613031" /><node id="-4730" lat="34.7438044" lon="10.7598095" /><node id="-4731" lat="34.7438711" lon="10.7597914" /><node id="-4732" lat="34.7439306" lon="10.759774" /><node id="-4733" lat="34.7439972" lon="10.7597592" /><node id="-4734" lat="34.744103" lon="10.7597405" /><node id="-4735" lat="34.7443008" lon="10.7597344" /><node id="-4736" lat="34.761581" lon="10.7639596" /><node id="-4737" lat="34.7691395" lon="10.7697288" /><node id="-4738" lat="34.7689227" lon="10.7694087" /><node id="-4739" lat="34.7420866" lon="10.7640549" /><node id="-4740" lat="34.7423638" lon="10.7641514" /><node id="-4741" lat="34.7426212" lon="10.7642368" /><node id="-4742" lat="34.7431524" lon="10.7643915" /><node id="-4743" lat="34.7436839" lon="10.7645536" /><node id="-4744" lat="34.7422495" lon="10.7640589" /><node id="-4745" lat="34.7424884" lon="10.7640336" /><node id="-4746" lat="34.7426363" lon="10.7639918" /><node id="-4747" lat="34.7427831" lon="10.7639385" /><node id="-4748" lat="34.7429388" lon="10.7638738" /><node id="-4749" lat="34.7405796" lon="10.7637578" /><node id="-4750" lat="34.7410818" lon="10.7638419" /><node id="-4751" lat="34.741886" lon="10.7640216" /><node id="-4752" lat="34.7401952" lon="10.7605156" /><node id="-4753" lat="34.7402619" lon="10.7605432" /><node id="-4754" lat="34.740349" lon="10.7606115" /><node id="-4755" lat="34.7406339" lon="10.7608898" /><node id="-4756" lat="34.7408664" lon="10.7611191" /><node id="-4757" lat="34.7411699" lon="10.7614318" /><node id="-4758" lat="34.7412887" lon="10.7615564" /><node id="-4759" lat="34.7417138" lon="10.7619777" /><node id="-4760" lat="34.7417652" lon="10.7620301" /><node id="-4761" lat="34.7422681" lon="10.7625422" /><node id="-4762" lat="34.7423952" lon="10.7626724" /><node id="-4763" lat="34.7425178" lon="10.7628107" /><node id="-4764" lat="34.7431489" lon="10.7635569" /><node id="-4765" lat="34.7432471" lon="10.7636719" /><node id="-4766" lat="34.7432793" lon="10.7637089" /><node id="-4767" lat="34.7436135" lon="10.7640788" /><node id="-4768" lat="34.7437633" lon="10.7642428" /><node id="-4769" lat="34.7430695" lon="10.7637512" /><node id="-4770" lat="34.7427655" lon="10.7638791" /><node id="-4771" lat="34.7426115" lon="10.7639361" /><node id="-4772" lat="34.7462336" lon="10.7657167" /><node id="-4773" lat="34.7462466" lon="10.7658064" /><node id="-4774" lat="34.7462849" lon="10.7660114" /><node id="-4775" lat="34.7463226" lon="10.7664983" /><node id="-4776" lat="34.7463436" lon="10.7666086" /><node id="-4777" lat="34.7464793" lon="10.7668722" /><node id="-4778" lat="34.7467775" lon="10.7672292" /><node id="-4779" lat="34.7472121" lon="10.7677699" /><node id="-4780" lat="34.7473699" lon="10.7679689" /><node id="-4781" lat="34.7474314" lon="10.7680463" /><node id="-4782" lat="34.7475865" lon="10.7682419" /><node id="-4783" lat="34.7476343" lon="10.7682994" /><node id="-4784" lat="34.7476977" lon="10.7683757" /><node id="-4785" lat="34.7478947" lon="10.7686127" /><node id="-4786" lat="34.7500558" lon="10.7712445" /><node id="-4787" lat="34.7501588" lon="10.7713652" /><node id="-4788" lat="34.75051" lon="10.771798" /><node id="-4789" lat="34.7527834" lon="10.7745399" /><node id="-4790" lat="34.7532462" lon="10.7751169" /><node id="-4791" lat="34.75359" lon="10.7755376" /><node id="-4792" lat="34.7540204" lon="10.7760673" /><node id="-4793" lat="34.7541399" lon="10.7762036" /><node id="-4794" lat="34.7542235" lon="10.7762797" /><node id="-4795" lat="34.7542922" lon="10.7763218" /><node id="-4796" lat="34.7543712" lon="10.7763577" /><node id="-4797" lat="34.7545219" lon="10.776392" /><node id="-4798" lat="34.7627748" lon="10.7597358" /><node id="-4799" lat="34.7626712" lon="10.7594924" /><node id="-4800" lat="34.7626012" lon="10.7593314" /><node id="-4801" lat="34.7625737" lon="10.7592939" /><node id="-4802" lat="34.7625472" lon="10.7592764" /><node id="-4803" lat="34.7625214" lon="10.7592731" /><node id="-4804" lat="34.7624944" lon="10.7592865" /><node id="-4805" lat="34.7618239" lon="10.75966" /><node id="-4806" lat="34.761808" lon="10.7596768" /><node id="-4807" lat="34.7617992" lon="10.7596929" /><node id="-4808" lat="34.7617997" lon="10.759717" /><node id="-4809" lat="34.7618069" lon="10.7597445" /><node id="-4810" lat="34.7619721" lon="10.7601609" /><node id="-4811" lat="34.7619887" lon="10.7601777" /><node id="-4812" lat="34.7620046" lon="10.760183" /><node id="-4813" lat="34.7620228" lon="10.7601817" /><node id="-4814" lat="34.7620448" lon="10.760175" /><node id="-4815" lat="34.7503715" lon="10.7710621" /><node id="-4816" lat="34.7503583" lon="10.7710943" /><node id="-4817" lat="34.7503351" lon="10.7711285" /><node id="-4818" lat="34.7479179" lon="10.7676984" /><node id="-4819" lat="34.7478674" lon="10.7678488" /><node id="-4820" lat="34.7477822" lon="10.7679999" /><node id="-4821" lat="34.7467615" lon="10.7639641" /><node id="-4822" lat="34.7461826" lon="10.7642581" /><node id="-4823" lat="34.745814" lon="10.7644587" /><node id="-4824" lat="34.7473237" lon="10.763647" /><node id="-4825" lat="34.7474565" lon="10.7635919" /><node id="-4826" lat="34.7477114" lon="10.7635378" /><node id="-4827" lat="34.7482453" lon="10.7635251" /><node id="-4828" lat="34.7487495" lon="10.7635378" /><node id="-4829" lat="34.7488332" lon="10.7635399" /><node id="-4830" lat="34.7494977" lon="10.7636189" /><node id="-4831" lat="34.7495484" lon="10.7636176" /><node id="-4832" lat="34.7496002" lon="10.7635928" /><node id="-4833" lat="34.749928" lon="10.7633454" /><node id="-4834" lat="34.7501652" lon="10.7632991" /><node id="-4835" lat="34.7510252" lon="10.7626494" /><node id="-4836" lat="34.7511129" lon="10.762603" /><node id="-4837" lat="34.7511619" lon="10.7626007" /><node id="-4838" lat="34.7512127" lon="10.7626135" /><node id="-4839" lat="34.7471627" lon="10.7624052" /><node id="-4840" lat="34.7520155" lon="10.7626599" /><node id="-4841" lat="34.7520643" lon="10.7626454" /><node id="-4842" lat="34.7525306" lon="10.7627137" /><node id="-4843" lat="34.7686661" lon="10.7610601" /><node id="-4844" lat="34.7686595" lon="10.7609931" /><node id="-4845" lat="34.768665" lon="10.760922" /><node id="-4846" lat="34.7686926" lon="10.7607932" /><node id="-4847" lat="34.7687025" lon="10.7607409" /><node id="-4848" lat="34.768697" lon="10.7606833" /><node id="-4849" lat="34.7686507" lon="10.7604741" /><node id="-4850" lat="34.7685824" lon="10.7602072" /><node id="-4851" lat="34.7685229" lon="10.7600006" /><node id="-4852" lat="34.7684491" lon="10.7597753" /><node id="-4853" lat="34.7683632" lon="10.759538" /><node id="-4854" lat="34.7682585" lon="10.7592711" /><node id="-4855" lat="34.7680139" lon="10.7586756" /><node id="-4856" lat="34.7678443" lon="10.7581995" /><node id="-4857" lat="34.767787" lon="10.7580374" /><node id="-4858" lat="34.767733" lon="10.7578844" /><node id="-4859" lat="34.767657" lon="10.7576913" /><node id="-4860" lat="34.7675358" lon="10.7574244" /><node id="-4861" lat="34.7674025" lon="10.7570609" /><node id="-4862" lat="34.7673089" lon="10.7568088" /><node id="-4863" lat="34.7671568" lon="10.7564346" /><node id="-4864" lat="34.7669711" lon="10.7560496" /><node id="-4865" lat="34.7668748" lon="10.7558499" /><node id="-4866" lat="34.7667889" lon="10.7556461" /><node id="-4867" lat="34.7667535" lon="10.7555453" /><node id="-4868" lat="34.7666665" lon="10.7550745" /><node id="-4869" lat="34.7665534" lon="10.7544834" /><node id="-4870" lat="34.7664517" lon="10.7541776" /><node id="-4871" lat="34.7380668" lon="10.7585966" /><node id="-4872" lat="34.7379227" lon="10.758656" /><node id="-4873" lat="34.7378283" lon="10.7586803" /><node id="-4874" lat="34.7572418" lon="10.7643538" /><node id="-4875" lat="34.7567789" lon="10.7645462" /><node id="-4876" lat="34.7565888" lon="10.7646075" /><node id="-4877" lat="34.7565568" lon="10.7646235" /><node id="-4878" lat="34.7558394" lon="10.7648651" /><node id="-4879" lat="34.8562722" lon="10.7593584" /><node id="-4880" lat="34.8563507" lon="10.7592219" /><node id="-4881" lat="34.8574456" lon="10.7575612" /><node id="-4882" lat="34.8577372" lon="10.7571132" /><node id="-4883" lat="34.8580316" lon="10.756664" /><node id="-4884" lat="34.8583377" lon="10.7561823" /><node id="-4885" lat="34.8587339" lon="10.7556325" /><node id="-4886" lat="34.859027" lon="10.7552773" /><node id="-4887" lat="34.8593743" lon="10.7548573" /><node id="-4888" lat="34.8605566" lon="10.7534628" /><node id="-4889" lat="34.8608691" lon="10.7531047" /><node id="-4890" lat="34.8612234" lon="10.7526728" /><node id="-4891" lat="34.8613709" lon="10.7525012" /><node id="-4892" lat="34.8614886" lon="10.7523765" /><node id="-4893" lat="34.861595" lon="10.7522421" /><node id="-4894" lat="34.8618353" lon="10.7519366" /><node id="-4895" lat="34.8620847" lon="10.7516347" /><node id="-4896" lat="34.8628165" lon="10.7507562" /><node id="-4897" lat="34.8629863" lon="10.7505365" /><node id="-4898" lat="34.8630754" lon="10.7504345" /><node id="-4899" lat="34.8631851" lon="10.7502989" /><node id="-4900" lat="34.863268" lon="10.7501703" /><node id="-4901" lat="34.8633127" lon="10.7501044" /><node id="-4902" lat="34.8633791" lon="10.7500228" /><node id="-4903" lat="34.8634452" lon="10.7499477" /><node id="-4904" lat="34.8635211" lon="10.7498766" /><node id="-4905" lat="34.8635581" lon="10.7498389" /><node id="-4906" lat="34.8643332" lon="10.7488239" /><node id="-4907" lat="34.8643458" lon="10.7488064" /><node id="-4908" lat="34.8650726" lon="10.747802" /><node id="-4909" lat="34.8655476" lon="10.747205" /><node id="-4910" lat="34.8658869" lon="10.7467827" /><node id="-4911" lat="34.8664217" lon="10.7460558" /><node id="-4912" lat="34.8670841" lon="10.7451922" /><node id="-4913" lat="34.8677685" lon="10.7442722" /><node id="-4914" lat="34.8681944" lon="10.7437317" /><node id="-4915" lat="34.8686202" lon="10.74321" /><node id="-4916" lat="34.8686466" lon="10.7431403" /><node id="-4917" lat="34.8686378" lon="10.7430638" /><node id="-4918" lat="34.8685861" lon="10.7430223" /><node id="-4919" lat="34.868498" lon="10.7429981" /><node id="-4920" lat="34.8678907" lon="10.7428788" /><node id="-4921" lat="34.8675187" lon="10.7427929" /><node id="-4922" lat="34.8670555" lon="10.7426749" /><node id="-4923" lat="34.8667496" lon="10.742581" /><node id="-4924" lat="34.8663452" lon="10.7424701" /><node id="-4925" lat="34.8662742" lon="10.7424402" /><node id="-4926" lat="34.8661532" lon="10.7424027" /><node id="-4927" lat="34.8660322" lon="10.7423812" /><node id="-4928" lat="34.8653697" lon="10.7423034" /><node id="-4929" lat="34.8648416" lon="10.7421988" /><node id="-4930" lat="34.8648275" lon="10.7421933" /><node id="-4931" lat="34.864759" lon="10.7421666" /><node id="-4932" lat="34.8647259" lon="10.7421588" /><node id="-4933" lat="34.8646798" lon="10.7421479" /><node id="-4934" lat="34.8645147" lon="10.7421291" /><node id="-4935" lat="34.8634991" lon="10.7419816" /><node id="-4936" lat="34.8624581" lon="10.7417938" /><node id="-4937" lat="34.8618551" lon="10.7416919" /><node id="-4938" lat="34.861186" lon="10.7415256" /><node id="-4939" lat="34.8606332" lon="10.7413913" /><node id="-4940" lat="34.8600295" lon="10.7412574" /><node id="-4941" lat="34.8597521" lon="10.7411943" /><node id="-4942" lat="34.8594899" lon="10.7411163" /><node id="-4943" lat="34.8587416" lon="10.740867" /><node id="-4944" lat="34.8584132" lon="10.7407814" /><node id="-4945" lat="34.8579918" lon="10.7406521" /><node id="-4946" lat="34.8577658" lon="10.7405734" /><node id="-4947" lat="34.857548" lon="10.7405041" /><node id="-4948" lat="34.8574357" lon="10.7404795" /><node id="-4949" lat="34.8572464" lon="10.7404432" /><node id="-4950" lat="34.8570394" lon="10.7403882" /><node id="-4951" lat="34.8568521" lon="10.7403788" /><node id="-4952" lat="34.8566587" lon="10.740324" /><node id="-4953" lat="34.8564982" lon="10.7402934" /><node id="-4954" lat="34.8563088" lon="10.7402341" /><node id="-4955" lat="34.8557717" lon="10.740049" /><node id="-4956" lat="34.8554009" lon="10.7399149" /><node id="-4957" lat="34.8551147" lon="10.7398023" /><node id="-4958" lat="34.8546855" lon="10.7396574" /><node id="-4959" lat="34.8544566" lon="10.739585" /><node id="-4960" lat="34.8543801" lon="10.739561" /><node id="-4961" lat="34.8542134" lon="10.7395086" /><node id="-4962" lat="34.8539933" lon="10.7394361" /><node id="-4963" lat="34.8536863" lon="10.7393181" /><node id="-4964" lat="34.8532361" lon="10.7391237" /><node id="-4965" lat="34.8529929" lon="10.7390405" /><node id="-4966" lat="34.8525766" lon="10.7389181" /><node id="-4967" lat="34.8525175" lon="10.7388957" /><node id="-4968" lat="34.8522941" lon="10.7388327" /><node id="-4969" lat="34.8521587" lon="10.7388045" /><node id="-4970" lat="34.8519628" lon="10.738771" /><node id="-4971" lat="34.851801" lon="10.7387334" /><node id="-4972" lat="34.8515688" lon="10.7387026" /><node id="-4973" lat="34.8510989" lon="10.7386382" /><node id="-4974" lat="34.8510075" lon="10.7386409" /><node id="-4975" lat="34.8507632" lon="10.7386073" /><node id="-4976" lat="34.8505849" lon="10.7385819" /><node id="-4977" lat="34.8503406" lon="10.738547" /><node id="-4978" lat="34.8501887" lon="10.7385242" /><node id="-4979" lat="34.85005" lon="10.7385148" /><node id="-4980" lat="34.8493952" lon="10.7384545" /><node id="-4981" lat="34.8486864" lon="10.7384437" /><node id="-4982" lat="34.8481856" lon="10.7384464" /><node id="-4983" lat="34.8477773" lon="10.7384263" /><node id="-4984" lat="34.8477355" lon="10.7384209" /><node id="-4985" lat="34.8476309" lon="10.7384075" /><node id="-4986" lat="34.8467724" lon="10.7383177" /><node id="-4987" lat="34.8465772" lon="10.7383081" /><node id="-4988" lat="34.8463696" lon="10.7383163" /><node id="-4989" lat="34.846051" lon="10.7383237" /><node id="-4990" lat="34.8456911" lon="10.738319" /><node id="-4991" lat="34.8454379" lon="10.7383183" /><node id="-4992" lat="34.8453072" lon="10.7383081" /><node id="-4993" lat="34.8450863" lon="10.7382989" /><node id="-4994" lat="34.8448243" lon="10.7382754" /><node id="-4995" lat="34.8447341" lon="10.7382627" /><node id="-4996" lat="34.8445877" lon="10.7382345" /><node id="-4997" lat="34.8443048" lon="10.7381728" /><node id="-4998" lat="34.8430875" lon="10.7378966" /><node id="-4999" lat="34.8428728" lon="10.7378322" /><node id="-5000" lat="34.8421816" lon="10.7376612" /><node id="-5001" lat="34.8419422" lon="10.7376109" /><node id="-5002" lat="34.8417876" lon="10.7376049" /><node id="-5003" lat="34.8415715" lon="10.737608" /><node id="-5004" lat="34.8414354" lon="10.7375948" /><node id="-5005" lat="34.8413821" lon="10.7375812" /><node id="-5006" lat="34.8406792" lon="10.7374406" /><node id="-5007" lat="34.8405796" lon="10.7374299" /><node id="-5008" lat="34.840443" lon="10.737455" /><node id="-5009" lat="34.8403176" lon="10.737332" /><node id="-5010" lat="34.840196" lon="10.7371724" /><node id="-5011" lat="34.8397722" lon="10.7367083" /><node id="-5012" lat="34.8396335" lon="10.7365555" /><node id="-5013" lat="34.8394078" lon="10.7363074" /><node id="-5014" lat="34.8392772" lon="10.7361747" /><node id="-5015" lat="34.8391437" lon="10.7360391" /><node id="-5016" lat="34.8387871" lon="10.7356388" /><node id="-5017" lat="34.8385493" lon="10.7353659" /><node id="-5018" lat="34.8381729" lon="10.73492" /><node id="-5019" lat="34.8378757" lon="10.7345364" /><node id="-5020" lat="34.8377348" lon="10.7343272" /><node id="-5021" lat="34.8375988" lon="10.7341616" /><node id="-5022" lat="34.8375383" lon="10.7340751" /><node id="-5023" lat="34.8374772" lon="10.7339879" /><node id="-5024" lat="34.837409" lon="10.7338766" /><node id="-5025" lat="34.837343" lon="10.7337908" /><node id="-5026" lat="34.8371425" lon="10.7335393" /><node id="-5027" lat="34.8369907" lon="10.7333724" /><node id="-5028" lat="34.8368459" lon="10.7332362" /><node id="-5029" lat="34.8367997" lon="10.733198" /><node id="-5030" lat="34.8367529" lon="10.7331658" /><node id="-5031" lat="34.8367171" lon="10.7331544" /><node id="-5032" lat="34.8366912" lon="10.7331484" /><node id="-5033" lat="34.8366698" lon="10.7331571" /><node id="-5034" lat="34.8366285" lon="10.7332106" /><node id="-5035" lat="34.8014166" lon="10.7613846" /><node id="-5036" lat="34.8016396" lon="10.7613954" /><node id="-5037" lat="34.8018328" lon="10.7614021" /><node id="-5038" lat="34.8018669" lon="10.7614356" /><node id="-5039" lat="34.8018902" lon="10.7614566" /><node id="-5040" lat="34.8019881" lon="10.761563" /><node id="-5041" lat="34.7742856" lon="10.7655239" /><node id="-5042" lat="34.7739777" lon="10.7658206" /><node id="-5043" lat="34.7738608" lon="10.7659445" /><node id="-5044" lat="34.7735507" lon="10.7662556" /><node id="-5045" lat="34.773311" lon="10.7664628" /><node id="-5046" lat="34.7732094" lon="10.7665391" /><node id="-5047" lat="34.7730173" lon="10.7666863" /><node id="-5048" lat="34.7729131" lon="10.766711" /><node id="-5049" lat="34.7727832" lon="10.7673585" /><node id="-5050" lat="34.7726186" lon="10.7675074" /><node id="-5051" lat="34.7724283" lon="10.7676979" /><node id="-5052" lat="34.7727702" lon="10.768208" /><node id="-5053" lat="34.7726947" lon="10.7680981" /><node id="-5054" lat="34.7725885" lon="10.7679422" /><node id="-5055" lat="34.7723661" lon="10.7676004" /><node id="-5056" lat="34.7738872" lon="10.765474" /><node id="-5057" lat="34.7738964" lon="10.7655664" /><node id="-5058" lat="34.7739041" lon="10.7656402" /><node id="-5059" lat="34.7739025" lon="10.7657505" /><node id="-5060" lat="34.7738952" lon="10.765812" /><node id="-5061" lat="34.7738783" lon="10.7658784" /><node id="-5062" lat="34.7775421" lon="10.771447" /><node id="-5063" lat="34.7774338" lon="10.7712458" /><node id="-5064" lat="34.7773594" lon="10.7710973" /><node id="-5065" lat="34.7772581" lon="10.7708814" /><node id="-5066" lat="34.7772276" lon="10.770821" /><node id="-5067" lat="34.7770578" lon="10.7704028" /><node id="-5068" lat="34.7769629" lon="10.7701827" /><node id="-5069" lat="34.776881" lon="10.7699976" /><node id="-5070" lat="34.7767757" lon="10.7698011" /><node id="-5071" lat="34.7767047" lon="10.7696714" /><node id="-5072" lat="34.7765651" lon="10.7694183" /><node id="-5073" lat="34.7764595" lon="10.7691904" /><node id="-5074" lat="34.7763195" lon="10.7688517" /><node id="-5075" lat="34.7762861" lon="10.7687632" /><node id="-5076" lat="34.7761389" lon="10.7684148" /><node id="-5077" lat="34.7760766" lon="10.7682861" /><node id="-5078" lat="34.7760423" lon="10.7682405" /><node id="-5079" lat="34.7759925" lon="10.7682084" /><node id="-5080" lat="34.7759432" lon="10.7681756" /><node id="-5081" lat="34.7758927" lon="10.7681414" /><node id="-5082" lat="34.7758416" lon="10.7680904" /><node id="-5083" lat="34.7757811" lon="10.7680234" /><node id="-5084" lat="34.7757008" lon="10.7678896" /><node id="-5085" lat="34.7754083" lon="10.7673057" /><node id="-5086" lat="34.7753646" lon="10.7672287" /><node id="-5087" lat="34.7753162" lon="10.7671486" /><node id="-5088" lat="34.7751694" lon="10.7669028" /><node id="-5089" lat="34.7750906" lon="10.7667727" /><node id="-5090" lat="34.7750502" lon="10.7667085" /><node id="-5091" lat="34.7749073" lon="10.766481" /><node id="-5092" lat="34.7747525" lon="10.7662595" /><node id="-5093" lat="34.7746224" lon="10.7660701" /><node id="-5094" lat="34.7743838" lon="10.7655863" /><node id="-5095" lat="34.7724942" lon="10.763584" /><node id="-5096" lat="34.7723851" lon="10.7636967" /><node id="-5097" lat="34.7722975" lon="10.7637812" /><node id="-5098" lat="34.772221" lon="10.7637644" /><node id="-5099" lat="34.7717546" lon="10.76401" /><node id="-5100" lat="34.7713502" lon="10.7642553" /><node id="-5101" lat="34.7720252" lon="10.7624017" /><node id="-5102" lat="34.7717495" lon="10.7624943" /><node id="-5103" lat="34.7714652" lon="10.7625604" /><node id="-5104" lat="34.7709872" lon="10.7626264" /><node id="-5105" lat="34.770821" lon="10.7626517" /><node id="-5106" lat="34.7707649" lon="10.7611212" /><node id="-5107" lat="34.7707131" lon="10.7608095" /><node id="-5108" lat="34.7706082" lon="10.760324" /><node id="-5109" lat="34.7705599" lon="10.7601026" /><node id="-5110" lat="34.770523" lon="10.7599255" /><node id="-5111" lat="34.7705086" lon="10.7598471" /><node id="-5112" lat="34.7704982" lon="10.7597753" /><node id="-5113" lat="34.7704838" lon="10.7596996" /><node id="-5114" lat="34.7704585" lon="10.7596023" /><node id="-5115" lat="34.7703335" lon="10.7591521" /><node id="-5116" lat="34.7720743" lon="10.7589167" /><node id="-5117" lat="34.7721804" lon="10.7588408" /><node id="-5118" lat="34.7723679" lon="10.7586954" /><node id="-5119" lat="34.7724899" lon="10.7589461" /><node id="-5120" lat="34.7727411" lon="10.7587696" /><node id="-5121" lat="34.7729493" lon="10.7586354" /><node id="-5122" lat="34.7733343" lon="10.7583236" /><node id="-5123" lat="34.7734532" lon="10.7582582" /><node id="-5124" lat="34.7735254" lon="10.7582726" /><node id="-5125" lat="34.7736548" lon="10.758506" /><node id="-5126" lat="34.7738273" lon="10.7588299" /><node id="-5127" lat="34.8167407" lon="10.7445081" /><node id="-5128" lat="34.8166601" lon="10.7445613" /><node id="-5129" lat="34.8158659" lon="10.745284" /><node id="-5130" lat="34.8151865" lon="10.7458952" /><node id="-5131" lat="34.8148912" lon="10.7461766" /><node id="-5132" lat="34.8143065" lon="10.746721" /><node id="-5133" lat="34.8142093" lon="10.74681" /><node id="-5134" lat="34.8140797" lon="10.7469168" /><node id="-5135" lat="34.8139421" lon="10.7470102" /><node id="-5136" lat="34.8137641" lon="10.7471149" /><node id="-5137" lat="34.8127325" lon="10.7477309" /><node id="-5138" lat="34.812525" lon="10.7478328" /><node id="-5139" lat="34.8123743" lon="10.7479001" /><node id="-5140" lat="34.8119844" lon="10.7480842" /><node id="-5141" lat="34.8115638" lon="10.7482884" /><node id="-5142" lat="34.8113695" lon="10.7484068" /><node id="-5143" lat="34.8111731" lon="10.7485331" /><node id="-5144" lat="34.81054" lon="10.7490362" /><node id="-5145" lat="34.8104581" lon="10.7491013" /><node id="-5146" lat="34.8100372" lon="10.7494394" /><node id="-5147" lat="34.8098434" lon="10.7495802" /><node id="-5148" lat="34.8096852" lon="10.749693" /><node id="-5149" lat="34.8094005" lon="10.7498778" /><node id="-5150" lat="34.8091416" lon="10.7500767" /><node id="-5151" lat="34.8090571" lon="10.7501453" /><node id="-5152" lat="34.8089756" lon="10.7502193" /><node id="-5153" lat="34.8088936" lon="10.7503029" /><node id="-5154" lat="34.8088187" lon="10.750401" /><node id="-5155" lat="34.8087359" lon="10.750515" /><node id="-5156" lat="34.8086381" lon="10.7506612" /><node id="-5157" lat="34.8085621" lon="10.7507832" /><node id="-5158" lat="34.8084635" lon="10.7509408" /><node id="-5159" lat="34.8083782" lon="10.7510823" /><node id="-5160" lat="34.8082505" lon="10.7513103" /><node id="-5161" lat="34.8075689" lon="10.7526122" /><node id="-5162" lat="34.8073971" lon="10.7529478" /><node id="-5163" lat="34.8070502" lon="10.7536089" /><node id="-5164" lat="34.8065669" lon="10.7545178" /><node id="-5165" lat="34.8056947" lon="10.7561637" /><node id="-5166" lat="34.8053159" lon="10.7568853" /><node id="-5167" lat="34.8048049" lon="10.7578388" /><node id="-5168" lat="34.8047813" lon="10.7578713" /><node id="-5169" lat="34.8047565" lon="10.7579032" /><node id="-5170" lat="34.8044305" lon="10.7582542" /><node id="-5171" lat="34.8043205" lon="10.7584024" /><node id="-5172" lat="34.8028604" lon="10.7604086" /><node id="-5173" lat="34.8024574" lon="10.7611382" /><node id="-5174" lat="34.8023791" lon="10.76129" /><node id="-5175" lat="34.8011412" lon="10.7639945" /><node id="-5176" lat="34.7917943" lon="10.7676169" /><node id="-5177" lat="34.7919348" lon="10.7673484" /><node id="-5178" lat="34.7919352" lon="10.767287" /><node id="-5179" lat="34.7913804" lon="10.7667933" /><node id="-5180" lat="34.7917862" lon="10.7662568" /><node id="-5181" lat="34.7919786" lon="10.7662444" /><node id="-5182" lat="34.7922531" lon="10.7665019" /><node id="-5183" lat="34.790849" lon="10.7684986" /><node id="-5184" lat="34.7905627" lon="10.7690611" /><node id="-5185" lat="34.7923441" lon="10.7681459" /><node id="-5186" lat="34.7922458" lon="10.7680691" /><node id="-5187" lat="34.7919976" lon="10.7678399" /><node id="-5188" lat="34.7923821" lon="10.7696941" /><node id="-5189" lat="34.7926239" lon="10.7699771" /><node id="-5190" lat="34.7926583" lon="10.7700277" /><node id="-5191" lat="34.7926504" lon="10.7700949" /><node id="-5192" lat="34.7924015" lon="10.7704639" /><node id="-5193" lat="34.7925772" lon="10.7706676" /><node id="-5194" lat="34.7902038" lon="10.7691313" /><node id="-5195" lat="34.7907988" lon="10.7696006" /><node id="-5196" lat="34.791645" lon="10.770404" /><node id="-5197" lat="34.7921382" lon="10.7709628" /><node id="-5198" lat="34.7926494" lon="10.7715049" /><node id="-5199" lat="34.7902768" lon="10.768984" /><node id="-5200" lat="34.7902646" lon="10.7689146" /><node id="-5201" lat="34.7898441" lon="10.7684655" /><node id="-5202" lat="34.7898036" lon="10.768452" /><node id="-5203" lat="34.789768" lon="10.7684764" /><node id="-5204" lat="34.7895367" lon="10.7688144" /><node id="-5205" lat="34.7537698" lon="10.7632253" /><node id="-5206" lat="34.7966338" lon="10.760633" /><node id="-5207" lat="34.7966146" lon="10.7608001" /><node id="-5208" lat="34.7966133" lon="10.7608519" /><node id="-5209" lat="34.7966113" lon="10.7609319" /><node id="-5210" lat="34.7966325" lon="10.7613148" /><node id="-5211" lat="34.7966453" lon="10.7614135" /><node id="-5212" lat="34.7966957" lon="10.7617019" /><node id="-5213" lat="34.7967933" lon="10.7623333" /><node id="-5214" lat="34.7968595" lon="10.762791" /><node id="-5215" lat="34.7969594" lon="10.7634566" /><node id="-5216" lat="34.7969658" lon="10.7634994" /><node id="-5217" lat="34.7970308" lon="10.7639741" /><node id="-5218" lat="34.7970559" lon="10.7640269" /><node id="-5219" lat="34.7970868" lon="10.7640534" /><node id="-5220" lat="34.7971354" lon="10.7640769" /><node id="-5221" lat="34.7971861" lon="10.7640713" /><node id="-5222" lat="34.7976359" lon="10.7640213" /><node id="-5223" lat="34.7981827" lon="10.7656279" /><node id="-5224" lat="34.798191" lon="10.7656869" /><node id="-5225" lat="34.79817" lon="10.7657352" /><node id="-5226" lat="34.7977408" lon="10.7660639" /><node id="-5227" lat="34.7977087" lon="10.7661116" /><node id="-5228" lat="34.7977003" lon="10.7661746" /><node id="-5229" lat="34.7977074" lon="10.7662193" /><node id="-5230" lat="34.7979963" lon="10.7666601" /><node id="-5231" lat="34.798161" lon="10.7669058" /><node id="-5232" lat="34.7983271" lon="10.7671448" /><node id="-5233" lat="34.7986568" lon="10.7676691" /><node id="-5234" lat="34.798645" lon="10.7677328" /><node id="-5235" lat="34.7985335" lon="10.7678693" /><node id="-5236" lat="34.7985302" lon="10.7679507" /><node id="-5237" lat="34.7987029" lon="10.7681967" /><node id="-5238" lat="34.7987027" lon="10.7683076" /><node id="-5239" lat="34.8008987" lon="10.7685914" /><node id="-5240" lat="34.8013085" lon="10.7689646" /><node id="-5241" lat="34.8014563" lon="10.7690992" /><node id="-5242" lat="34.8014956" lon="10.7691351" /><node id="-5243" lat="34.8015564" lon="10.7692184" /><node id="-5244" lat="34.8016674" lon="10.7693775" /><node id="-5245" lat="34.8017268" lon="10.7694498" /><node id="-5246" lat="34.8017436" lon="10.7694678" /><node id="-5247" lat="34.8018999" lon="10.7696403" /><node id="-5248" lat="34.8019435" lon="10.7696553" /><node id="-5249" lat="34.8020354" lon="10.7697521" /><node id="-5250" lat="34.8020759" lon="10.769796" /><node id="-5251" lat="34.8021584" lon="10.7696824" /><node id="-5252" lat="34.8019385" lon="10.7696254" /><node id="-5253" lat="34.8019958" lon="10.7695353" /><node id="-5254" lat="34.8020937" lon="10.7703925" /><node id="-5255" lat="34.802152" lon="10.770267" /><node id="-5256" lat="34.8023835" lon="10.7699099" /><node id="-5257" lat="34.8024462" lon="10.7698127" /><node id="-5258" lat="34.8025329" lon="10.7696422" /><node id="-5259" lat="34.8029177" lon="10.7691185" /><node id="-5260" lat="34.8016065" lon="10.7689894" /><node id="-5261" lat="34.8018266" lon="10.7686639" /><node id="-5262" lat="34.8021268" lon="10.7681711" /><node id="-5263" lat="34.8021363" lon="10.7689942" /><node id="-5264" lat="34.8024498" lon="10.7693168" /><node id="-5265" lat="34.8018467" lon="10.7702315" /><node id="-5266" lat="34.8016369" lon="10.7700729" /><node id="-5267" lat="34.8015876" lon="10.770018" /><node id="-5268" lat="34.8014432" lon="10.7698817" /><node id="-5269" lat="34.8013762" lon="10.7699099" /><node id="-5270" lat="34.801074" lon="10.7704295" /><node id="-5271" lat="34.7442794" lon="10.7687339" /><node id="-5272" lat="34.7437846" lon="10.7693066" /><node id="-5273" lat="34.7703139" lon="10.7591085" /><node id="-5274" lat="34.7702971" lon="10.7590592" /><node id="-5275" lat="34.7702734" lon="10.7590015" /><node id="-5276" lat="34.7702228" lon="10.7588634" /><node id="-5277" lat="34.7701963" lon="10.7587836" /><node id="-5278" lat="34.7701583" lon="10.7586488" /><node id="-5279" lat="34.7701286" lon="10.7585328" /><node id="-5280" lat="34.7701057" lon="10.7584451" /><node id="-5281" lat="34.7700762" lon="10.7582639" /><node id="-5282" lat="34.7700487" lon="10.7581278" /><node id="-5283" lat="34.7700118" lon="10.7580098" /><node id="-5284" lat="34.7779097" lon="10.7703406" /><node id="-5285" lat="34.7781091" lon="10.770181" /><node id="-5286" lat="34.7781785" lon="10.7701179" /><node id="-5287" lat="34.7782467" lon="10.7700415" /><node id="-5288" lat="34.7783117" lon="10.769949" /><node id="-5289" lat="34.7783415" lon="10.7699047" /><node id="-5290" lat="34.7784076" lon="10.7698457" /><node id="-5291" lat="34.7785082" lon="10.7697834" /><node id="-5292" lat="34.7785705" lon="10.7697207" /><node id="-5293" lat="34.7785985" lon="10.7696625" /><node id="-5294" lat="34.7786138" lon="10.7695658" /><node id="-5295" lat="34.7786328" lon="10.7694273" /><node id="-5296" lat="34.7772696" lon="10.7692589" /><node id="-5297" lat="34.7773996" lon="10.7691862" /><node id="-5298" lat="34.7779486" lon="10.7687598" /><node id="-5299" lat="34.7781063" lon="10.7687923" /><node id="-5300" lat="34.7783515" lon="10.7688209" /><node id="-5301" lat="34.7784895" lon="10.7688024" /><node id="-5302" lat="34.7789184" lon="10.7686431" /><node id="-5303" lat="34.779115" lon="10.768562" /><node id="-5304" lat="34.7792478" lon="10.7684984" /><node id="-5305" lat="34.779538" lon="10.7683582" /><node id="-5306" lat="34.7797968" lon="10.7682509" /><node id="-5307" lat="34.7800914" lon="10.7681079" /><node id="-5308" lat="34.7794815" lon="10.77029" /><node id="-5309" lat="34.7793379" lon="10.7699141" /><node id="-5310" lat="34.7791782" lon="10.7694589" /><node id="-5311" lat="34.7792854" lon="10.7685878" /><node id="-5312" lat="34.7793206" lon="10.7686647" /><node id="-5313" lat="34.7793465" lon="10.768704" /><node id="-5314" lat="34.7793901" lon="10.7687548" /><node id="-5315" lat="34.7794195" lon="10.7687944" /><node id="-5316" lat="34.7794832" lon="10.7689114" /><node id="-5317" lat="34.779517" lon="10.7690134" /><node id="-5318" lat="34.7795363" lon="10.769101" /><node id="-5319" lat="34.7795679" lon="10.7692185" /><node id="-5320" lat="34.7796075" lon="10.7693219" /><node id="-5321" lat="34.7797027" lon="10.7694697" /><node id="-5322" lat="34.7804385" lon="10.7688381" /><node id="-5323" lat="34.7802348" lon="10.7690381" /><node id="-5324" lat="34.7801203" lon="10.7691557" /><node id="-5325" lat="34.7799882" lon="10.7692448" /><node id="-5326" lat="34.7807584" lon="10.7694575" /><node id="-5327" lat="34.7808347" lon="10.7696333" /><node id="-5328" lat="34.7808862" lon="10.7697519" /><node id="-5329" lat="34.7810064" lon="10.7700406" /><node id="-5330" lat="34.7810252" lon="10.7700859" /><node id="-5331" lat="34.7812233" lon="10.7705531" /><node id="-5332" lat="34.7812562" lon="10.7705886" /><node id="-5333" lat="34.7813166" lon="10.7706005" /><node id="-5334" lat="34.7813955" lon="10.7705647" /><node id="-5335" lat="34.7815567" lon="10.7704611" /><node id="-5336" lat="34.781742" lon="10.770334" /><node id="-5337" lat="34.7819891" lon="10.7701639" /><node id="-5338" lat="34.7820256" lon="10.7702253" /><node id="-5339" lat="34.7820517" lon="10.7702677" /><node id="-5340" lat="34.7822679" lon="10.7706029" /><node id="-5341" lat="34.7825624" lon="10.7710893" /><node id="-5342" lat="34.782601" lon="10.7711531" /><node id="-5343" lat="34.7831881" lon="10.7719499" /><node id="-5344" lat="34.7942348" lon="10.760615" /><node id="-5345" lat="34.7942641" lon="10.7608248" /><node id="-5346" lat="34.7943089" lon="10.7610246" /><node id="-5347" lat="34.7943987" lon="10.7613384" /><node id="-5348" lat="34.79444" lon="10.7614638" /><node id="-5349" lat="34.7944675" lon="10.7615449" /><node id="-5350" lat="34.7945248" lon="10.7617125" /><node id="-5351" lat="34.7940267" lon="10.7619449" /><node id="-5352" lat="34.7948453" lon="10.7615992" /><node id="-5353" lat="34.7951261" lon="10.7614805" /><node id="-5354" lat="34.7952353" lon="10.7617354" /><node id="-5355" lat="34.7953929" lon="10.7620323" /><node id="-5356" lat="34.7955344" lon="10.7623135" /><node id="-5357" lat="34.7950433" lon="10.7613033" /><node id="-5358" lat="34.7950483" lon="10.7612392" /><node id="-5359" lat="34.79525" lon="10.7611171" /><node id="-5360" lat="34.7952621" lon="10.7610803" /><node id="-5361" lat="34.7951209" lon="10.7607599" /><node id="-5362" lat="34.795114" lon="10.7606886" /><node id="-5363" lat="34.780809" lon="10.7640686" /><node id="-5364" lat="34.7808839" lon="10.764018" /><node id="-5365" lat="34.781095" lon="10.7638648" /><node id="-5366" lat="34.7813498" lon="10.7636636" /><node id="-5367" lat="34.7814642" lon="10.7635715" /><node id="-5368" lat="34.7815607" lon="10.7634968" /><node id="-5369" lat="34.7814007" lon="10.7631766" /><node id="-5370" lat="34.781981" lon="10.7627698" /><node id="-5371" lat="34.7813289" lon="10.7630431" /><node id="-5372" lat="34.781205" lon="10.7627708" /><node id="-5373" lat="34.7811119" lon="10.7625669" /><node id="-5374" lat="34.7788346" lon="10.7673968" /><node id="-5375" lat="34.7786955" lon="10.7674674" /><node id="-5376" lat="34.7785362" lon="10.767579" /><node id="-5377" lat="34.7784744" lon="10.7676207" /><node id="-5378" lat="34.7784468" lon="10.7676273" /><node id="-5379" lat="34.77842" lon="10.7676285" /><node id="-5380" lat="34.7784049" lon="10.7676194" /><node id="-5381" lat="34.7783525" lon="10.7675554" /><node id="-5382" lat="34.7783429" lon="10.7675481" /><node id="-5383" lat="34.7783322" lon="10.7675455" /><node id="-5384" lat="34.7783229" lon="10.7675444" /><node id="-5385" lat="34.7783096" lon="10.767546" /><node id="-5386" lat="34.7782848" lon="10.7675592" /><node id="-5387" lat="34.7782271" lon="10.7675988" /><node id="-5388" lat="34.778061" lon="10.7677268" /><node id="-5389" lat="34.7780258" lon="10.7677647" /><node id="-5390" lat="34.7780001" lon="10.7678087" /><node id="-5391" lat="34.7779933" lon="10.7678367" /><node id="-5392" lat="34.7780059" lon="10.7678735" /><node id="-5393" lat="34.7780339" lon="10.7679339" /><node id="-5394" lat="34.778038" lon="10.7679526" /><node id="-5395" lat="34.7780357" lon="10.7679691" /><node id="-5396" lat="34.7780249" lon="10.7679911" /><node id="-5397" lat="34.777987" lon="10.7680251" /><node id="-5398" lat="34.7779073" lon="10.7680819" /><node id="-5399" lat="34.7766451" lon="10.7669389" /><node id="-5400" lat="34.776489" lon="10.7666093" /><node id="-5401" lat="34.77634" lon="10.7662784" /><node id="-5402" lat="34.7761205" lon="10.7657502" /><node id="-5403" lat="34.7758879" lon="10.7652224" /><node id="-5404" lat="34.7758186" lon="10.7652099" /><node id="-5405" lat="34.7757034" lon="10.7652884" /><node id="-5406" lat="34.7754675" lon="10.7654969" /><node id="-5407" lat="34.7751122" lon="10.76588" /><node id="-5408" lat="34.7754258" lon="10.7671889" /><node id="-5409" lat="34.7760475" lon="10.7667771" /><node id="-5410" lat="34.7752235" lon="10.7666685" /><node id="-5411" lat="34.775412" lon="10.7665197" /><node id="-5412" lat="34.7756722" lon="10.7663181" /><node id="-5413" lat="34.7757026" lon="10.7663101" /><node id="-5414" lat="34.7757298" lon="10.7663244" /><node id="-5415" lat="34.7758054" lon="10.7664567" /><node id="-5416" lat="34.7747431" lon="10.7652292" /><node id="-5417" lat="34.7748185" lon="10.7651622" /><node id="-5418" lat="34.7750412" lon="10.7650132" /><node id="-5419" lat="34.7701126" lon="10.7588688" /><node id="-5420" lat="34.7700333" lon="10.7588848" /><node id="-5421" lat="34.7699407" lon="10.7589278" /><node id="-5422" lat="34.7690065" lon="10.7592067" /><node id="-5423" lat="34.7688721" lon="10.7592604" /><node id="-5424" lat="34.7687774" lon="10.7593033" /><node id="-5425" lat="34.7687576" lon="10.7593328" /><node id="-5426" lat="34.7687587" lon="10.7594173" /><node id="-5427" lat="34.7688248" lon="10.7596681" /><node id="-5428" lat="34.7688677" lon="10.7597888" /><node id="-5429" lat="34.7688931" lon="10.7598156" /><node id="-5430" lat="34.7689316" lon="10.7598169" /><node id="-5431" lat="34.7690588" lon="10.7597608" /><node id="-5432" lat="34.7690955" lon="10.7597617" /><node id="-5433" lat="34.7691297" lon="10.7597763" /><node id="-5434" lat="34.7659813" lon="10.7583913" /><node id="-5435" lat="34.766054" lon="10.7585402" /><node id="-5436" lat="34.7661179" lon="10.7587025" /><node id="-5437" lat="34.7661774" lon="10.7588513" /><node id="-5438" lat="34.7662138" lon="10.7589331" /><node id="-5439" lat="34.7662369" lon="10.7589841" /><node id="-5440" lat="34.7662636" lon="10.7589998" /><node id="-5441" lat="34.7662876" lon="10.7590042" /><node id="-5442" lat="34.7664341" lon="10.7589117" /><node id="-5443" lat="34.7665928" lon="10.7588138" /><node id="-5444" lat="34.7666371" lon="10.7587977" /><node id="-5445" lat="34.766655" lon="10.7588034" /><node id="-5446" lat="34.7666743" lon="10.7588245" /><node id="-5447" lat="34.7668098" lon="10.7591343" /><node id="-5448" lat="34.7607194" lon="10.7597861" /><node id="-5449" lat="34.7608296" lon="10.7597485" /><node id="-5450" lat="34.7608605" lon="10.7597472" /><node id="-5451" lat="34.7608945" lon="10.7597595" /><node id="-5452" lat="34.760931" lon="10.7597727" /><node id="-5453" lat="34.7609783" lon="10.7598478" /><node id="-5454" lat="34.7622487" lon="10.7585603" /><node id="-5455" lat="34.762425" lon="10.7590163" /><node id="-5456" lat="34.7674333" lon="10.758276" /><node id="-5457" lat="34.7673683" lon="10.7583176" /><node id="-5458" lat="34.7673566" lon="10.7583323" /><node id="-5459" lat="34.7673496" lon="10.7583511" /><node id="-5460" lat="34.767365" lon="10.7584235" /><node id="-5461" lat="34.7675061" lon="10.7588366" /><node id="-5462" lat="34.7676735" lon="10.7592094" /><node id="-5463" lat="34.7677044" lon="10.7592791" /><node id="-5464" lat="34.8322121" lon="10.7695909" /><node id="-5465" lat="34.8319986" lon="10.7697961" /><node id="-5466" lat="34.831807" lon="10.7699811" /><node id="-5467" lat="34.8314614" lon="10.7703419" /><node id="-5468" lat="34.8313238" lon="10.7704693" /><node id="-5469" lat="34.8313106" lon="10.7704921" /><node id="-5470" lat="34.8313039" lon="10.7705243" /><node id="-5471" lat="34.8313028" lon="10.7705458" /><node id="-5472" lat="34.8313073" lon="10.7705672" /><node id="-5473" lat="34.8313216" lon="10.7705981" /><node id="-5474" lat="34.8313469" lon="10.7706369" /><node id="-5475" lat="34.8316562" lon="10.7710849" /><node id="-5476" lat="34.8375146" lon="10.7691014" /><node id="-5477" lat="34.8374177" lon="10.7691684" /><node id="-5478" lat="34.8373385" lon="10.7692087" /><node id="-5479" lat="34.837235" lon="10.7692409" /><node id="-5480" lat="34.8371359" lon="10.7692704" /><node id="-5481" lat="34.8370545" lon="10.7692972" /><node id="-5482" lat="34.836973" lon="10.7693374" /><node id="-5483" lat="34.8368982" lon="10.7693803" /><node id="-5484" lat="34.8368453" lon="10.7694259" /><node id="-5485" lat="34.8367771" lon="10.769501" /><node id="-5486" lat="34.8367518" lon="10.7695748" /><node id="-5487" lat="34.8367199" lon="10.7696633" /><node id="-5488" lat="34.8364226" lon="10.7699235" /><node id="-5489" lat="34.8361706" lon="10.770126" /><node id="-5490" lat="34.8361519" lon="10.7701444" /><node id="-5491" lat="34.8361353" lon="10.7701702" /><node id="-5492" lat="34.8361274" lon="10.7701877" /><node id="-5493" lat="34.8361194" lon="10.7702145" /><node id="-5494" lat="34.8361153" lon="10.7702477" /><node id="-5495" lat="34.8361089" lon="10.7702782" /><node id="-5496" lat="34.8360899" lon="10.7703302" /><node id="-5497" lat="34.8360737" lon="10.7703821" /><node id="-5498" lat="34.8360616" lon="10.7704304" /><node id="-5499" lat="34.8360583" lon="10.7704733" /><node id="-5500" lat="34.8360682" lon="10.7705176" /><node id="-5501" lat="34.8361541" lon="10.770704" /><node id="-5502" lat="34.8362498" lon="10.7708864" /><node id="-5503" lat="34.8362906" lon="10.7709548" /><node id="-5504" lat="34.836328" lon="10.770987" /><node id="-5505" lat="34.8363687" lon="10.7710017" /><node id="-5506" lat="34.8364414" lon="10.7710151" /><node id="-5507" lat="34.8364777" lon="10.7710259" /><node id="-5508" lat="34.8365409" lon="10.7710846" /><node id="-5509" lat="34.8180896" lon="10.7575692" /><node id="-5510" lat="34.8179608" lon="10.7577047" /><node id="-5511" lat="34.8179366" lon="10.7577637" /><node id="-5512" lat="34.8179454" lon="10.7578374" /><node id="-5513" lat="34.8179961" lon="10.7579622" /><node id="-5514" lat="34.818072" lon="10.7581003" /><node id="-5515" lat="34.8181777" lon="10.7582693" /><node id="-5516" lat="34.8182494" lon="10.7583679" /><node id="-5517" lat="34.8182438" lon="10.7584316" /><node id="-5518" lat="34.8181297" lon="10.758521" /><node id="-5519" lat="34.8178777" lon="10.7587174" /><node id="-5520" lat="34.811904" lon="10.7597257" /><node id="-5521" lat="34.8117762" lon="10.759841" /><node id="-5522" lat="34.8116441" lon="10.7599484" /><node id="-5523" lat="34.8115109" lon="10.7600355" /><node id="-5524" lat="34.8112697" lon="10.7601428" /><node id="-5525" lat="34.8155069" lon="10.7596274" /><node id="-5526" lat="34.8151962" lon="10.759782" /><node id="-5527" lat="34.8145697" lon="10.7600784" /><node id="-5528" lat="34.814083" lon="10.7602876" /><node id="-5529" lat="34.8190343" lon="10.758229" /><node id="-5530" lat="34.8189605" lon="10.7581164" /><node id="-5531" lat="34.8187932" lon="10.7578871" /><node id="-5532" lat="34.8186247" lon="10.7576819" /><node id="-5533" lat="34.8185958" lon="10.7576473" /><node id="-5534" lat="34.8185642" lon="10.7576095" /><node id="-5535" lat="34.8184497" lon="10.7574626" /><node id="-5536" lat="34.8184282" lon="10.757417" /><node id="-5537" lat="34.8184205" lon="10.7573855" /><node id="-5538" lat="34.8184265" lon="10.757352" /><node id="-5539" lat="34.8184623" lon="10.7573104" /><node id="-5540" lat="34.8185743" lon="10.7571939" /><node id="-5541" lat="34.8188589" lon="10.7569288" /><node id="-5542" lat="34.8190709" lon="10.7567216" /><node id="-5543" lat="34.8128344" lon="10.7581553" /><node id="-5544" lat="34.8125943" lon="10.7577154" /><node id="-5545" lat="34.8124842" lon="10.7575303" /><node id="-5546" lat="34.8124556" lon="10.7574418" /><node id="-5547" lat="34.812438" lon="10.757356" /><node id="-5548" lat="34.8124182" lon="10.757238" /><node id="-5549" lat="34.8124044" lon="10.7571583" /><node id="-5550" lat="34.8123754" lon="10.7571026" /><node id="-5551" lat="34.8123538" lon="10.7570612" /><node id="-5552" lat="34.8122969" lon="10.7569796" /><node id="-5553" lat="34.8122412" lon="10.7569703" /><node id="-5554" lat="34.8120768" lon="10.757092" /><node id="-5555" lat="34.8119794" lon="10.757146" /><node id="-5556" lat="34.8123984" lon="10.7585469" /><node id="-5557" lat="34.8120658" lon="10.7579756" /><node id="-5558" lat="34.8118038" lon="10.7575142" /><node id="-5559" lat="34.8155991" lon="10.7598934" /><node id="-5560" lat="34.8165581" lon="10.7593489" /><node id="-5561" lat="34.8154307" lon="10.7593837" /><node id="-5562" lat="34.8157037" lon="10.7592201" /><node id="-5563" lat="34.8163269" lon="10.7588688" /><node id="-5564" lat="34.8198677" lon="10.7587668" /><node id="-5565" lat="34.8200041" lon="10.7591014" /><node id="-5566" lat="34.8200937" lon="10.7592802" /><node id="-5567" lat="34.8203034" lon="10.7597936" /><node id="-5568" lat="34.8204204" lon="10.7602206" /><node id="-5569" lat="34.8205768" lon="10.7607758" /><node id="-5570" lat="34.8206899" lon="10.7611679" /><node id="-5571" lat="34.8208209" lon="10.7616508" /><node id="-5572" lat="34.8208696" lon="10.7620633" /><node id="-5573" lat="34.8209027" lon="10.7623073" /><node id="-5574" lat="34.8209266" lon="10.7624641" /><node id="-5575" lat="34.820918" lon="10.7625928" /><node id="-5576" lat="34.7989679" lon="10.759888" /><node id="-5577" lat="34.7990015" lon="10.7598568" /><node id="-5578" lat="34.7988927" lon="10.7594037" /><node id="-5579" lat="34.7984531" lon="10.7608409" /><node id="-5580" lat="34.7984724" lon="10.7601247" /><node id="-5581" lat="34.7984806" lon="10.7600724" /><node id="-5582" lat="34.7985357" lon="10.7599841" /><node id="-5583" lat="34.7985395" lon="10.7598891" /><node id="-5584" lat="34.7986364" lon="10.7598893" /><node id="-5585" lat="34.7967505" lon="10.7585952" /><node id="-5586" lat="34.7983104" lon="10.7586275" /><node id="-5587" lat="34.7983556" lon="10.758635" /><node id="-5588" lat="34.7983876" lon="10.7590424" /><node id="-5589" lat="34.7984229" lon="10.7590774" /><node id="-5590" lat="34.7985379" lon="10.7590708" /><node id="-5591" lat="34.7940969" lon="10.7586698" /><node id="-5592" lat="34.7951074" lon="10.7582693" /><node id="-5593" lat="34.7941522" lon="10.7586486" /><node id="-5594" lat="34.7933959" lon="10.7589385" /><node id="-5595" lat="34.7933353" lon="10.7589506" /><node id="-5596" lat="34.7932935" lon="10.7589412" /><node id="-5597" lat="34.7932582" lon="10.7589211" /><node id="-5598" lat="34.793234" lon="10.758862" /><node id="-5599" lat="34.7905756" lon="10.7591846" /><node id="-5600" lat="34.7907132" lon="10.7591065" /><node id="-5601" lat="34.7907425" lon="10.7590166" /><node id="-5602" lat="34.7906051" lon="10.7585214" /><node id="-5603" lat="34.7908229" lon="10.7601133" /><node id="-5604" lat="34.7907803" lon="10.7599549" /><node id="-5605" lat="34.7941723" lon="10.7588781" /><node id="-5606" lat="34.7941878" lon="10.7590713" /><node id="-5607" lat="34.7942153" lon="10.7593207" /><node id="-5608" lat="34.7942417" lon="10.7595581" /><node id="-5609" lat="34.7942748" lon="10.759782" /><node id="-5610" lat="34.7943645" lon="10.7604077" /><node id="-5611" lat="34.7958942" lon="10.7605693" /><node id="-5612" lat="34.7957131" lon="10.7593971" /><node id="-5613" lat="34.7957004" lon="10.7593422" /><node id="-5614" lat="34.7956789" lon="10.7593207" /><node id="-5615" lat="34.7956553" lon="10.7593147" /><node id="-5616" lat="34.7956007" lon="10.7593341" /><node id="-5617" lat="34.7953678" lon="10.759415" /><node id="-5618" lat="34.7955263" lon="10.760533" /><node id="-5619" lat="34.7955299" lon="10.7603657" /><node id="-5620" lat="34.7954708" lon="10.7599269" /><node id="-5621" lat="34.7954356" lon="10.7597378" /><node id="-5622" lat="34.7953915" lon="10.7595152" /><node id="-5623" lat="34.795304" lon="10.7591456" /><node id="-5624" lat="34.7951338" lon="10.7584275" /><node id="-5625" lat="34.795125" lon="10.7583591" /><node id="-5626" lat="34.7416544" lon="10.7620626" /><node id="-5627" lat="34.7412228" lon="10.7626276" /><node id="-5628" lat="34.7410158" lon="10.7628433" /><node id="-5629" lat="34.7848913" lon="10.7555743" /><node id="-5630" lat="34.7848554" lon="10.7556692" /><node id="-5631" lat="34.7848474" lon="10.7557536" /><node id="-5632" lat="34.7849855" lon="10.7563143" /><node id="-5633" lat="34.7851487" lon="10.7569577" /><node id="-5634" lat="34.785228" lon="10.7572876" /><node id="-5635" lat="34.7852742" lon="10.7574588" /><node id="-5636" lat="34.7853701" lon="10.757814" /><node id="-5637" lat="34.7854292" lon="10.7579908" /><node id="-5638" lat="34.7858339" lon="10.7592214" /><node id="-5639" lat="34.7858778" lon="10.7594615" /><node id="-5640" lat="34.7859043" lon="10.7597136" /><node id="-5641" lat="34.7859551" lon="10.7602174" /><node id="-5642" lat="34.7837251" lon="10.7603171" /><node id="-5643" lat="34.7836854" lon="10.7597344" /><node id="-5644" lat="34.783676" lon="10.7596942" /><node id="-5645" lat="34.7836585" lon="10.7596592" /><node id="-5646" lat="34.7835912" lon="10.7595111" /><node id="-5647" lat="34.7834938" lon="10.7593388" /><node id="-5648" lat="34.7818024" lon="10.7579345" /><node id="-5649" lat="34.7817011" lon="10.7580424" /><node id="-5650" lat="34.7818112" lon="10.7582438" /><node id="-5651" lat="34.7824435" lon="10.7592523" /><node id="-5652" lat="34.7829419" lon="10.7601502" /><node id="-5653" lat="34.7830495" lon="10.7603539" /><node id="-5654" lat="34.7378681" lon="10.7588374" /><node id="-5655" lat="34.8470338" lon="10.7595114" /><node id="-5656" lat="34.847293" lon="10.7593348" /><node id="-5657" lat="34.8473244" lon="10.7593113" /><node id="-5658" lat="34.8473596" lon="10.7592664" /><node id="-5659" lat="34.8474988" lon="10.7589962" /><node id="-5660" lat="34.8477938" lon="10.7585482" /><node id="-5661" lat="34.8479831" lon="10.7583243" /><node id="-5662" lat="34.8481581" lon="10.7580346" /><node id="-5663" lat="34.8484355" lon="10.7578307" /><node id="-5664" lat="34.8487844" lon="10.7575357" /><node id="-5665" lat="34.8491129" lon="10.7572514" /><node id="-5666" lat="34.8491431" lon="10.7572541" /><node id="-5667" lat="34.8491668" lon="10.7572708" /><node id="-5668" lat="34.849349" lon="10.7574499" /><node id="-5669" lat="34.8493946" lon="10.7575417" /><node id="-5670" lat="34.8494243" lon="10.7576477" /><node id="-5671" lat="34.8494309" lon="10.7577496" /><node id="-5672" lat="34.8494502" lon="10.7578019" /><node id="-5673" lat="34.8495245" lon="10.7579501" /><node id="-5674" lat="34.8495658" lon="10.7580688" /><node id="-5675" lat="34.8497033" lon="10.758344" /><node id="-5676" lat="34.8497028" lon="10.7583823" /><node id="-5677" lat="34.8496918" lon="10.7584094" /><node id="-5678" lat="34.8492389" lon="10.7587802" /><node id="-5679" lat="34.8486853" lon="10.7592201" /><node id="-5680" lat="34.84712" lon="10.7547642" /><node id="-5681" lat="34.8473789" lon="10.7551338" /><node id="-5682" lat="34.847391" lon="10.7552223" /><node id="-5683" lat="34.8473745" lon="10.7552974" /><node id="-5684" lat="34.847282" lon="10.7554127" /><node id="-5685" lat="34.8472666" lon="10.7554463" /><node id="-5686" lat="34.8472727" lon="10.7554959" /><node id="-5687" lat="34.8474647" lon="10.755921" /><node id="-5688" lat="34.8474812" lon="10.756047" /><node id="-5689" lat="34.8474669" lon="10.756161" /><node id="-5690" lat="34.8473899" lon="10.7565245" /><node id="-5691" lat="34.8473965" lon="10.7566801" /><node id="-5692" lat="34.8474339" lon="10.75679" /><node id="-5693" lat="34.8477707" lon="10.7572809" /><node id="-5694" lat="34.848381" lon="10.7585549" /><node id="-5695" lat="34.8487502" lon="10.7593636" /><node id="-5696" lat="34.8487579" lon="10.7594119" /><node id="-5697" lat="34.8487304" lon="10.7595326" /><node id="-5698" lat="34.8487337" lon="10.7595702" /><node id="-5699" lat="34.8487513" lon="10.7596238" /><node id="-5700" lat="34.8493842" lon="10.760859" /><node id="-5701" lat="34.8495515" lon="10.7611983" /><node id="-5702" lat="34.8496098" lon="10.7613364" /><node id="-5703" lat="34.8453966" lon="10.7590082" /><node id="-5704" lat="34.8456245" lon="10.7587776" /><node id="-5705" lat="34.8459481" lon="10.7584959" /><node id="-5706" lat="34.8464378" lon="10.7580299" /><node id="-5707" lat="34.8464753" lon="10.7580185" /><node id="-5708" lat="34.8465061" lon="10.7580346" /><node id="-5709" lat="34.8466239" lon="10.7583041" /><node id="-5710" lat="34.8466547" lon="10.7584208" /><node id="-5711" lat="34.8466657" lon="10.7585657" /><node id="-5712" lat="34.8466965" lon="10.7586877" /><node id="-5713" lat="34.8467812" lon="10.7588848" /><node id="-5714" lat="34.846954" lon="10.7593086" /><node id="-5715" lat="34.8472424" lon="10.7600422" /><node id="-5716" lat="34.8474625" lon="10.7607315" /><node id="-5717" lat="34.8475693" lon="10.7610279" /><node id="-5718" lat="34.84073" lon="10.7578308" /><node id="-5719" lat="34.8413981" lon="10.7589619" /><node id="-5720" lat="34.8415863" lon="10.7593879" /><node id="-5721" lat="34.8420129" lon="10.7603537" /><node id="-5722" lat="34.8425803" lon="10.7615803" /><node id="-5723" lat="34.8427914" lon="10.7620673" /><node id="-5724" lat="34.8430575" lon="10.762762" /><node id="-5725" lat="34.8424109" lon="10.7600764" /><node id="-5726" lat="34.8418822" lon="10.7588741" /><node id="-5727" lat="34.8421343" lon="10.7583833" /><node id="-5728" lat="34.8422631" lon="10.7586227" /><node id="-5729" lat="34.8423032" lon="10.7587762" /><node id="-5730" lat="34.8423599" lon="10.7589076" /><node id="-5731" lat="34.8426026" lon="10.7594045" /><node id="-5732" lat="34.8427947" lon="10.7597686" /><node id="-5733" lat="34.8428024" lon="10.7598209" /><node id="-5734" lat="34.8427782" lon="10.7598565" /><node id="-5735" lat="34.8398513" lon="10.7607373" /><node id="-5736" lat="34.8401591" lon="10.7610183" /><node id="-5737" lat="34.8402257" lon="10.761095" /><node id="-5738" lat="34.8403214" lon="10.7611768" /><node id="-5739" lat="34.8403974" lon="10.7612304" /><node id="-5740" lat="34.8404981" lon="10.7612569" /><node id="-5741" lat="34.8405955" lon="10.7612649" /><node id="-5742" lat="34.8408787" lon="10.761267" /><node id="-5743" lat="34.8409306" lon="10.7612928" /><node id="-5744" lat="34.8409645" lon="10.7613514" /><node id="-5745" lat="34.8395898" lon="10.760954" /><node id="-5746" lat="34.8405518" lon="10.7601709" /><node id="-5747" lat="34.8410028" lon="10.7598062" /><node id="-5748" lat="34.8412064" lon="10.7596761" /><node id="-5749" lat="34.8394418" lon="10.7606446" /><node id="-5750" lat="34.8398952" lon="10.7616364" /><node id="-5751" lat="34.848564" lon="10.7653031" /><node id="-5752" lat="34.8486168" lon="10.7653068" /><node id="-5753" lat="34.8486623" lon="10.7652958" /><node id="-5754" lat="34.8487097" lon="10.7652644" /><node id="-5755" lat="34.849103" lon="10.7648317" /><node id="-5756" lat="34.8491254" lon="10.7647527" /><node id="-5757" lat="34.8494131" lon="10.7644679" /><node id="-5758" lat="34.8496197" lon="10.7642821" /><node id="-5759" lat="34.8497354" lon="10.7642659" /><node id="-5760" lat="34.8207529" lon="10.7672815" /><node id="-5761" lat="34.8206869" lon="10.7672507" /><node id="-5762" lat="34.8206395" lon="10.767189" /><node id="-5763" lat="34.8204964" lon="10.7669704" /><node id="-5764" lat="34.8203169" lon="10.7666847" /><node id="-5765" lat="34.8202278" lon="10.7665157" /><node id="-5766" lat="34.8201518" lon="10.7663548" /><node id="-5767" lat="34.8200571" lon="10.7661188" /><node id="-5768" lat="34.8199867" lon="10.7659659" /><node id="-5769" lat="34.819881" lon="10.7657781" /><node id="-5770" lat="34.8196736" lon="10.7654444" /><node id="-5771" lat="34.8196211" lon="10.7653624" /><node id="-5772" lat="34.8194236" lon="10.7650392" /><node id="-5773" lat="34.819293" lon="10.7648246" /><node id="-5774" lat="34.8192028" lon="10.7646757" /><node id="-5775" lat="34.8190376" lon="10.764311" /><node id="-5776" lat="34.818998" lon="10.7642211" /><node id="-5777" lat="34.8189066" lon="10.7639663" /><node id="-5778" lat="34.8188603" lon="10.7638469" /><node id="-5779" lat="34.818693" lon="10.7632287" /><node id="-5780" lat="34.8186649" lon="10.7630724" /><node id="-5781" lat="34.8186412" lon="10.762943" /><node id="-5782" lat="34.8186302" lon="10.7628062" /><node id="-5783" lat="34.7891321" lon="10.7582477" /><node id="-5784" lat="34.7888336" lon="10.7583819" /><node id="-5785" lat="34.7887292" lon="10.7580905" /><node id="-5786" lat="34.7886941" lon="10.7580855" /><node id="-5787" lat="34.7883468" lon="10.7582447" /><node id="-5788" lat="34.7807296" lon="10.7591102" /><node id="-5789" lat="34.7812341" lon="10.7602984" /><node id="-5790" lat="34.7812577" lon="10.7604359" /><node id="-5791" lat="34.8484809" lon="10.7652466" /><node id="-5792" lat="34.8484494" lon="10.7652039" /><node id="-5793" lat="34.8482973" lon="10.7648933" /><node id="-5794" lat="34.8481669" lon="10.7646181" /><node id="-5795" lat="34.8480376" lon="10.7643817" /><node id="-5796" lat="34.8480051" lon="10.7643311" /><node id="-5797" lat="34.8479589" lon="10.7642687" /><node id="-5798" lat="34.8478417" lon="10.7641313" /><node id="-5799" lat="34.847636" lon="10.7639612" /><node id="-5800" lat="34.8470575" lon="10.7628626" /><node id="-5801" lat="34.8469893" lon="10.7627338" /><node id="-5802" lat="34.8468748" lon="10.7624495" /><node id="-5803" lat="34.8468143" lon="10.7622859" /><node id="-5804" lat="34.7847638" lon="10.7602652" /><node id="-5805" lat="34.7846486" lon="10.7596406" /><node id="-5806" lat="34.7845991" lon="10.7593757" /><node id="-5807" lat="34.7845371" lon="10.7591128" /><node id="-5808" lat="34.7845393" lon="10.7590927" /><node id="-5809" lat="34.7845459" lon="10.7590827" /><node id="-5810" lat="34.7845547" lon="10.759076" /><node id="-5811" lat="34.7847318" lon="10.7590015" /><node id="-5812" lat="34.7837493" lon="10.7585797" /><node id="-5813" lat="34.7837658" lon="10.7585455" /><node id="-5814" lat="34.7837603" lon="10.758502" /><node id="-5815" lat="34.7837443" lon="10.7584684" /><node id="-5816" lat="34.7836022" lon="10.7582089" /><node id="-5817" lat="34.7835786" lon="10.7581908" /><node id="-5818" lat="34.7835527" lon="10.7581821" /><node id="-5819" lat="34.7834778" lon="10.7581432" /><node id="-5820" lat="34.7834547" lon="10.7581265" /><node id="-5821" lat="34.7834321" lon="10.7580949" /><node id="-5822" lat="34.7831418" lon="10.7574324" /><node id="-5823" lat="34.7921987" lon="10.7592758" /><node id="-5824" lat="34.7922131" lon="10.7592604" /><node id="-5825" lat="34.7922224" lon="10.7592295" /><node id="-5826" lat="34.7921646" lon="10.7589962" /><node id="-5827" lat="34.7963232" lon="10.7586716" /><node id="-5828" lat="34.7981754" lon="10.7600522" /><node id="-5829" lat="34.798342" lon="10.7600206" /><node id="-5830" lat="34.7984262" lon="10.7600337" /><node id="-5831" lat="34.819096" lon="10.7698055" /><node id="-5832" lat="34.8191438" lon="10.7697746" /><node id="-5833" lat="34.8191714" lon="10.7697672" /><node id="-5834" lat="34.8192099" lon="10.7697599" /><node id="-5835" lat="34.8192363" lon="10.7697572" /><node id="-5836" lat="34.8192683" lon="10.7697686" /><node id="-5837" lat="34.8195288" lon="10.7700614" /><node id="-5838" lat="34.8197901" lon="10.7703385" /><node id="-5839" lat="34.819892" lon="10.7704633" /><node id="-5840" lat="34.81992" lon="10.7704881" /><node id="-5841" lat="34.8199465" lon="10.7704955" /><node id="-5842" lat="34.8199712" lon="10.7704827" /><node id="-5843" lat="34.8200945" lon="10.7703459" /><node id="-5844" lat="34.8206164" lon="10.7697049" /><node id="-5845" lat="34.8271163" lon="10.7707939" /><node id="-5846" lat="34.7804498" lon="10.7581781" /><node id="-5847" lat="34.7804178" lon="10.7581969" /><node id="-5848" lat="34.7803848" lon="10.7581888" /><node id="-5849" lat="34.7802427" lon="10.7580225" /><node id="-5850" lat="34.7802097" lon="10.7580011" /><node id="-5851" lat="34.7801777" lon="10.7580104" /><node id="-5852" lat="34.7800643" lon="10.7581218" /><node id="-5853" lat="34.78004" lon="10.7581338" /><node id="-5854" lat="34.7800103" lon="10.7581244" /><node id="-5855" lat="34.779966" lon="10.7581261" /><node id="-5856" lat="34.7799478" lon="10.7581318" /><node id="-5857" lat="34.7799139" lon="10.7581499" /><node id="-5858" lat="34.7798924" lon="10.7581714" /><node id="-5859" lat="34.7797834" lon="10.7582877" /><node id="-5860" lat="34.7796256" lon="10.758459" /><node id="-5861" lat="34.7794744" lon="10.758621" /><node id="-5862" lat="34.7792563" lon="10.7588674" /><node id="-5863" lat="34.7790817" lon="10.7590619" /><node id="-5864" lat="34.7894507" lon="10.7591643" /><node id="-5865" lat="34.7891113" lon="10.7592462" /><node id="-5866" lat="34.7887767" lon="10.7593408" /><node id="-5867" lat="34.802269" lon="10.7579347" /><node id="-5868" lat="34.8021872" lon="10.7580114" /><node id="-5869" lat="34.8022564" lon="10.7581271" /><node id="-5870" lat="34.8019702" lon="10.7583661" /><node id="-5871" lat="34.8002886" lon="10.758684" /><node id="-5872" lat="34.800371" lon="10.7587934" /><node id="-5873" lat="34.8003428" lon="10.7587512" /><node id="-5874" lat="34.8002627" lon="10.7586221" /><node id="-5875" lat="34.8000657" lon="10.7580093" /><node id="-5876" lat="34.8017733" lon="10.7596757" /><node id="-5877" lat="34.8022744" lon="10.7591732" /><node id="-5878" lat="34.8022964" lon="10.7591343" /><node id="-5879" lat="34.8023008" lon="10.7591055" /><node id="-5880" lat="34.8022975" lon="10.7590756" /><node id="-5881" lat="34.8022666" lon="10.7590036" /><node id="-5882" lat="34.8022625" lon="10.7589667" /><node id="-5883" lat="34.8022703" lon="10.7589356" /><node id="-5884" lat="34.8022915" lon="10.758907" /><node id="-5885" lat="34.8024506" lon="10.7587253" /><node id="-5886" lat="34.772832" lon="10.7654306" /><node id="-5887" lat="34.7729437" lon="10.7653318" /><node id="-5888" lat="34.7730181" lon="10.7652833" /><node id="-5889" lat="34.7730746" lon="10.7652678" /><node id="-5890" lat="34.773123" lon="10.7652638" /><node id="-5891" lat="34.7732041" lon="10.7652587" /><node id="-5892" lat="34.7733995" lon="10.7648112" /><node id="-5893" lat="34.7733364" lon="10.7648708" /><node id="-5894" lat="34.7732742" lon="10.7649227" /><node id="-5895" lat="34.7465983" lon="10.7597027" /><node id="-5896" lat="34.7465742" lon="10.7597496" /><node id="-5897" lat="34.7465644" lon="10.7598036" /><node id="-5898" lat="34.7465701" lon="10.7598585" /><node id="-5899" lat="34.7465905" lon="10.7599079" /><node id="-5900" lat="34.7466613" lon="10.7599676" /><node id="-5901" lat="34.7467442" lon="10.7599639" /><node id="-5902" lat="34.7467808" lon="10.7599389" /><node id="-5903" lat="34.7468094" lon="10.7599013" /><node id="-5904" lat="34.7468214" lon="10.7597482" /><node id="-5905" lat="34.7467984" lon="10.7597035" /><node id="-5906" lat="34.7467334" lon="10.7596542" /><node id="-5907" lat="34.823087" lon="10.7594776" /><node id="-5908" lat="34.8229537" lon="10.75955" /><node id="-5909" lat="34.8229152" lon="10.7595594" /><node id="-5910" lat="34.8228789" lon="10.7595634" /><node id="-5911" lat="34.8228492" lon="10.7595567" /><node id="-5912" lat="34.8228205" lon="10.7595246" /><node id="-5913" lat="34.8227644" lon="10.7593878" /><node id="-5914" lat="34.8224671" lon="10.7577208" /><node id="-5915" lat="34.8221302" lon="10.7579367" /><node id="-5916" lat="34.822106" lon="10.7579662" /><node id="-5917" lat="34.822095" lon="10.7579944" /><node id="-5918" lat="34.8220983" lon="10.7580413" /><node id="-5919" lat="34.8222789" lon="10.7584959" /><node id="-5920" lat="34.8204939" lon="10.7582244" /><node id="-5921" lat="34.8206847" lon="10.7587695" /><node id="-5922" lat="34.8207672" lon="10.7589988" /><node id="-5923" lat="34.8207813" lon="10.7590327" /><node id="-5924" lat="34.8201188" lon="10.7590069" /><node id="-5925" lat="34.8202509" lon="10.7589532" /><node id="-5926" lat="34.8203632" lon="10.7589597" /><node id="-5927" lat="34.8204405" lon="10.7589809" /><node id="-5928" lat="34.8204776" lon="10.759042" /><node id="-5929" lat="34.8205094" lon="10.7591074" /><node id="-5930" lat="34.8205341" lon="10.7591301" /><node id="-5931" lat="34.820582" lon="10.7591287" /><node id="-5932" lat="34.8208388" lon="10.7591182" /><node id="-5933" lat="34.8208762" lon="10.7591879" /><node id="-5934" lat="34.8210128" lon="10.7594957" /><node id="-5935" lat="34.8210348" lon="10.7595272" /><node id="-5936" lat="34.8210573" lon="10.759548" /><node id="-5937" lat="34.8210777" lon="10.7595561" /><node id="-5938" lat="34.8211129" lon="10.7595507" /><node id="-5939" lat="34.8216062" lon="10.7592805" /><node id="-5940" lat="34.8219321" lon="10.7590927" /><node id="-5941" lat="34.8219607" lon="10.7590619" /><node id="-5942" lat="34.8219717" lon="10.759027" /><node id="-5943" lat="34.8219706" lon="10.7589801" /><node id="-5944" lat="34.8218099" lon="10.7585992" /><node id="-5945" lat="34.8215148" lon="10.7578777" /><node id="-5946" lat="34.8214952" lon="10.7578286" /><node id="-5947" lat="34.8214399" lon="10.7576899" /><node id="-5948" lat="34.821375" lon="10.7575397" /><node id="-5949" lat="34.821233" lon="10.757246" /><node id="-5950" lat="34.829525" lon="10.75874" /><node id="-5951" lat="34.8292432" lon="10.7582881" /><node id="-5952" lat="34.8072892" lon="10.7581861" /><node id="-5953" lat="34.8018363" lon="10.7697443" /><node id="-5954" lat="34.8017677" lon="10.7698557" /><node id="-5955" lat="34.8018404" lon="10.7699254" /><node id="-5956" lat="34.8019955" lon="10.7700744" /><node id="-5957" lat="34.8019215" lon="10.77021" /><node id="-5958" lat="34.8020129" lon="10.7702811" /><node id="-5959" lat="34.8049477" lon="10.7594619" /><node id="-5960" lat="34.805028" lon="10.759464" /><node id="-5961" lat="34.805372" lon="10.7590927" /><node id="-5962" lat="34.8047569" lon="10.7589099" /><node id="-5963" lat="34.8046844" lon="10.7590183" /><node id="-5964" lat="34.8047025" lon="10.7591088" /><node id="-5965" lat="34.8049888" lon="10.7586555" /><node id="-5966" lat="34.8050654" lon="10.7586623" /><node id="-5967" lat="34.8091416" lon="10.7596256" /><node id="-5968" lat="34.8088052" lon="10.7588227" /><node id="-5969" lat="34.8095223" lon="10.7593347" /><node id="-5970" lat="34.8092659" lon="10.7587503" /><node id="-5971" lat="34.8025996" lon="10.7675252" /><node id="-5972" lat="34.7849835" lon="10.7670736" /><node id="-5973" lat="34.7850198" lon="10.7670508" /><node id="-5974" lat="34.7850529" lon="10.7670481" /><node id="-5975" lat="34.785087" lon="10.7670642" /><node id="-5976" lat="34.7854978" lon="10.7675792" /><node id="-5977" lat="34.7855067" lon="10.7676208" /><node id="-5978" lat="34.785489" lon="10.7676637" /><node id="-5979" lat="34.7854516" lon="10.7677107" /><node id="-5980" lat="34.7895213" lon="10.7609729" /><node id="-5981" lat="34.7894938" lon="10.7609877" /><node id="-5982" lat="34.789474" lon="10.7610105" /><node id="-5983" lat="34.7894629" lon="10.7610561" /><node id="-5984" lat="34.7895279" lon="10.7612855" /><node id="-5985" lat="34.7895937" lon="10.7615136" /><node id="-5986" lat="34.7831858" lon="10.7619824" /><node id="-5987" lat="34.7835677" lon="10.7630832" /><node id="-5988" lat="34.7835978" lon="10.7617521" /><node id="-5989" lat="34.783692" lon="10.7616985" /><node id="-5990" lat="34.7837146" lon="10.7617682" /><node id="-5991" lat="34.7838754" lon="10.7622483" /><node id="-5992" lat="34.784097" lon="10.762833" /><node id="-5993" lat="34.7846017" lon="10.7626537" /><node id="-5994" lat="34.784142" lon="10.7628116" /><node id="-5995" lat="34.78386" lon="10.7629457" /><node id="-5996" lat="34.7834436" lon="10.7631415" /><node id="-5997" lat="34.7810503" lon="10.7666344" /><node id="-5998" lat="34.7813288" lon="10.7675484" /><node id="-5999" lat="34.7813751" lon="10.7675658" /><node id="-6000" lat="34.7823348" lon="10.7671615" /><node id="-6001" lat="34.7820369" lon="10.7661419" /><node id="-6002" lat="34.7815436" lon="10.7663899" /><node id="-6003" lat="34.7807699" lon="10.7667205" /><node id="-6004" lat="34.7802743" lon="10.766927" /><node id="-6005" lat="34.7797342" lon="10.7671677" /><node id="-6006" lat="34.7893813" lon="10.7640301" /><node id="-6007" lat="34.7894706" lon="10.7640555" /><node id="-6008" lat="34.7899839" lon="10.7648957" /><node id="-6009" lat="34.7904107" lon="10.7656348" /><node id="-6010" lat="34.7900572" lon="10.7659745" /><node id="-6011" lat="34.7868317" lon="10.7631952" /><node id="-6012" lat="34.7868185" lon="10.7631496" /><node id="-6013" lat="34.7867876" lon="10.7631254" /><node id="-6014" lat="34.786748" lon="10.7631388" /><node id="-6015" lat="34.7809204" lon="10.7644095" /><node id="-6016" lat="34.7814753" lon="10.7639985" /><node id="-6017" lat="34.7813387" lon="10.7693401" /><node id="-6018" lat="34.7859935" lon="10.768679" /><node id="-6019" lat="34.7860332" lon="10.768634" /><node id="-6020" lat="34.7860728" lon="10.7686179" /><node id="-6021" lat="34.786108" lon="10.768625" /><node id="-6022" lat="34.7861635" lon="10.7686856" /><node id="-6023" lat="34.7865847" lon="10.768164" /><node id="-6024" lat="34.7865803" lon="10.7686666" /><node id="-6025" lat="34.7870145" lon="10.770429" /><node id="-6026" lat="34.787533" lon="10.7697196" /><node id="-6027" lat="34.7877536" lon="10.7699101" /><node id="-6028" lat="34.7878128" lon="10.7699271" /><node id="-6029" lat="34.7879213" lon="10.7700504" /><node id="-6030" lat="34.7850604" lon="10.7696616" /><node id="-6031" lat="34.7847318" lon="10.7700662" /><node id="-6032" lat="34.7841302" lon="10.7686201" /><node id="-6033" lat="34.7846597" lon="10.7695037" /><node id="-6034" lat="34.7859351" lon="10.7700455" /><node id="-6035" lat="34.7852214" lon="10.7707752" /><node id="-6036" lat="34.7860022" lon="10.7677947" /><node id="-6037" lat="34.7860703" lon="10.7678138" /><node id="-6038" lat="34.7862521" lon="10.7680031" /><node id="-6039" lat="34.7863152" lon="10.7680276" /><node id="-6040" lat="34.786361" lon="10.7680707" /><node id="-6041" lat="34.7865379" lon="10.7678628" /><node id="-6042" lat="34.7833426" lon="10.770198" /><node id="-6043" lat="34.7838402" lon="10.7696834" /><node id="-6044" lat="34.7815954" lon="10.7635532" /><node id="-6045" lat="34.7816295" lon="10.763568" /><node id="-6046" lat="34.7816824" lon="10.7635787" /><node id="-6047" lat="34.7817441" lon="10.763564" /><node id="-6048" lat="34.782091" lon="10.7633521" /><node id="-6049" lat="34.7840836" lon="10.7615094" /><node id="-6050" lat="34.7841343" lon="10.7615" /><node id="-6051" lat="34.7841882" lon="10.7615094" /><node id="-6052" lat="34.7842334" lon="10.7615295" /><node id="-6053" lat="34.7842741" lon="10.7615577" /><node id="-6054" lat="34.7842929" lon="10.7616073" /><node id="-6055" lat="34.7845132" lon="10.7632756" /><node id="-6056" lat="34.7851421" lon="10.7645684" /><node id="-6057" lat="34.787031" lon="10.7652323" /><node id="-6058" lat="34.7873328" lon="10.762656" /><node id="-6059" lat="34.787276" lon="10.7626631" /><node id="-6060" lat="34.7871141" lon="10.7627717" /><node id="-6061" lat="34.7839239" lon="10.7640991" /><node id="-6062" lat="34.7844294" lon="10.7651491" /><node id="-6063" lat="34.786402" lon="10.7673789" /><node id="-6064" lat="34.7881413" lon="10.769721" /><node id="-6065" lat="34.7879695" lon="10.7670488" /><node id="-6066" lat="34.7880715" lon="10.7670529" /><node id="-6067" lat="34.7882866" lon="10.7673182" /><node id="-6068" lat="34.7884046" lon="10.7674483" /><node id="-6069" lat="34.7885073" lon="10.7675396" /><node id="-6070" lat="34.7885905" lon="10.7676511" /><node id="-6071" lat="34.7893892" lon="10.7668553" /><node id="-6072" lat="34.789312" lon="10.7668762" /><node id="-6073" lat="34.7892196" lon="10.766848" /><node id="-6074" lat="34.7890776" lon="10.7670048" /><node id="-6075" lat="34.7887944" lon="10.7667169" /><node id="-6076" lat="34.7887607" lon="10.7667109" /><node id="-6077" lat="34.7886504" lon="10.7665907" /><node id="-6078" lat="34.7885907" lon="10.7665527" /><node id="-6079" lat="34.7885297" lon="10.7665536" /><node id="-6080" lat="34.7884561" lon="10.7666093" /><node id="-6081" lat="34.7883201" lon="10.7667774" /><node id="-6082" lat="34.7882743" lon="10.7667749" /><node id="-6083" lat="34.7881675" lon="10.7666228" /><node id="-6084" lat="34.7884562" lon="10.7658499" /><node id="-6085" lat="34.7875846" lon="10.7647894" /><node id="-6086" lat="34.7803275" lon="10.7632743" /><node id="-6087" lat="34.7803749" lon="10.7632595" /><node id="-6088" lat="34.7804234" lon="10.7632461" /><node id="-6089" lat="34.7804509" lon="10.7632454" /><node id="-6090" lat="34.7804773" lon="10.7632582" /><node id="-6091" lat="34.7805214" lon="10.763285" /><node id="-6092" lat="34.7805434" lon="10.7632964" /><node id="-6093" lat="34.7805682" lon="10.7632964" /><node id="-6094" lat="34.780626" lon="10.763281" /><node id="-6095" lat="34.7808199" lon="10.7632112" /><node id="-6096" lat="34.7873427" lon="10.763635" /><node id="-6097" lat="34.7802243" lon="10.768392" /><node id="-6098" lat="34.780486" lon="10.768252" /><node id="-6099" lat="34.7805519" lon="10.7682509" /><node id="-6100" lat="34.7812032" lon="10.7679497" /><node id="-6101" lat="34.7816681" lon="10.769607" /><node id="-6102" lat="34.782524" lon="10.7678018" /><node id="-6103" lat="34.7816879" lon="10.7682216" /><node id="-6104" lat="34.7824567" lon="10.7635465" /><node id="-6105" lat="34.7849603" lon="10.7658961" /><node id="-6106" lat="34.7848937" lon="10.7659424" /><node id="-6107" lat="34.7848425" lon="10.7659753" /><node id="-6108" lat="34.7848205" lon="10.765986" /><node id="-6109" lat="34.7847968" lon="10.765982" /><node id="-6110" lat="34.7847825" lon="10.7659605" /><node id="-6111" lat="34.7846707" lon="10.7657178" /><node id="-6112" lat="34.7846244" lon="10.7656842" /><node id="-6113" lat="34.7845682" lon="10.7656802" /><node id="-6114" lat="34.7845187" lon="10.7657057" /><node id="-6115" lat="34.7834007" lon="10.7664487" /><node id="-6116" lat="34.783719" lon="10.7671595" /><node id="-6117" lat="34.7855849" lon="10.7658103" /><node id="-6118" lat="34.7859219" lon="10.7624334" /><node id="-6119" lat="34.786368" lon="10.7623114" /><node id="-6120" lat="34.7864198" lon="10.7623033" /><node id="-6121" lat="34.786477" lon="10.762302" /><node id="-6122" lat="34.7865134" lon="10.7623181" /><node id="-6123" lat="34.7865596" lon="10.7623744" /><node id="-6124" lat="34.7866301" lon="10.7625997" /><node id="-6125" lat="34.7883475" lon="10.7612616" /><node id="-6126" lat="34.7896811" lon="10.7617697" /><node id="-6127" lat="34.7893209" lon="10.7619506" /><node id="-6128" lat="34.7891045" lon="10.762054" /><node id="-6129" lat="34.7890514" lon="10.7620252" /><node id="-6130" lat="34.7889518" lon="10.7617719" /><node id="-6131" lat="34.788964" lon="10.761724" /><node id="-6132" lat="34.7890925" lon="10.7616261" /><node id="-6133" lat="34.7828775" lon="10.7695406" /><node id="-6134" lat="34.7892478" lon="10.7676593" /><node id="-6135" lat="34.7892268" lon="10.7677305" /><node id="-6136" lat="34.7893776" lon="10.7679125" /><node id="-6137" lat="34.7893654" lon="10.7679845" /><node id="-6138" lat="34.7878388" lon="10.7663079" /><node id="-6139" lat="34.7889993" lon="10.7704076" /><node id="-6140" lat="34.7889563" lon="10.7704251" /><node id="-6141" lat="34.7889167" lon="10.7703982" /><node id="-6142" lat="34.7886677" lon="10.770126" /><node id="-6143" lat="34.7719294" lon="10.7586132" /><node id="-6144" lat="34.7722295" lon="10.758406" /><node id="-6145" lat="34.7722465" lon="10.7583471" /><node id="-6146" lat="34.7722057" lon="10.7581218" /><node id="-6147" lat="34.7721737" lon="10.7579823" /><node id="-6148" lat="34.7721528" lon="10.7579045" /><node id="-6149" lat="34.7721291" lon="10.7578328" /><node id="-6150" lat="34.7720961" lon="10.7577556" /><node id="-6151" lat="34.7720526" lon="10.7576564" /><node id="-6152" lat="34.7720162" lon="10.7575706" /><node id="-6153" lat="34.7720129" lon="10.7575236" /><node id="-6154" lat="34.772036" lon="10.7574794" /><node id="-6155" lat="34.7722398" lon="10.7573117" /><node id="-6156" lat="34.7724954" lon="10.7570891" /><node id="-6157" lat="34.7723471" lon="10.7586463" /><node id="-6158" lat="34.7724006" lon="10.7586039" /><node id="-6159" lat="34.7724163" lon="10.7585292" /><node id="-6160" lat="34.7723126" lon="10.7582841" /><node id="-6161" lat="34.7723258" lon="10.7582324" /><node id="-6162" lat="34.7725422" lon="10.758111" /><node id="-6163" lat="34.7725907" lon="10.7580815" /><node id="-6164" lat="34.776004" lon="10.7604566" /><node id="-6165" lat="34.7759093" lon="10.7601468" /><node id="-6166" lat="34.7758553" lon="10.7599765" /><node id="-6167" lat="34.7757705" lon="10.7597002" /><node id="-6168" lat="34.7747546" lon="10.7602152" /><node id="-6169" lat="34.7748078" lon="10.7602146" /><node id="-6170" lat="34.7748605" lon="10.7602164" /><node id="-6171" lat="34.774889" lon="10.7602636" /><node id="-6172" lat="34.7749606" lon="10.760511" /><node id="-6173" lat="34.7750027" lon="10.7605421" /><node id="-6174" lat="34.7750581" lon="10.7605469" /><node id="-6175" lat="34.7751899" lon="10.7605334" /><node id="-6176" lat="34.7752855" lon="10.7605314" /><node id="-6177" lat="34.7753605" lon="10.7605299" /><node id="-6178" lat="34.7761504" lon="10.7583925" /><node id="-6179" lat="34.7764577" lon="10.7581136" /><node id="-6180" lat="34.7765486" lon="10.7580687" /><node id="-6181" lat="34.7766127" lon="10.7580754" /><node id="-6182" lat="34.7767494" lon="10.757963" /><node id="-6183" lat="34.7755664" lon="10.7573482" /><node id="-6184" lat="34.7756981" lon="10.7575342" /><node id="-6185" lat="34.7760106" lon="10.7581285" /><node id="-6186" lat="34.7763142" lon="10.7587357" /><node id="-6187" lat="34.777881" lon="10.7595795" /><node id="-6188" lat="34.7778193" lon="10.7596211" /><node id="-6189" lat="34.7777874" lon="10.7596345" /><node id="-6190" lat="34.7777522" lon="10.7596385" /><node id="-6191" lat="34.777718" lon="10.7596225" /><node id="-6192" lat="34.7776618" lon="10.7595178" /><node id="-6193" lat="34.7775715" lon="10.7593475" /><node id="-6194" lat="34.777555" lon="10.7592912" /><node id="-6195" lat="34.7775528" lon="10.7592389" /><node id="-6196" lat="34.7775616" lon="10.7591772" /><node id="-6197" lat="34.7775924" lon="10.7591383" /><node id="-6198" lat="34.777675" lon="10.7590833" /><node id="-6199" lat="34.777702" lon="10.7590572" /><node id="-6200" lat="34.7777175" lon="10.7590283" /><node id="-6201" lat="34.7777224" lon="10.7589888" /><node id="-6202" lat="34.7777131" lon="10.7589432" /><node id="-6203" lat="34.7776304" lon="10.7587226" /><node id="-6204" lat="34.7776123" lon="10.7587018" /><node id="-6205" lat="34.7775897" lon="10.7586951" /><node id="-6206" lat="34.777561" lon="10.7587018" /><node id="-6207" lat="34.7774971" lon="10.7587434" /><node id="-6208" lat="34.7772432" lon="10.7589519" /><node id="-6209" lat="34.777083" lon="10.7590813" /><node id="-6210" lat="34.7770053" lon="10.7591336" /><node id="-6211" lat="34.7769133" lon="10.7591839" /><node id="-6212" lat="34.776834" lon="10.7592288" /><node id="-6213" lat="34.776541" lon="10.7594179" /><node id="-6214" lat="34.7787986" lon="10.7587548" /><node id="-6215" lat="34.7788845" lon="10.7588473" /><node id="-6216" lat="34.7789583" lon="10.7589278" /><node id="-6217" lat="34.7791324" lon="10.7591625" /><node id="-6218" lat="34.7792117" lon="10.7593475" /><node id="-6219" lat="34.7792899" lon="10.7595406" /><node id="-6220" lat="34.7783701" lon="10.7591048" /><node id="-6221" lat="34.7785166" lon="10.7590029" /><node id="-6222" lat="34.7786587" lon="10.7588983" /><node id="-6223" lat="34.7787364" lon="10.7588272" /><node id="-6224" lat="34.7788658" lon="10.7586595" /><node id="-6225" lat="34.7789165" lon="10.7585804" /><node id="-6226" lat="34.7789264" lon="10.7585469" /><node id="-6227" lat="34.7789253" lon="10.7585107" /><node id="-6228" lat="34.7789011" lon="10.758453" /><node id="-6229" lat="34.7788548" lon="10.7583752" /><node id="-6230" lat="34.7788328" lon="10.7583296" /><node id="-6231" lat="34.7788317" lon="10.7582881" /><node id="-6232" lat="34.7788548" lon="10.7582559" /><node id="-6233" lat="34.7789297" lon="10.7581821" /><node id="-6234" lat="34.7789594" lon="10.7581338" /><node id="-6235" lat="34.7789594" lon="10.7580963" /><node id="-6236" lat="34.7789352" lon="10.7580453" /><node id="-6237" lat="34.7788636" lon="10.7579219" /><node id="-6238" lat="34.7788416" lon="10.7578669" /><node id="-6239" lat="34.778846" lon="10.7578361" /><node id="-6240" lat="34.7788636" lon="10.7578133" /><node id="-6241" lat="34.7791753" lon="10.7575732" /><node id="-6242" lat="34.7754281" lon="10.7592882" /><node id="-6243" lat="34.7758055" lon="10.7590668" /><node id="-6244" lat="34.7710457" lon="10.7596083" /><node id="-6245" lat="34.770805" lon="10.7597022" /><node id="-6246" lat="34.7714015" lon="10.7599458" /><node id="-6247" lat="34.7714328" lon="10.7599583" /><node id="-6248" lat="34.7717512" lon="10.7597911" /><node id="-6249" lat="34.7717958" lon="10.7598163" /><node id="-6250" lat="34.7719523" lon="10.7602957" /><node id="-6251" lat="34.7702608" lon="10.7596882" /><node id="-6252" lat="34.7702288" lon="10.7597022" /><node id="-6253" lat="34.7701881" lon="10.7597217" /><node id="-6254" lat="34.7740368" lon="10.7599693" /><node id="-6255" lat="34.7745136" lon="10.759601" /><node id="-6256" lat="34.773521" lon="10.7606792" /><node id="-6257" lat="34.7735057" lon="10.7605869" /><node id="-6258" lat="34.7735032" lon="10.7605376" /><node id="-6259" lat="34.7735135" lon="10.7604994" /><node id="-6260" lat="34.7735298" lon="10.7604794" /><node id="-6261" lat="34.773586" lon="10.7604593" /><node id="-6262" lat="34.7736455" lon="10.7604486" /><node id="-6263" lat="34.7738581" lon="10.7604218" /><node id="-6264" lat="34.7739319" lon="10.7604083" /><node id="-6265" lat="34.7739804" lon="10.7603829" /><node id="-6266" lat="34.7741038" lon="10.7603011" /><node id="-6267" lat="34.7741533" lon="10.7602514" /><node id="-6268" lat="34.7741599" lon="10.7602219" /><node id="-6269" lat="34.7741555" lon="10.7601777" /><node id="-6270" lat="34.7741225" lon="10.7601012" /><node id="-6271" lat="34.7738306" lon="10.759652" /><node id="-6272" lat="34.7737942" lon="10.7595769" /><node id="-6273" lat="34.7737887" lon="10.7595406" /><node id="-6274" lat="34.7738052" lon="10.7595125" /><node id="-6275" lat="34.7738724" lon="10.7594521" /><node id="-6276" lat="34.7742084" lon="10.759192" /><node id="-6277" lat="34.7794699" lon="10.7605984" /><node id="-6278" lat="34.7793505" lon="10.7602192" /><node id="-6279" lat="34.7793064" lon="10.7600597" /><node id="-6280" lat="34.7793119" lon="10.7600248" /><node id="-6281" lat="34.7793428" lon="10.7599993" /><node id="-6282" lat="34.7795829" lon="10.759888" /><node id="-6283" lat="34.7472688" lon="10.7660706" /><node id="-6284" lat="34.7470549" lon="10.765952" /><node id="-6285" lat="34.7464319" lon="10.765757" /><node id="-6286" lat="34.7457961" lon="10.7655914" /><node id="-6287" lat="34.7457791" lon="10.7656697" /><node id="-6288" lat="34.7461184" lon="10.7657748" /><node id="-6289" lat="34.7470486" lon="10.7660691" /><node id="-6290" lat="34.763638" lon="10.7660879" /><node id="-6291" lat="34.7638809" lon="10.7664185" /><node id="-6292" lat="34.7641326" lon="10.7657285" /><node id="-6293" lat="34.7645798" lon="10.7654279" /><node id="-6294" lat="34.763822" lon="10.7651451" /><node id="-6295" lat="34.7639211" lon="10.7650647" /><node id="-6296" lat="34.763952" lon="10.7650472" /><node id="-6297" lat="34.7639894" lon="10.7650405" /><node id="-6298" lat="34.7640247" lon="10.7650352" /><node id="-6299" lat="34.7641415" lon="10.7649587" /><node id="-6300" lat="34.7641668" lon="10.7649373" /><node id="-6301" lat="34.7641712" lon="10.7649051" /><node id="-6302" lat="34.7641293" lon="10.764771" /><node id="-6303" lat="34.764126" lon="10.7647254" /><node id="-6304" lat="34.7641348" lon="10.7646932" /><node id="-6305" lat="34.7641635" lon="10.7646637" /><node id="-6306" lat="34.7643783" lon="10.7645336" /><node id="-6307" lat="34.764635" lon="10.7643539" /><node id="-6308" lat="34.7646846" lon="10.7645886" /><node id="-6309" lat="34.7648212" lon="10.7651424" /><node id="-6310" lat="34.7646759" lon="10.7643381" /><node id="-6311" lat="34.7648058" lon="10.7642882" /><node id="-6312" lat="34.7650063" lon="10.7642251" /><node id="-6313" lat="34.7652642" lon="10.7641674" /><node id="-6314" lat="34.7651165" lon="10.7647763" /><node id="-6315" lat="34.7650989" lon="10.7647455" /><node id="-6316" lat="34.765068" lon="10.7647401" /><node id="-6317" lat="34.7649083" lon="10.7648031" /><node id="-6318" lat="34.7623264" lon="10.7645725" /><node id="-6319" lat="34.7613529" lon="10.7640481" /><node id="-6320" lat="34.7611028" lon="10.7641487" /><node id="-6321" lat="34.8002532" lon="10.7613188" /><node id="-6322" lat="34.8004619" lon="10.7613295" /><node id="-6323" lat="34.8005048" lon="10.7613688" /><node id="-6324" lat="34.8007687" lon="10.7614072" /><node id="-6325" lat="34.8018275" lon="10.7619734" /><node id="-6326" lat="34.8017159" lon="10.7618715" /><node id="-6327" lat="34.8014546" lon="10.7618688" /><node id="-6328" lat="34.8001366" lon="10.7629754" /><node id="-6329" lat="34.8002809" lon="10.763457" /><node id="-6330" lat="34.7995345" lon="10.762996" /><node id="-6331" lat="34.7995575" lon="10.7631208" /><node id="-6332" lat="34.7995968" lon="10.7632337" /><node id="-6333" lat="34.7996999" lon="10.7634189" /><node id="-6334" lat="34.7993352" lon="10.7630074" /><node id="-6335" lat="34.7993556" lon="10.7632139" /><node id="-6336" lat="34.7993742" lon="10.7633584" /><node id="-6337" lat="34.7981304" lon="10.7639515" /><node id="-6338" lat="34.7981682" lon="10.7639449" /><node id="-6339" lat="34.7982453" lon="10.7639315" /><node id="-6340" lat="34.7985043" lon="10.7638865" /><node id="-6341" lat="34.7987504" lon="10.763869" /><node id="-6342" lat="34.7988614" lon="10.763842" /><node id="-6343" lat="34.7989122" lon="10.7638582" /><node id="-6344" lat="34.7989743" lon="10.764068" /><node id="-6345" lat="34.8023427" lon="10.7629394" /><node id="-6346" lat="34.8031653" lon="10.7642853" /><node id="-6347" lat="34.8032011" lon="10.7643659" /><node id="-6348" lat="34.8032749" lon="10.7645142" /><node id="-6349" lat="34.803326" lon="10.7646201" /><node id="-6350" lat="34.8033883" lon="10.7647468" /><node id="-6351" lat="34.8034786" lon="10.7649185" /><node id="-6352" lat="34.8035817" lon="10.7651364" /><node id="-6353" lat="34.803657" lon="10.7652665" /><node id="-6354" lat="34.8038449" lon="10.7655977" /><node id="-6355" lat="34.8039002" lon="10.765683" /><node id="-6356" lat="34.803917" lon="10.7657144" /><node id="-6357" lat="34.8039291" lon="10.765749" /><node id="-6358" lat="34.8039327" lon="10.7657806" /><node id="-6359" lat="34.80393" lon="10.7658129" /><node id="-6360" lat="34.8039098" lon="10.7658533" /><node id="-6361" lat="34.8038772" lon="10.7659134" /><node id="-6362" lat="34.8037755" lon="10.7660279" /><node id="-6363" lat="34.8036474" lon="10.7661674" /><node id="-6364" lat="34.8039824" lon="10.7642661" /><node id="-6365" lat="34.8033884" lon="10.7641586" /><node id="-6366" lat="34.8035691" lon="10.7644958" /><node id="-6367" lat="34.8031256" lon="10.7638372" /><node id="-6368" lat="34.8030414" lon="10.763447" /><node id="-6369" lat="34.8025972" lon="10.7634482" /><node id="-6370" lat="34.8033547" lon="10.7629457" /><node id="-6371" lat="34.8035617" lon="10.7628864" /><node id="-6372" lat="34.8036784" lon="10.7628247" /><node id="-6373" lat="34.8037494" lon="10.7628203" /><node id="-6374" lat="34.8038635" lon="10.7632051" /><node id="-6375" lat="34.8032425" lon="10.7626693" /><node id="-6376" lat="34.7608594" lon="10.759538" /><node id="-6377" lat="34.7608792" lon="10.7596506" /><node id="-6378" lat="34.7698713" lon="10.7593341" /><node id="-6379" lat="34.7700256" lon="10.7592349" /><node id="-6380" lat="34.7701434" lon="10.7591799" /><node id="-6381" lat="34.7702371" lon="10.7591464" /><node id="-6382" lat="34.7702966" lon="10.759145" /><node id="-6383" lat="34.762303" lon="10.7663361" /><node id="-6384" lat="34.7620235" lon="10.7666224" /><node id="-6385" lat="34.7690108" lon="10.7665463" /><node id="-6386" lat="34.7686165" lon="10.7668376" /><node id="-6387" lat="34.7685956" lon="10.7668577" /><node id="-6388" lat="34.7685846" lon="10.7668845" /><node id="-6389" lat="34.7685901" lon="10.7669207" /><node id="-6390" lat="34.7686044" lon="10.7669583" /><node id="-6391" lat="34.7688688" lon="10.7674907" /><node id="-6392" lat="34.7680283" lon="10.7659994" /><node id="-6393" lat="34.7681527" lon="10.7662254" /><node id="-6394" lat="34.768166" lon="10.7662421" /><node id="-6395" lat="34.7681819" lon="10.7662502" /><node id="-6396" lat="34.7681996" lon="10.7662448" /><node id="-6397" lat="34.7682183" lon="10.7662321" /><node id="-6398" lat="34.7685869" lon="10.7659063" /><node id="-6399" lat="34.7669134" lon="10.7652913" /><node id="-6400" lat="34.7668097" lon="10.7653054" /><node id="-6401" lat="34.7666043" lon="10.7654663" /><node id="-6402" lat="34.7665504" lon="10.7654862" /><node id="-6403" lat="34.7670004" lon="10.7643056" /><node id="-6404" lat="34.7662188" lon="10.7645017" /><node id="-6405" lat="34.7662383" lon="10.7646617" /><node id="-6406" lat="34.7680524" lon="10.7642461" /><node id="-6407" lat="34.7674575" lon="10.7643423" /><node id="-6408" lat="34.7674176" lon="10.7644112" /><node id="-6409" lat="34.7674745" lon="10.7649592" /><node id="-6410" lat="34.7671485" lon="10.7631505" /><node id="-6411" lat="34.7672733" lon="10.7631449" /><node id="-6412" lat="34.7672989" lon="10.7632173" /><node id="-6413" lat="34.7673502" lon="10.763586" /><node id="-6414" lat="34.7673403" lon="10.7636531" /><node id="-6415" lat="34.7673336" lon="10.7636934" /><node id="-6416" lat="34.7673336" lon="10.7637189" /><node id="-6417" lat="34.7673872" lon="10.7639978" /><node id="-6418" lat="34.7674534" lon="10.7639945" /><node id="-6419" lat="34.7680324" lon="10.7638788" /><node id="-6420" lat="34.7680899" lon="10.7599685" /><node id="-6421" lat="34.7681219" lon="10.7600489" /><node id="-6422" lat="34.768123" lon="10.7600811" /><node id="-6423" lat="34.7680999" lon="10.7601106" /><node id="-6424" lat="34.7613741" lon="10.7680346" /><node id="-6425" lat="34.7613306" lon="10.7679717" /><node id="-6426" lat="34.7612739" lon="10.7679733" /><node id="-6427" lat="34.7612229" lon="10.7672131" /><node id="-6428" lat="34.7609156" lon="10.7674478" /><node id="-6429" lat="34.7609034" lon="10.7675605" /><node id="-6430" lat="34.7607448" lon="10.7669557" /><node id="-6431" lat="34.7608952" lon="10.7666928" /><node id="-6432" lat="34.760498" lon="10.7668505" /><node id="-6433" lat="34.7605524" lon="10.7668572" /><node id="-6434" lat="34.7607128" lon="10.7669615" /><node id="-6435" lat="34.7604208" lon="10.7661147" /><node id="-6436" lat="34.7609398" lon="10.7667477" /><node id="-6437" lat="34.7613596" lon="10.7671005" /><node id="-6438" lat="34.7614014" lon="10.7671474" /><node id="-6439" lat="34.7614422" lon="10.7672037" /><node id="-6440" lat="34.7610825" lon="10.7661476" /><node id="-6441" lat="34.7610654" lon="10.766161" /><node id="-6442" lat="34.7610527" lon="10.7661845" /><node id="-6443" lat="34.7608847" lon="10.7666405" /><node id="-6444" lat="34.7608858" lon="10.7666686" /><node id="-6445" lat="34.7619606" lon="10.7666757" /><node id="-6446" lat="34.7619133" lon="10.7667005" /><node id="-6447" lat="34.7618912" lon="10.7666925" /><node id="-6448" lat="34.7618515" lon="10.7666657" /><node id="-6449" lat="34.7618052" lon="10.7666279" /><node id="-6450" lat="34.7613752" lon="10.7663321" /><node id="-6451" lat="34.761126" lon="10.7661617" /><node id="-6452" lat="34.7611017" lon="10.7661489" /><node id="-6453" lat="34.7650911" lon="10.7678656" /><node id="-6454" lat="34.7650632" lon="10.7679021" /><node id="-6455" lat="34.7647783" lon="10.767429" /><node id="-6456" lat="34.7648226" lon="10.7674104" /><node id="-6457" lat="34.7648697" lon="10.7674277" /><node id="-6458" lat="34.7650821" lon="10.7678152" /><node id="-6459" lat="34.7684002" lon="10.7690437" /><node id="-6460" lat="34.7681617" lon="10.7693108" /><node id="-6461" lat="34.7681759" lon="10.7686883" /><node id="-6462" lat="34.7684046" lon="10.769103" /><node id="-6463" lat="34.7682055" lon="10.7681473" /><node id="-6464" lat="34.768481" lon="10.7686883" /><node id="-6465" lat="34.7685284" lon="10.7687782" /><node id="-6466" lat="34.7686044" lon="10.7688972" /><node id="-6467" lat="34.7686853" lon="10.7690086" /><node id="-6468" lat="34.7686789" lon="10.767847" /><node id="-6469" lat="34.7685612" lon="10.7679377" /><node id="-6470" lat="34.7685371" lon="10.7679679" /><node id="-6471" lat="34.7685449" lon="10.7680137" /><node id="-6472" lat="34.7685515" lon="10.7680486" /><node id="-6473" lat="34.7685714" lon="10.7680969" /><node id="-6474" lat="34.7687069" lon="10.7683611" /><node id="-6475" lat="34.7688061" lon="10.76853" /><node id="-6476" lat="34.7681329" lon="10.7676154" /><node id="-6477" lat="34.7680073" lon="10.7673928" /><node id="-6478" lat="34.7679809" lon="10.7673767" /><node id="-6479" lat="34.7679577" lon="10.7673767" /><node id="-6480" lat="34.767928" lon="10.7673995" /><node id="-6481" lat="34.7664286" lon="10.763568" /><node id="-6482" lat="34.7663633" lon="10.7635834" /><node id="-6483" lat="34.7660743" lon="10.763641" /><node id="-6484" lat="34.7659236" lon="10.7636681" /><node id="-6485" lat="34.766234" lon="10.7626758" /><node id="-6486" lat="34.766444" lon="10.7634473" /><node id="-6487" lat="34.7664484" lon="10.763517" /><node id="-6488" lat="34.769961" lon="10.7636235" /><node id="-6489" lat="34.769972" lon="10.7636332" /><node id="-6490" lat="34.7699782" lon="10.7636511" /><node id="-6491" lat="34.7700148" lon="10.7637768" /><node id="-6492" lat="34.7700367" lon="10.763818" /><node id="-6493" lat="34.7700471" lon="10.7638319" /><node id="-6494" lat="34.7700705" lon="10.7638434" /><node id="-6495" lat="34.7701123" lon="10.7638398" /><node id="-6496" lat="34.7702039" lon="10.7638131" /><node id="-6497" lat="34.7703969" lon="10.7637295" /><node id="-6498" lat="34.770433" lon="10.7637155" /><node id="-6499" lat="34.7694208" lon="10.7630222" /><node id="-6500" lat="34.7697265" lon="10.7629893" /><node id="-6501" lat="34.7697502" lon="10.762992" /><node id="-6502" lat="34.76977" lon="10.7630054" /><node id="-6503" lat="34.7697821" lon="10.7630329" /><node id="-6504" lat="34.7697887" lon="10.7630771" /><node id="-6505" lat="34.7698108" lon="10.7634327" /><node id="-6506" lat="34.7698202" lon="10.7635211" /><node id="-6507" lat="34.7698302" lon="10.7635763" /><node id="-6508" lat="34.7698426" lon="10.7635926" /><node id="-6509" lat="34.7698595" lon="10.7636102" /><node id="-6510" lat="34.7698824" lon="10.7636205" /><node id="-6511" lat="34.7699123" lon="10.7636253" /><node id="-6512" lat="34.7699357" lon="10.7636199" /><node id="-6513" lat="34.7691718" lon="10.7634647" /><node id="-6514" lat="34.7688887" lon="10.7635505" /><node id="-6515" lat="34.7688391" lon="10.763568" /><node id="-6516" lat="34.7687818" lon="10.7635961" /><node id="-6517" lat="34.7687355" lon="10.7636216" /><node id="-6518" lat="34.7686276" lon="10.7636659" /><node id="-6519" lat="34.7685868" lon="10.763682" /><node id="-6520" lat="34.7685593" lon="10.7637021" /><node id="-6521" lat="34.7685394" lon="10.7637262" /><node id="-6522" lat="34.7685328" lon="10.7637571" /><node id="-6523" lat="34.7685295" lon="10.7638" /><node id="-6524" lat="34.7685424" lon="10.764043" /><node id="-6525" lat="34.768044" lon="10.7640659" /><node id="-6526" lat="34.7687412" lon="10.7640448" /><node id="-6527" lat="34.7687824" lon="10.7640682" /><node id="-6528" lat="34.7687942" lon="10.7640981" /><node id="-6529" lat="34.768821" lon="10.7645217" /><node id="-6530" lat="34.7688369" lon="10.7645737" /><node id="-6531" lat="34.7688678" lon="10.7649452" /><node id="-6532" lat="34.7689201" lon="10.7650044" /><node id="-6533" lat="34.7694966" lon="10.7648697" /><node id="-6534" lat="34.7631909" lon="10.7649883" /><node id="-6535" lat="34.7631823" lon="10.7650259" /><node id="-6536" lat="34.7631562" lon="10.7650436" /><node id="-6537" lat="34.7629696" lon="10.7651631" /><node id="-6538" lat="34.7626098" lon="10.765131" /><node id="-6539" lat="34.7626979" lon="10.7653182" /><node id="-6540" lat="34.7627704" lon="10.7654595" /><node id="-6541" lat="34.7628122" lon="10.7655158" /><node id="-6542" lat="34.7628442" lon="10.7655507" /><node id="-6543" lat="34.7628706" lon="10.7655587" /><node id="-6544" lat="34.7629004" lon="10.7655614" /><node id="-6545" lat="34.7629301" lon="10.7655681" /><node id="-6546" lat="34.7629511" lon="10.7655923" /><node id="-6547" lat="34.765245" lon="10.766293" /><node id="-6548" lat="34.7630011" lon="10.7703259" /><node id="-6549" lat="34.7633611" lon="10.7700683" /><node id="-6550" lat="34.763386" lon="10.7700452" /><node id="-6551" lat="34.7634621" lon="10.7701376" /><node id="-6552" lat="34.7635095" lon="10.770156" /><node id="-6553" lat="34.7637812" lon="10.7699758" /><node id="-6554" lat="34.7700939" lon="10.7669422" /><node id="-6555" lat="34.7698835" lon="10.767146" /><node id="-6556" lat="34.7698581" lon="10.7671702" /><node id="-6557" lat="34.7698449" lon="10.7672037" /><node id="-6558" lat="34.7698493" lon="10.7672399" /><node id="-6559" lat="34.7698625" lon="10.7672788" /><node id="-6560" lat="34.7674974" lon="10.7690603" /><node id="-6561" lat="34.7675821" lon="10.769202" /><node id="-6562" lat="34.7677452" lon="10.7694234" /><node id="-6563" lat="34.7677765" lon="10.7694139" /><node id="-6564" lat="34.7680126" lon="10.7691678" /><node id="-6565" lat="34.7680474" lon="10.7691679" /><node id="-6566" lat="34.7629613" lon="10.7683587" /><node id="-6567" lat="34.7631491" lon="10.768683" /><node id="-6568" lat="34.7632061" lon="10.7687728" /><node id="-6569" lat="34.7632166" lon="10.7687996" /><node id="-6570" lat="34.7632215" lon="10.7688251" /><node id="-6571" lat="34.7632143" lon="10.7688486" /><node id="-6572" lat="34.7631951" lon="10.7688841" /><node id="-6573" lat="34.7631328" lon="10.7689767" /><node id="-6574" lat="34.7629373" lon="10.7692301" /><node id="-6575" lat="34.7628331" lon="10.7693502" /><node id="-6576" lat="34.7668351" lon="10.7613109" /><node id="-6577" lat="34.7666853" lon="10.7608429" /><node id="-6578" lat="34.7664595" lon="10.7601602" /><node id="-6579" lat="34.7681693" lon="10.7604459" /><node id="-6580" lat="34.7681924" lon="10.7604365" /><node id="-6581" lat="34.7682133" lon="10.7604405" /><node id="-6582" lat="34.7682277" lon="10.760466" /><node id="-6583" lat="34.7683004" lon="10.7606538" /><node id="-6584" lat="34.7683202" lon="10.7606712" /><node id="-6585" lat="34.768351" lon="10.7606699" /><node id="-6586" lat="34.7685185" lon="10.7605813" /><node id="-6587" lat="34.7656854" lon="10.7631019" /><node id="-6588" lat="34.7656987" lon="10.7631422" /><node id="-6589" lat="34.7657185" lon="10.7631677" /><node id="-6590" lat="34.7657449" lon="10.7631811" /><node id="-6591" lat="34.7658099" lon="10.7632226" /><node id="-6592" lat="34.7658573" lon="10.7632669" /><node id="-6593" lat="34.7658937" lon="10.7633098" /><node id="-6594" lat="34.7659234" lon="10.7633192" /><node id="-6595" lat="34.7659598" lon="10.7633205" /><node id="-6596" lat="34.765984" lon="10.7633313" /><node id="-6597" lat="34.7660071" lon="10.7633621" /><node id="-6598" lat="34.7666075" lon="10.7626881" /><node id="-6599" lat="34.7666327" lon="10.7627817" /><node id="-6600" lat="34.7668131" lon="10.7637316" /><node id="-6601" lat="34.7664373" lon="10.7623588" /><node id="-6602" lat="34.7664228" lon="10.7624267" /><node id="-6603" lat="34.7663943" lon="10.762551" /><node id="-6604" lat="34.766403" lon="10.7625883" /><node id="-6605" lat="34.7664431" lon="10.7627177" /><node id="-6606" lat="34.7664655" lon="10.7627238" /><node id="-6607" lat="34.7665581" lon="10.7626761" /><node id="-6608" lat="34.7726186" lon="10.7692847" /><node id="-6609" lat="34.7723361" lon="10.769493" /><node id="-6610" lat="34.7721825" lon="10.7695837" /><node id="-6611" lat="34.7727978" lon="10.7690579" /><node id="-6612" lat="34.7726686" lon="10.7688021" /><node id="-6613" lat="34.7726038" lon="10.768699" /><node id="-6614" lat="34.7725444" lon="10.7685792" /><node id="-6615" lat="34.7724024" lon="10.7684165" /><node id="-6616" lat="34.7721724" lon="10.7682062" /><node id="-6617" lat="34.7720609" lon="10.7680796" /><node id="-6618" lat="34.7722582" lon="10.7685532" /><node id="-6619" lat="34.7721394" lon="10.7686704" /><node id="-6620" lat="34.7719249" lon="10.7688457" /><node id="-6621" lat="34.7718111" lon="10.768948" /><node id="-6622" lat="34.7719832" lon="10.7692205" /><node id="-6623" lat="34.771872" lon="10.7693194" /><node id="-6624" lat="34.7717841" lon="10.7694022" /><node id="-6625" lat="34.771676" lon="10.7695123" /><node id="-6626" lat="34.7716059" lon="10.7695904" /><node id="-6627" lat="34.7714927" lon="10.7696928" /><node id="-6628" lat="34.7724111" lon="10.7701092" /><node id="-6629" lat="34.7726455" lon="10.76997" /><node id="-6630" lat="34.7728552" lon="10.7698491" /><node id="-6631" lat="34.7735253" lon="10.7699933" /><node id="-6632" lat="34.773321" lon="10.7695651" /><node id="-6633" lat="34.773214" lon="10.7693417" /><node id="-6634" lat="34.7730623" lon="10.768945" /><node id="-6635" lat="34.7734936" lon="10.7685921" /><node id="-6636" lat="34.7736982" lon="10.7690318" /><node id="-6637" lat="34.7738719" lon="10.7693987" /><node id="-6638" lat="34.8248683" lon="10.7634679" /><node id="-6639" lat="34.8248596" lon="10.7635148" /><node id="-6640" lat="34.8248626" lon="10.7635627" /><node id="-6641" lat="34.824904" lon="10.7636479" /><node id="-6642" lat="34.8249401" lon="10.7636758" /><node id="-6643" lat="34.8249816" lon="10.7636883" /><node id="-6644" lat="34.8250242" lon="10.7636842" /><node id="-6645" lat="34.825093" lon="10.763633" /><node id="-6646" lat="34.8251139" lon="10.7635932" /><node id="-6647" lat="34.8251245" lon="10.7635478" /><node id="-6648" lat="34.8251239" lon="10.7635005" /><node id="-6649" lat="34.8250711" lon="10.7633957" /><node id="-6650" lat="34.8250308" lon="10.7633712" /><node id="-6651" lat="34.824986" lon="10.7633646" /><node id="-6652" lat="34.824942" lon="10.7633764" /><node id="-6653" lat="34.8249038" lon="10.7634055" /><node id="-6654" lat="34.7922975" lon="10.766515" /><node id="-6655" lat="34.792332" lon="10.7664889" /><node id="-6656" lat="34.7925155" lon="10.7662061" /><node id="-6657" lat="34.792554" lon="10.7662063" /><node id="-6658" lat="34.7925897" lon="10.7662341" /><node id="-6659" lat="34.792777" lon="10.7664219" /><node id="-6660" lat="34.7929489" lon="10.7666008" /><node id="-6661" lat="34.7929851" lon="10.7666044" /><node id="-6662" lat="34.7930303" lon="10.7665962" /><node id="-6663" lat="34.793131" lon="10.7665483" /><node id="-6664" lat="34.7932486" lon="10.7664709" /><node id="-6665" lat="34.7934702" lon="10.7662754" /><node id="-6666" lat="34.7937707" lon="10.7659473" /><node id="-6667" lat="34.7962197" lon="10.7689941" /><node id="-6668" lat="34.8003719" lon="10.7649097" /><node id="-6669" lat="34.8002206" lon="10.7651035" /><node id="-6670" lat="34.8001519" lon="10.7651769" /><node id="-6671" lat="34.800078" lon="10.765241" /><node id="-6672" lat="34.7998556" lon="10.7654409" /><node id="-6673" lat="34.7997526" lon="10.7655401" /><node id="-6674" lat="34.7996541" lon="10.7656473" /><node id="-6675" lat="34.793614" lon="10.7603237" /><node id="-6676" lat="34.7935754" lon="10.7595889" /><node id="-6677" lat="34.79494" lon="10.7604606" /><node id="-6678" lat="34.7949124" lon="10.7601817" /><node id="-6679" lat="34.794832" lon="10.7597727" /><node id="-6680" lat="34.7972874" lon="10.7607148" /><node id="-6681" lat="34.7972978" lon="10.7605813" /><node id="-6682" lat="34.7973" lon="10.7605049" /><node id="-6683" lat="34.7972802" lon="10.7603681" /><node id="-6684" lat="34.7971547" lon="10.7596412" /><node id="-6685" lat="34.7970143" lon="10.7606799" /><node id="-6686" lat="34.7968738" lon="10.759668" /><node id="-6687" lat="34.7991072" lon="10.7655314" /><node id="-6688" lat="34.7993418" lon="10.7659028" /><node id="-6689" lat="34.799366" lon="10.7659498" /><node id="-6690" lat="34.7993715" lon="10.765986" /><node id="-6691" lat="34.7993605" lon="10.766037" /><node id="-6692" lat="34.7992669" lon="10.7661657" /><node id="-6693" lat="34.7992669" lon="10.7662126" /><node id="-6694" lat="34.7992955" lon="10.766281" /><node id="-6695" lat="34.799572" lon="10.7665492" /><node id="-6696" lat="34.7997217" lon="10.7667558" /><node id="-6697" lat="34.7980998" lon="10.7673627" /><node id="-6698" lat="34.7980775" lon="10.7674987" /><node id="-6699" lat="34.7975963" lon="10.7662006" /><node id="-6700" lat="34.7975456" lon="10.7662287" /><node id="-6701" lat="34.7973876" lon="10.7663514" /><node id="-6702" lat="34.7973353" lon="10.7664051" /><node id="-6703" lat="34.7944182" lon="10.7655863" /><node id="-6704" lat="34.7943032" lon="10.7655738" /><node id="-6705" lat="34.7941888" lon="10.7655475" /><node id="-6706" lat="34.7941049" lon="10.7655688" /><node id="-6707" lat="34.7939731" lon="10.765728" /><node id="-6708" lat="34.7938698" lon="10.7658454" /><node id="-6709" lat="34.7937747" lon="10.7657964" /><node id="-6710" lat="34.7951399" lon="10.76656" /><node id="-6711" lat="34.7950793" lon="10.7665875" /><node id="-6712" lat="34.7949025" lon="10.7667886" /><node id="-6713" lat="34.7955281" lon="10.7683785" /><node id="-6714" lat="34.7951151" lon="10.7680298" /><node id="-6715" lat="34.7949477" lon="10.7678702" /><node id="-6716" lat="34.7947803" lon="10.7676328" /><node id="-6717" lat="34.7946228" lon="10.7674854" /><node id="-6718" lat="34.7944036" lon="10.767303" /><node id="-6719" lat="34.7942021" lon="10.767083" /><node id="-6720" lat="34.7941889" lon="10.7670414" /><node id="-6721" lat="34.7941966" lon="10.7670093" /><node id="-6722" lat="34.7943441" lon="10.7667612" /><node id="-6723" lat="34.794213" lon="10.7682363" /><node id="-6724" lat="34.7941867" lon="10.7682873" /><node id="-6725" lat="34.7940913" lon="10.7684276" /><node id="-6726" lat="34.7940455" lon="10.768533" /><node id="-6727" lat="34.7940468" lon="10.7686588" /><node id="-6728" lat="34.7940259" lon="10.7687835" /><node id="-6729" lat="34.7939501" lon="10.7689869" /><node id="-6730" lat="34.7938666" lon="10.7691311" /><node id="-6731" lat="34.7938122" lon="10.7692274" /><node id="-6732" lat="34.7937626" lon="10.7692704" /><node id="-6733" lat="34.7937461" lon="10.7693173" /><node id="-6734" lat="34.7937571" lon="10.7693535" /><node id="-6735" lat="34.7937968" lon="10.769442" /><node id="-6736" lat="34.7937949" lon="10.7694897" /><node id="-6737" lat="34.7937844" lon="10.7695344" /><node id="-6738" lat="34.7937432" lon="10.7696254" /><node id="-6739" lat="34.794719" lon="10.7662442" /><node id="-6740" lat="34.7952935" lon="10.7669435" /><node id="-6741" lat="34.792422" lon="10.7652722" /><node id="-6742" lat="34.79274" lon="10.7656631" /><node id="-6743" lat="34.7928082" lon="10.7656489" /><node id="-6744" lat="34.7929067" lon="10.7655239" /><node id="-6745" lat="34.7994406" lon="10.7689716" /><node id="-6746" lat="34.7993505" lon="10.7688657" /><node id="-6747" lat="34.7990957" lon="10.7684858" /><node id="-6748" lat="34.7988603" lon="10.7681474" /><node id="-6749" lat="34.7988644" lon="10.7680724" /><node id="-6750" lat="34.7989806" lon="10.7678852" /><node id="-6751" lat="34.7990856" lon="10.7677247" /><node id="-6752" lat="34.7990894" lon="10.7676457" /><node id="-6753" lat="34.7989974" lon="10.7675139" /><node id="-6754" lat="34.798962" lon="10.7674573" /><node id="-6755" lat="34.7989765" lon="10.7673642" /><node id="-6756" lat="34.7993567" lon="10.7668306" /><node id="-6757" lat="34.7980451" lon="10.7699416" /><node id="-6758" lat="34.7977218" lon="10.7695842" /><node id="-6759" lat="34.7977631" lon="10.7702487" /><node id="-6760" lat="34.7976965" lon="10.7702548" /><node id="-6761" lat="34.7975588" lon="10.7704209" /><node id="-6762" lat="34.7974298" lon="10.7705764" /><node id="-6763" lat="34.7973883" lon="10.7705809" /><node id="-6764" lat="34.7971767" lon="10.7703768" /><node id="-6765" lat="34.793387" lon="10.7676533" /><node id="-6766" lat="34.7936429" lon="10.7672906" /><node id="-6767" lat="34.7939532" lon="10.7669704" /><node id="-6768" lat="34.793968" lon="10.7669268" /><node id="-6769" lat="34.7939515" lon="10.7668845" /><node id="-6770" lat="34.7938777" lon="10.7667933" /><node id="-6771" lat="34.7936756" lon="10.7665881" /><node id="-6772" lat="34.793636" lon="10.7665372" /><node id="-6773" lat="34.7936283" lon="10.7665177" /><node id="-6774" lat="34.7936354" lon="10.7664896" /><node id="-6775" lat="34.7936723" lon="10.7664259" /><node id="-6776" lat="34.7964446" lon="10.7656825" /><node id="-6777" lat="34.7965578" lon="10.7658619" /><node id="-6778" lat="34.7966327" lon="10.7659679" /><node id="-6779" lat="34.7966624" lon="10.7660115" /><node id="-6780" lat="34.7966701" lon="10.766045" /><node id="-6781" lat="34.7966624" lon="10.7660772" /><node id="-6782" lat="34.7965677" lon="10.7661858" /><node id="-6783" lat="34.7958432" lon="10.7659533" /><node id="-6784" lat="34.7962298" lon="10.7656247" /><node id="-6785" lat="34.7963001" lon="10.7656418" /><node id="-6786" lat="34.7963584" lon="10.7656943" /><node id="-6787" lat="34.7963926" lon="10.7657015" /><node id="-6788" lat="34.7964552" lon="10.7656527" /><node id="-6789" lat="34.7966858" lon="10.765452" /><node id="-6790" lat="34.7967364" lon="10.7654107" /><node id="-6791" lat="34.7968649" lon="10.7656734" /><node id="-6792" lat="34.7969952" lon="10.7659032" /><node id="-6793" lat="34.7970892" lon="10.7660907" /><node id="-6794" lat="34.7971216" lon="10.7661407" /><node id="-6795" lat="34.7971836" lon="10.7661388" /><node id="-6796" lat="34.7972582" lon="10.7660638" /><node id="-6797" lat="34.797834" lon="10.7609917" /><node id="-6798" lat="34.7978482" lon="10.7615005" /><node id="-6799" lat="34.7978947" lon="10.7620136" /><node id="-6800" lat="34.797127" lon="10.7627658" /><node id="-6801" lat="34.7973936" lon="10.7627321" /><node id="-6802" lat="34.7977165" lon="10.7626796" /><node id="-6803" lat="34.7978931" lon="10.7626583" /><node id="-6804" lat="34.7979201" lon="10.7627128" /><node id="-6805" lat="34.7979611" lon="10.7629632" /><node id="-6806" lat="34.7982801" lon="10.7629483" /><node id="-6807" lat="34.7986962" lon="10.7629249" /><node id="-6808" lat="34.7988378" lon="10.7629185" /><node id="-6809" lat="34.7987947" lon="10.7611297" /><node id="-6810" lat="34.7988111" lon="10.7615388" /><node id="-6811" lat="34.7988961" lon="10.7622524" /><node id="-6812" lat="34.7988735" lon="10.7622879" /><node id="-6813" lat="34.7987249" lon="10.7623091" /><node id="-6814" lat="34.7783995" lon="10.7636523" /><node id="-6815" lat="34.7784161" lon="10.7636992" /><node id="-6816" lat="34.7784365" lon="10.76374" /><node id="-6817" lat="34.7785227" lon="10.7639257" /><node id="-6818" lat="34.7787194" lon="10.7643658" /><node id="-6819" lat="34.7788124" lon="10.7645911" /><node id="-6820" lat="34.7788503" lon="10.7646966" /><node id="-6821" lat="34.7788544" lon="10.7647262" /><node id="-6822" lat="34.7788521" lon="10.7647548" /><node id="-6823" lat="34.7788386" lon="10.7647905" /><node id="-6824" lat="34.7788241" lon="10.7648131" /><node id="-6825" lat="34.7788029" lon="10.764835" /><node id="-6826" lat="34.7787285" lon="10.7648741" /><node id="-6827" lat="34.7779615" lon="10.7652887" /><node id="-6828" lat="34.7962781" lon="10.7677162" /><node id="-6829" lat="34.7961867" lon="10.7678648" /><node id="-6830" lat="34.7960733" lon="10.7680618" /><node id="-6831" lat="34.795838" lon="10.7684816" /><node id="-6832" lat="34.7957375" lon="10.76868" /><node id="-6833" lat="34.7936349" lon="10.7621233" /><node id="-6834" lat="34.7936473" lon="10.7621592" /><node id="-6835" lat="34.7936693" lon="10.7622151" /><node id="-6836" lat="34.7937417" lon="10.7623744" /><node id="-6837" lat="34.7938304" lon="10.7625896" /><node id="-6838" lat="34.7939526" lon="10.7629055" /><node id="-6839" lat="34.7940176" lon="10.7630731" /><node id="-6840" lat="34.7940639" lon="10.7631133" /><node id="-6841" lat="34.7941283" lon="10.7631026" /><node id="-6842" lat="34.794305" lon="10.7629953" /><node id="-6843" lat="34.7943254" lon="10.7629363" /><node id="-6844" lat="34.7943188" lon="10.7628947" /><node id="-6845" lat="34.7942902" lon="10.7628129" /><node id="-6846" lat="34.7942593" lon="10.7627311" /><node id="-6847" lat="34.7942516" lon="10.7626627" /><node id="-6848" lat="34.7942621" lon="10.7626373" /><node id="-6849" lat="34.7905754" lon="10.768442" /><node id="-6850" lat="34.7905296" lon="10.7684389" /><node id="-6851" lat="34.7902597" lon="10.7681403" /><node id="-6852" lat="34.790207" lon="10.7681411" /><node id="-6853" lat="34.7900954" lon="10.7682818" /><node id="-6854" lat="34.7914381" lon="10.7688229" /><node id="-6855" lat="34.7912879" lon="10.7691054" /><node id="-6856" lat="34.7912543" lon="10.7691335" /><node id="-6857" lat="34.7912075" lon="10.7691389" /><node id="-6858" lat="34.7911145" lon="10.7690666" /><node id="-6859" lat="34.791071" lon="10.7690812" /><node id="-6860" lat="34.7909168" lon="10.7693649" /><node id="-6861" lat="34.7974774" lon="10.7691805" /><node id="-6862" lat="34.7969526" lon="10.7641027" /><node id="-6863" lat="34.7966628" lon="10.7641872" /><node id="-6864" lat="34.7966602" lon="10.7641865" /><node id="-6865" lat="34.7966168" lon="10.7642696" /><node id="-6866" lat="34.7968794" lon="10.7648756" /><node id="-6867" lat="34.7970736" lon="10.7653381" /><node id="-6868" lat="34.7972938" lon="10.7651911" /><node id="-6869" lat="34.797305" lon="10.7651079" /><node id="-6870" lat="34.7973052" lon="10.7650551" /><node id="-6871" lat="34.7974432" lon="10.7649721" /><node id="-6872" lat="34.7939909" lon="10.7619714" /><node id="-6873" lat="34.7939389" lon="10.7620076" /><node id="-6874" lat="34.7938458" lon="10.7620499" /><node id="-6875" lat="34.7937395" lon="10.7620867" /><node id="-6876" lat="34.7936148" lon="10.7620841" /><node id="-6877" lat="34.7935952" lon="10.7620445" /><node id="-6878" lat="34.7933959" lon="10.761551" /><node id="-6879" lat="34.7932197" lon="10.7610393" /><node id="-6880" lat="34.7931437" lon="10.7607832" /><node id="-6881" lat="34.7931162" lon="10.7606551" /><node id="-6882" lat="34.7931118" lon="10.7605565" /><node id="-6883" lat="34.7931089" lon="10.7604969" /><node id="-6884" lat="34.7791875" lon="10.7705069" /><node id="-6885" lat="34.7789077" lon="10.7698739" /><node id="-6886" lat="34.7762464" lon="10.7701648" /><node id="-6887" lat="34.7742448" lon="10.7706678" /><node id="-6888" lat="34.773868" lon="10.7699329" /><node id="-6889" lat="34.7715452" lon="10.76976" /><node id="-6890" lat="34.7714281" lon="10.7699106" /><node id="-6891" lat="34.7712809" lon="10.7700403" /><node id="-6892" lat="34.7711531" lon="10.770186" /><node id="-6893" lat="34.7933577" lon="10.7703261" /><node id="-6894" lat="34.7932119" lon="10.770503" /><node id="-6895" lat="34.809421" lon="10.760301" /><node id="-6896" lat="34.8097678" lon="10.760061" /><node id="-6897" lat="34.8098438" lon="10.760757" /><node id="-6898" lat="34.8102976" lon="10.7605624" /><node id="-6899" lat="34.810235" lon="10.7602776" /><node id="-6900" lat="34.8101635" lon="10.7600366" /><node id="-6901" lat="34.771316" lon="10.7631599" /><node id="-6902" lat="34.7713505" lon="10.7631368" /><node id="-6903" lat="34.7713718" lon="10.7630621" /><node id="-6904" lat="34.7714127" lon="10.7630303" /><node id="-6905" lat="34.7717113" lon="10.7629049" /><node id="-6906" lat="34.7716662" lon="10.7633988" /><node id="-6907" lat="34.7719915" lon="10.7633043" /><node id="-6908" lat="34.7720534" lon="10.7633094" /><node id="-6909" lat="34.7705994" lon="10.7676926" /><node id="-6910" lat="34.7695833" lon="10.7687381" /><node id="-6911" lat="34.7698003" lon="10.7690514" /><node id="-6912" lat="34.7698454" lon="10.7691165" /><node id="-6913" lat="34.7698982" lon="10.7691757" /><node id="-6914" lat="34.7702067" lon="10.7694683" /><node id="-6915" lat="34.7703562" lon="10.7696017" /><node id="-6916" lat="34.7704272" lon="10.7697013" /><node id="-6917" lat="34.7702656" lon="10.7680378" /><node id="-6918" lat="34.770566" lon="10.7684698" /><node id="-6919" lat="34.7718744" lon="10.7673422" /><node id="-6920" lat="34.7710506" lon="10.7672439" /><node id="-6921" lat="34.7714951" lon="10.7677575" /><node id="-6922" lat="34.7718074" lon="10.7681416" /><node id="-6923" lat="34.7701758" lon="10.7688917" /><node id="-6924" lat="34.7706533" lon="10.7683902" /><node id="-6925" lat="34.7714105" lon="10.7680349" /><node id="-6926" lat="34.7710905" lon="10.7682577" /><node id="-6927" lat="34.7705477" lon="10.7689907" /><node id="-6928" lat="34.7706362" lon="10.7676559" /><node id="-6929" lat="34.7698705" lon="10.7684483" /><node id="-6930" lat="34.7704726" lon="10.7692576" /><node id="-6931" lat="34.7708202" lon="10.7697093" /><node id="-6932" lat="34.7771222" lon="10.7610781" /><node id="-6933" lat="34.7772896" lon="10.7618946" /><node id="-6934" lat="34.7773094" lon="10.7619723" /><node id="-6935" lat="34.777316" lon="10.7619978" /><node id="-6936" lat="34.7773174" lon="10.7620212" /><node id="-6937" lat="34.7773171" lon="10.7620346" /><node id="-6938" lat="34.7773155" lon="10.7620446" /><node id="-6939" lat="34.777307" lon="10.7620655" /><node id="-6940" lat="34.777293" lon="10.7620878" /><node id="-6941" lat="34.7772805" lon="10.762107" /><node id="-6942" lat="34.7772664" lon="10.7621332" /><node id="-6943" lat="34.7772631" lon="10.7621519" /><node id="-6944" lat="34.7772642" lon="10.7621707" /><node id="-6945" lat="34.7772741" lon="10.7621962" /><node id="-6946" lat="34.7775164" lon="10.7630018" /><node id="-6947" lat="34.7776287" lon="10.7633247" /><node id="-6948" lat="34.7776661" lon="10.7634321" /><node id="-6949" lat="34.7778423" lon="10.7638504" /><node id="-6950" lat="34.7786422" lon="10.7669453" /><node id="-6951" lat="34.7783025" lon="10.7671789" /><node id="-6952" lat="34.7777586" lon="10.7676078" /><node id="-6953" lat="34.7796177" lon="10.7656024" /><node id="-6954" lat="34.7793662" lon="10.7657184" /><node id="-6955" lat="34.7792274" lon="10.7657948" /><node id="-6956" lat="34.7787617" lon="10.7660716" /><node id="-6957" lat="34.778455" lon="10.7662673" /><node id="-6958" lat="34.7783692" lon="10.7663023" /><node id="-6959" lat="34.7782712" lon="10.7663397" /><node id="-6960" lat="34.7779436" lon="10.7665126" /><node id="-6961" lat="34.7774195" lon="10.7668625" /><node id="-6962" lat="34.7767148" lon="10.7671172" /><node id="-6963" lat="34.7767206" lon="10.7671521" /><node id="-6964" lat="34.7767214" lon="10.7671869" /><node id="-6965" lat="34.7767192" lon="10.7672271" /><node id="-6966" lat="34.7767132" lon="10.7672607" /><node id="-6967" lat="34.7767016" lon="10.7672918" /><node id="-6968" lat="34.7766915" lon="10.7673091" /><node id="-6969" lat="34.7766741" lon="10.767333" /><node id="-6970" lat="34.7762497" lon="10.7675826" /><node id="-6971" lat="34.7767378" lon="10.7684795" /><node id="-6972" lat="34.7768608" lon="10.7684193" /><node id="-6973" lat="34.7769445" lon="10.7685027" /><node id="-6974" lat="34.7770301" lon="10.7686411" /><node id="-6975" lat="34.7771323" lon="10.7686391" /><node id="-6976" lat="34.7772145" lon="10.7687708" /><node id="-6977" lat="34.777267" lon="10.7687775" /><node id="-6978" lat="34.7776036" lon="10.7684957" /><node id="-6979" lat="34.7758155" lon="10.7691738" /><node id="-6980" lat="34.7757572" lon="10.7692146" /><node id="-6981" lat="34.7757403" lon="10.7692279" /><node id="-6982" lat="34.7757314" lon="10.7692368" /><node id="-6983" lat="34.7757245" lon="10.7692476" /><node id="-6984" lat="34.7757221" lon="10.769253" /><node id="-6985" lat="34.7757192" lon="10.7692693" /><node id="-6986" lat="34.7757196" lon="10.769285" /><node id="-6987" lat="34.7757245" lon="10.7693077" /><node id="-6988" lat="34.7757568" lon="10.7693835" /><node id="-6989" lat="34.7759343" lon="10.7697517" /><node id="-6990" lat="34.7747407" lon="10.7687662" /><node id="-6991" lat="34.7745531" lon="10.7640886" /><node id="-6992" lat="34.7745798" lon="10.7643406" /><node id="-6993" lat="34.7745895" lon="10.7643899" /><node id="-6994" lat="34.7746024" lon="10.7644273" /><node id="-6995" lat="34.7746178" lon="10.7644411" /><node id="-6996" lat="34.7746299" lon="10.764444" /><node id="-6997" lat="34.7746695" lon="10.7644312" /><node id="-6998" lat="34.7749874" lon="10.7643022" /><node id="-6999" lat="34.7750051" lon="10.7682204" /><node id="-7000" lat="34.7747636" lon="10.7677128" /><node id="-7001" lat="34.7747704" lon="10.7676404" /><node id="-7002" lat="34.7756636" lon="10.7604835" /><node id="-7003" lat="34.7763389" lon="10.7604405" /><node id="-7004" lat="34.7764766" lon="10.7604083" /><node id="-7005" lat="34.776503" lon="10.7603896" /><node id="-7006" lat="34.7765129" lon="10.7603668" /><node id="-7007" lat="34.776514" lon="10.7603373" /><node id="-7008" lat="34.7765019" lon="10.7602742" /><node id="-7009" lat="34.7764303" lon="10.7600476" /><node id="-7010" lat="34.7705184" lon="10.7590594" /><node id="-7011" lat="34.7706779" lon="10.7589583" /><node id="-7012" lat="34.7707506" lon="10.7589077" /><node id="-7013" lat="34.770799" lon="10.7588701" /><node id="-7014" lat="34.7744965" lon="10.7678446" /><node id="-7015" lat="34.7731703" lon="10.7688561" /><node id="-7016" lat="34.7725364" lon="10.7703952" /><node id="-7017" lat="34.7725097" lon="10.7703432" /><node id="-7018" lat="34.7724585" lon="10.7702132" /><node id="-7019" lat="34.772388" lon="10.7700596" /><node id="-7020" lat="34.771645" lon="10.7687292" /><node id="-7021" lat="34.7773441" lon="10.7665229" /><node id="-7022" lat="34.7782021" lon="10.7659613" /><node id="-7023" lat="34.7787038" lon="10.76341" /><node id="-7024" lat="34.7784913" lon="10.7635183" /><node id="-7025" lat="34.7784293" lon="10.7635519" /><node id="-7026" lat="34.7784063" lon="10.7635671" /><node id="-7027" lat="34.7783976" lon="10.7635811" /><node id="-7028" lat="34.7783933" lon="10.763592" /><node id="-7029" lat="34.7783918" lon="10.7636043" /><node id="-7030" lat="34.7783943" lon="10.763628" /><node id="-7031" lat="34.7782926" lon="10.7661363" /><node id="-7032" lat="34.7785468" lon="10.7667222" /><node id="-7033" lat="34.7787947" lon="10.7673139" /><node id="-7034" lat="34.7796922" lon="10.7669754" /><node id="-7035" lat="34.780514" lon="10.7689589" /><node id="-7036" lat="34.7806045" lon="10.769142" /><node id="-7037" lat="34.7796718" lon="10.7668449" /><node id="-7038" lat="34.7795239" lon="10.7663139" /><node id="-7039" lat="34.7795375" lon="10.7662458" /><node id="-7040" lat="34.7798456" lon="10.7660463" /><node id="-7041" lat="34.7798791" lon="10.7659422" /><node id="-7042" lat="34.7802476" lon="10.7657901" /><node id="-7043" lat="34.7764859" lon="10.7655743" /><node id="-7044" lat="34.7766869" lon="10.7644663" /><node id="-7045" lat="34.7766772" lon="10.7644967" /><node id="-7046" lat="34.7766565" lon="10.7645701" /><node id="-7047" lat="34.7766342" lon="10.7646023" /><node id="-7048" lat="34.7764955" lon="10.7647249" /><node id="-7049" lat="34.7764765" lon="10.764748" /><node id="-7050" lat="34.7764666" lon="10.7647691" /><node id="-7051" lat="34.7764641" lon="10.7648033" /><node id="-7052" lat="34.7764757" lon="10.7648395" /><node id="-7053" lat="34.7765112" lon="10.764938" /><node id="-7054" lat="34.7761099" lon="10.7642595" /><node id="-7055" lat="34.7762156" lon="10.7644882" /><node id="-7056" lat="34.7761083" lon="10.764557" /><node id="-7057" lat="34.7759299" lon="10.7643741" /><node id="-7058" lat="34.7769373" lon="10.763442" /><node id="-7059" lat="34.7780382" lon="10.7609717" /><node id="-7060" lat="34.778042" lon="10.7613966" /><node id="-7061" lat="34.7780461" lon="10.7614665" /><node id="-7062" lat="34.7780536" lon="10.7615072" /><node id="-7063" lat="34.7780668" lon="10.7615273" /><node id="-7064" lat="34.7781175" lon="10.7615489" /><node id="-7065" lat="34.7781365" lon="10.761562" /><node id="-7066" lat="34.7781625" lon="10.7615956" /><node id="-7067" lat="34.7782104" lon="10.7617102" /><node id="-7068" lat="34.7783029" lon="10.7620862" /><node id="-7069" lat="34.7783058" lon="10.7621088" /><node id="-7070" lat="34.7783037" lon="10.7621425" /><node id="-7071" lat="34.778293" lon="10.7621887" /><node id="-7072" lat="34.7782724" lon="10.7622229" /><node id="-7073" lat="34.7782443" lon="10.7622772" /><node id="-7074" lat="34.778241" lon="10.7623264" /><node id="-7075" lat="34.7782509" lon="10.7623837" /><node id="-7076" lat="34.7782913" lon="10.7625456" /><node id="-7077" lat="34.7790972" lon="10.7636908" /><node id="-7078" lat="34.7800067" lon="10.7644602" /><node id="-7079" lat="34.7799985" lon="10.7644978" /><node id="-7080" lat="34.7799771" lon="10.7645323" /><node id="-7081" lat="34.7798643" lon="10.7646114" /><node id="-7082" lat="34.7798416" lon="10.7646464" /><node id="-7083" lat="34.7798311" lon="10.7646848" /><node id="-7084" lat="34.7798262" lon="10.7647056" /><node id="-7085" lat="34.7798284" lon="10.7647279" /><node id="-7086" lat="34.7798993" lon="10.7649003" /><node id="-7087" lat="34.779912" lon="10.7649535" /><node id="-7088" lat="34.7799166" lon="10.7650048" /><node id="-7089" lat="34.7799104" lon="10.7650416" /><node id="-7090" lat="34.7798937" lon="10.7650851" /><node id="-7091" lat="34.7798569" lon="10.7651165" /><node id="-7092" lat="34.7798395" lon="10.7651512" /><node id="-7093" lat="34.7798303" lon="10.7651915" /><node id="-7094" lat="34.7798303" lon="10.7652598" /><node id="-7095" lat="34.7798404" lon="10.7653236" /><node id="-7096" lat="34.7798956" lon="10.7654681" /><node id="-7097" lat="34.7799379" lon="10.7655633" /><node id="-7098" lat="34.7742431" lon="10.7664748" /><node id="-7099" lat="34.7744613" lon="10.7672631" /><node id="-7100" lat="34.7729579" lon="10.7685003" /><node id="-7101" lat="34.7708771" lon="10.7655825" /><node id="-7102" lat="34.7708006" lon="10.7656197" /><node id="-7103" lat="34.7763248" lon="10.7617762" /><node id="-7104" lat="34.7795871" lon="10.7638668" /><node id="-7105" lat="34.7795687" lon="10.7639036" /><node id="-7106" lat="34.7795647" lon="10.7639437" /><node id="-7107" lat="34.77957" lon="10.7639853" /><node id="-7108" lat="34.7795733" lon="10.7640125" /><node id="-7109" lat="34.779569" lon="10.764033" /><node id="-7110" lat="34.7795614" lon="10.7640562" /><node id="-7111" lat="34.7795374" lon="10.764091" /><node id="-7112" lat="34.7794042" lon="10.7642095" /><node id="-7113" lat="34.7791898" lon="10.7663093" /><node id="-7114" lat="34.7744604" lon="10.7682777" /><node id="-7115" lat="34.7744867" lon="10.7682649" /><node id="-7116" lat="34.7745011" lon="10.7682657" /><node id="-7117" lat="34.774514" lon="10.7682737" /><node id="-7118" lat="34.7745255" lon="10.7682857" /><node id="-7119" lat="34.7745791" lon="10.7684091" /><node id="-7120" lat="34.7746024" lon="10.7684515" /><node id="-7121" lat="34.7746107" lon="10.7684633" /><node id="-7122" lat="34.7746215" lon="10.7684731" /><node id="-7123" lat="34.774634" lon="10.7684787" /><node id="-7124" lat="34.7746455" lon="10.7684787" /><node id="-7125" lat="34.7746592" lon="10.7684741" /><node id="-7126" lat="34.7747629" lon="10.7684099" /><node id="-7127" lat="34.7749734" lon="10.7693332" /><node id="-7128" lat="34.7750274" lon="10.7692948" /><node id="-7129" lat="34.7703075" lon="10.763171" /><node id="-7130" lat="34.7701161" lon="10.7632606" /><node id="-7131" lat="34.7758845" lon="10.7682" /><node id="-7132" lat="34.7758772" lon="10.7682817" /><node id="-7133" lat="34.775872" lon="10.7683178" /><node id="-7134" lat="34.7758667" lon="10.768337" /><node id="-7135" lat="34.7758486" lon="10.768363" /><node id="-7136" lat="34.775824" lon="10.7683818" /><node id="-7137" lat="34.775476" lon="10.7686037" /><node id="-7138" lat="34.7754286" lon="10.7686409" /><node id="-7139" lat="34.7754214" lon="10.7686601" /><node id="-7140" lat="34.7754181" lon="10.7686853" /><node id="-7141" lat="34.7754181" lon="10.7687174" /><node id="-7142" lat="34.775501" lon="10.7689368" /><node id="-7143" lat="34.7773559" lon="10.7645827" /><node id="-7144" lat="34.777377" lon="10.7645755" /><node id="-7145" lat="34.7773908" lon="10.7645779" /><node id="-7146" lat="34.7774092" lon="10.7645923" /><node id="-7147" lat="34.7774901" lon="10.7647181" /><node id="-7148" lat="34.7773224" lon="10.7640061" /><node id="-7149" lat="34.7781597" lon="10.7630564" /><node id="-7150" lat="34.778211" lon="10.7630307" /><node id="-7151" lat="34.7782452" lon="10.7630323" /><node id="-7152" lat="34.7782663" lon="10.7630435" /><node id="-7153" lat="34.778284" lon="10.7630616" /><node id="-7154" lat="34.7783018" lon="10.7631044" /><node id="-7155" lat="34.7783728" lon="10.763319" /><node id="-7156" lat="34.7795204" lon="10.7670244" /><node id="-7157" lat="34.7790079" lon="10.7606531" /><node id="-7158" lat="34.7790142" lon="10.760811" /><node id="-7159" lat="34.7787221" lon="10.7608999" /><node id="-7160" lat="34.7782673" lon="10.7609441" /><node id="-7161" lat="34.7775549" lon="10.7610272" /><node id="-7162" lat="34.7768106" lon="10.761105" /><node id="-7163" lat="34.7761885" lon="10.7611774" /><node id="-7164" lat="34.7747509" lon="10.7613477" /><node id="-7165" lat="34.7735965" lon="10.7669025" /><node id="-7166" lat="34.8337874" lon="10.7627472" /><node id="-7167" lat="34.8346152" lon="10.76196" /><node id="-7168" lat="34.8345965" lon="10.7620029" /><node id="-7169" lat="34.8345601" lon="10.7620472" /><node id="-7170" lat="34.8345042" lon="10.762098" /><node id="-7171" lat="34.834537" lon="10.7621679" /><node id="-7172" lat="34.8345822" lon="10.762137" /><node id="-7173" lat="34.8346273" lon="10.7621182" /><node id="-7174" lat="34.8346834" lon="10.7621142" /><node id="-7175" lat="34.8383751" lon="10.7608305" /><node id="-7176" lat="34.8372365" lon="10.7600353" /><node id="-7177" lat="34.8066207" lon="10.7655098" /><node id="-7178" lat="34.8068636" lon="10.7652926" /><node id="-7179" lat="34.8071042" lon="10.76507" /><node id="-7180" lat="34.8090367" lon="10.76323" /><node id="-7181" lat="34.8091413" lon="10.763222" /><node id="-7182" lat="34.8092106" lon="10.7632173" /><node id="-7183" lat="34.8092503" lon="10.7632126" /><node id="-7184" lat="34.836973" lon="10.7681867" /><node id="-7185" lat="34.8369466" lon="10.7682484" /><node id="-7186" lat="34.8369026" lon="10.7683182" /><node id="-7187" lat="34.8368431" lon="10.7683611" /><node id="-7188" lat="34.8366846" lon="10.7684684" /><node id="-7189" lat="34.8365569" lon="10.7685488" /><node id="-7190" lat="34.8365129" lon="10.7685783" /><node id="-7191" lat="34.8364909" lon="10.7686186" /><node id="-7192" lat="34.8364887" lon="10.7686722" /><node id="-7193" lat="34.8365041" lon="10.768742" /><node id="-7194" lat="34.8367529" lon="10.7692167" /><node id="-7195" lat="34.8367859" lon="10.7692811" /><node id="-7196" lat="34.8367903" lon="10.7693428" /><node id="-7197" lat="34.8328759" lon="10.76713" /><node id="-7198" lat="34.8329056" lon="10.7671179" /><node id="-7199" lat="34.832931" lon="10.7671112" /><node id="-7200" lat="34.8329571" lon="10.7671105" /><node id="-7201" lat="34.8329772" lon="10.7671192" /><node id="-7202" lat="34.8330033" lon="10.767144" /><node id="-7203" lat="34.8330256" lon="10.7671729" /><node id="-7204" lat="34.8332524" lon="10.7676128" /><node id="-7205" lat="34.8332656" lon="10.7676386" /><node id="-7206" lat="34.833281" lon="10.7676557" /><node id="-7207" lat="34.8333039" lon="10.7676597" /><node id="-7208" lat="34.833325" lon="10.7676557" /><node id="-7209" lat="34.8333801" lon="10.7676315" /><node id="-7210" lat="34.8335738" lon="10.7674894" /><node id="-7211" lat="34.8345805" lon="10.7648957" /><node id="-7212" lat="34.8355002" lon="10.7679963" /><node id="-7213" lat="34.8354452" lon="10.7680231" /><node id="-7214" lat="34.8353813" lon="10.7680312" /><node id="-7215" lat="34.8353241" lon="10.7680285" /><node id="-7216" lat="34.8352778" lon="10.7680526" /><node id="-7217" lat="34.8348904" lon="10.7683825" /><node id="-7218" lat="34.8348221" lon="10.7684335" /><node id="-7219" lat="34.8347891" lon="10.7684737" /><node id="-7220" lat="34.8347781" lon="10.7684972" /><node id="-7221" lat="34.8347759" lon="10.7685247" /><node id="-7222" lat="34.834783" lon="10.7685549" /><node id="-7223" lat="34.8347935" lon="10.768581" /><node id="-7224" lat="34.8348375" lon="10.7686669" /><node id="-7225" lat="34.8348403" lon="10.7686903" /><node id="-7226" lat="34.8348331" lon="10.7687125" /><node id="-7227" lat="34.8348177" lon="10.7687272" /><node id="-7228" lat="34.8347825" lon="10.7687527" /><node id="-7229" lat="34.8344853" lon="10.7690021" /><node id="-7230" lat="34.8338754" lon="10.7663923" /><node id="-7231" lat="34.8339041" lon="10.7665238" /><node id="-7232" lat="34.833931" lon="10.7665817" /><node id="-7233" lat="34.833882" lon="10.7666177" /><node id="-7234" lat="34.8338336" lon="10.7666472" /><node id="-7235" lat="34.8337433" lon="10.7666928" /><node id="-7236" lat="34.8336773" lon="10.766733" /><node id="-7237" lat="34.8336531" lon="10.7667732" /><node id="-7238" lat="34.8336531" lon="10.7668161" /><node id="-7239" lat="34.8336685" lon="10.7668671" /><node id="-7240" lat="34.8337015" lon="10.7669315" /><node id="-7241" lat="34.8341308" lon="10.7675377" /><node id="-7242" lat="34.8343422" lon="10.7674679" /><node id="-7243" lat="34.8342871" lon="10.7675189" /><node id="-7244" lat="34.8342497" lon="10.7675537" /><node id="-7245" lat="34.8342189" lon="10.7675698" /><node id="-7246" lat="34.8341793" lon="10.7675779" /><node id="-7247" lat="34.8312401" lon="10.7625353" /><node id="-7248" lat="34.8312445" lon="10.7670978" /><node id="-7249" lat="34.8307141" lon="10.7675246" /><node id="-7250" lat="34.8361012" lon="10.7646868" /><node id="-7251" lat="34.8318588" lon="10.7660034" /><node id="-7252" lat="34.8317883" lon="10.7660463" /><node id="-7253" lat="34.8317663" lon="10.7660893" /><node id="-7254" lat="34.8317575" lon="10.7661402" /><node id="-7255" lat="34.8318213" lon="10.7663146" /><node id="-7256" lat="34.8318191" lon="10.7663789" /><node id="-7257" lat="34.8317795" lon="10.7664192" /><node id="-7258" lat="34.8312071" lon="10.7667705" /><node id="-7259" lat="34.8315593" lon="10.7672909" /><node id="-7260" lat="34.8315329" lon="10.767779" /><node id="-7261" lat="34.8315615" lon="10.7677576" /><node id="-7262" lat="34.831577" lon="10.7677174" /><node id="-7263" lat="34.8315703" lon="10.7676664" /><node id="-7264" lat="34.8315483" lon="10.7676288" /><node id="-7265" lat="34.8309671" lon="10.7665426" /><node id="-7266" lat="34.8309297" lon="10.7665104" /><node id="-7267" lat="34.8308856" lon="10.766513" /><node id="-7268" lat="34.8308372" lon="10.7665452" /><node id="-7269" lat="34.8304849" lon="10.7668269" /><node id="-7270" lat="34.8304255" lon="10.7668778" /><node id="-7271" lat="34.8303925" lon="10.7669181" /><node id="-7272" lat="34.8303859" lon="10.7669583" /><node id="-7273" lat="34.8304057" lon="10.7670307" /><node id="-7274" lat="34.8358546" lon="10.7621507" /><node id="-7275" lat="34.8358392" lon="10.7621966" /><node id="-7276" lat="34.8358348" lon="10.762251" /><node id="-7277" lat="34.8366256" lon="10.763674" /><node id="-7278" lat="34.8366789" lon="10.7636923" /><node id="-7279" lat="34.8367398" lon="10.7636684" /><node id="-7280" lat="34.8378866" lon="10.7611629" /><node id="-7281" lat="34.8392406" lon="10.7619184" /><node id="-7282" lat="34.8390319" lon="10.7619727" /><node id="-7283" lat="34.8388443" lon="10.7620562" /><node id="-7284" lat="34.8385946" lon="10.7621932" /><node id="-7285" lat="34.8097292" lon="10.7651355" /><node id="-7286" lat="34.8100143" lon="10.7650041" /><node id="-7287" lat="34.809066" lon="10.7681276" /><node id="-7288" lat="34.8092736" lon="10.7679679" /><node id="-7289" lat="34.8093379" lon="10.7679253" /><node id="-7290" lat="34.8094221" lon="10.7679096" /><node id="-7291" lat="34.8095086" lon="10.7679315" /><node id="-7292" lat="34.8095657" lon="10.7679714" /><node id="-7293" lat="34.8096148" lon="10.7680335" /><node id="-7294" lat="34.8096803" lon="10.7681344" /><node id="-7295" lat="34.8097392" lon="10.7682303" /><node id="-7296" lat="34.8098267" lon="10.7683852" /><node id="-7297" lat="34.8099027" lon="10.7685428" /><node id="-7298" lat="34.8099756" lon="10.76869" /><node id="-7299" lat="34.810037" lon="10.7688587" /><node id="-7300" lat="34.8066109" lon="10.760403" /><node id="-7301" lat="34.8075865" lon="10.7631831" /><node id="-7302" lat="34.80566" lon="10.7630114" /><node id="-7303" lat="34.8058913" lon="10.7628277" /><node id="-7304" lat="34.805905" lon="10.7628069" /><node id="-7305" lat="34.8059353" lon="10.7627124" /><node id="-7306" lat="34.8059405" lon="10.7626872" /><node id="-7307" lat="34.8059623" lon="10.7626379" /><node id="-7308" lat="34.8059953" lon="10.7625997" /><node id="-7309" lat="34.8060259" lon="10.7625776" /><node id="-7310" lat="34.8060413" lon="10.7625672" /><node id="-7311" lat="34.8060565" lon="10.7625591" /><node id="-7312" lat="34.806063" lon="10.7625596" /><node id="-7313" lat="34.8060677" lon="10.7625658" /><node id="-7314" lat="34.8062879" lon="10.7630213" /><node id="-7315" lat="34.805089" lon="10.7608912" /><node id="-7316" lat="34.8056513" lon="10.7605104" /><node id="-7317" lat="34.7573595" lon="10.7585187" /><node id="-7318" lat="34.7576234" lon="10.7584383" /><node id="-7319" lat="34.7578432" lon="10.7583165" /><node id="-7320" lat="34.7570999" lon="10.7586058" /><node id="-7321" lat="34.7572031" lon="10.7585677" /><node id="-7322" lat="34.757414" lon="10.7586448" /><node id="-7323" lat="34.7574603" lon="10.7587635" /><node id="-7324" lat="34.7575066" lon="10.7589197" /><node id="-7325" lat="34.7575694" lon="10.7591584" /><node id="-7326" lat="34.7576994" lon="10.7595822" /><node id="-7327" lat="34.7516161" lon="10.7591102" /><node id="-7328" lat="34.8392599" lon="10.7590077" /><node id="-7329" lat="34.8393869" lon="10.7592577" /><node id="-7330" lat="34.8395862" lon="10.759601" /><node id="-7331" lat="34.8392075" lon="10.7600006" /><node id="-7332" lat="34.8389136" lon="10.7594709" /><node id="-7333" lat="34.8065371" lon="10.765227" /><node id="-7334" lat="34.806139" lon="10.7656601" /><node id="-7335" lat="34.8017183" lon="10.7658982" /><node id="-7336" lat="34.801824" lon="10.7657486" /><node id="-7337" lat="34.8018835" lon="10.7656896" /><node id="-7338" lat="34.801917" lon="10.7656588" /><node id="-7339" lat="34.801955" lon="10.765638" /><node id="-7340" lat="34.8020663" lon="10.7655676" /><node id="-7341" lat="34.8022276" lon="10.7654998" /><node id="-7342" lat="34.8023504" lon="10.765463" /><node id="-7343" lat="34.8024032" lon="10.7654321" /><node id="-7344" lat="34.8024352" lon="10.7653946" /><node id="-7345" lat="34.8025045" lon="10.7653074" /><node id="-7346" lat="34.8052586" lon="10.7648635" /><node id="-7347" lat="34.8050411" lon="10.7645255" /><node id="-7348" lat="34.8048837" lon="10.7642379" /><node id="-7349" lat="34.8061922" lon="10.7638769" /><node id="-7350" lat="34.8056551" lon="10.7644142" /><node id="-7351" lat="34.8054453" lon="10.7646288" /><node id="-7352" lat="34.8053214" lon="10.7647763" /><node id="-7353" lat="34.8051496" lon="10.7650345" /><node id="-7354" lat="34.8050472" lon="10.7651813" /><node id="-7355" lat="34.8050092" lon="10.7652531" /><node id="-7356" lat="34.8050109" lon="10.7652819" /><node id="-7357" lat="34.8050224" lon="10.7653054" /><node id="-7358" lat="34.8050984" lon="10.76541" /><node id="-7359" lat="34.8051909" lon="10.7655159" /><node id="-7360" lat="34.8052465" lon="10.7655589" /><node id="-7361" lat="34.8053561" lon="10.7655904" /><node id="-7362" lat="34.8054271" lon="10.7656232" /><node id="-7363" lat="34.805557" lon="10.7656749" /><node id="-7364" lat="34.8057442" lon="10.7658049" /><node id="-7365" lat="34.805774" lon="10.7658184" /><node id="-7366" lat="34.8058081" lon="10.7658184" /><node id="-7367" lat="34.805981" lon="10.7657687" /><node id="-7368" lat="34.8039448" lon="10.7672183" /><node id="-7369" lat="34.8031863" lon="10.7679402" /><node id="-7370" lat="34.8044107" lon="10.7670917" /><node id="-7371" lat="34.8041456" lon="10.7673411" /><node id="-7372" lat="34.8040336" lon="10.7673405" /><node id="-7373" lat="34.803568" lon="10.7667017" /><node id="-7374" lat="34.8034659" lon="10.7665157" /><node id="-7375" lat="34.8034307" lon="10.7664634" /><node id="-7376" lat="34.8038381" lon="10.76611" /><node id="-7377" lat="34.8039196" lon="10.7662153" /><node id="-7378" lat="34.8040055" lon="10.7663481" /><node id="-7379" lat="34.8040396" lon="10.7664232" /><node id="-7380" lat="34.8040694" lon="10.7665345" /><node id="-7381" lat="34.8041167" lon="10.7666525" /><node id="-7382" lat="34.8041828" lon="10.7667518" /><node id="-7383" lat="34.8044074" lon="10.7670569" /><node id="-7384" lat="34.8096539" lon="10.7649379" /><node id="-7385" lat="34.8096478" lon="10.7649121" /><node id="-7386" lat="34.8096486" lon="10.7648846" /><node id="-7387" lat="34.8096618" lon="10.7648632" /><node id="-7388" lat="34.8096797" lon="10.7648514" /><node id="-7389" lat="34.8097392" lon="10.7648528" /><node id="-7390" lat="34.8097854" lon="10.7648514" /><node id="-7391" lat="34.8098196" lon="10.7648273" /><node id="-7392" lat="34.8098713" lon="10.7647227" /><node id="-7393" lat="34.8099198" lon="10.7646087" /><node id="-7394" lat="34.8077572" lon="10.7665841" /><node id="-7395" lat="34.8077963" lon="10.766556" /><node id="-7396" lat="34.807832" lon="10.766558" /><node id="-7397" lat="34.8078706" lon="10.7665613" /><node id="-7398" lat="34.8079422" lon="10.7665989" /><node id="-7399" lat="34.8082207" lon="10.7670535" /><node id="-7400" lat="34.8082609" lon="10.7670823" /><node id="-7401" lat="34.8083077" lon="10.7670964" /><node id="-7402" lat="34.8083512" lon="10.7671253" /><node id="-7403" lat="34.8083749" lon="10.7671615" /><node id="-7404" lat="34.8084536" lon="10.7673318" /><node id="-7405" lat="34.8085819" lon="10.7675423" /><node id="-7406" lat="34.8086662" lon="10.7677073" /><node id="-7407" lat="34.8087994" lon="10.7679038" /><node id="-7408" lat="34.8075722" lon="10.7661831" /><node id="-7409" lat="34.8062923" lon="10.7663418" /><node id="-7410" lat="34.8066351" lon="10.7655763" /><node id="-7411" lat="34.8065586" lon="10.765648" /><node id="-7412" lat="34.8064765" lon="10.7657486" /><node id="-7413" lat="34.8064611" lon="10.7657935" /><node id="-7414" lat="34.8064297" lon="10.7658935" /><node id="-7415" lat="34.8063747" lon="10.76598" /><node id="-7416" lat="34.8351788" lon="10.7634473" /><node id="-7417" lat="34.8367014" lon="10.7648319" /><node id="-7418" lat="34.7546661" lon="10.7582813" /><node id="-7419" lat="34.7598013" lon="10.7573371" /><node id="-7420" lat="34.7596695" lon="10.7575032" /><node id="-7421" lat="34.759562" lon="10.7575883" /><node id="-7422" lat="34.7593798" lon="10.7577149" /><node id="-7423" lat="34.7591552" lon="10.7578649" /><node id="-7424" lat="34.7591227" lon="10.75795" /><node id="-7425" lat="34.7590412" lon="10.7580456" /><node id="-7426" lat="34.7589229" lon="10.7581713" /><node id="-7427" lat="34.7587786" lon="10.7582857" /><node id="-7428" lat="34.758553" lon="10.7584145" /><node id="-7429" lat="34.7583504" lon="10.7584965" /><node id="-7430" lat="34.756916" lon="10.758274" /><node id="-7431" lat="34.7569516" lon="10.7582624" /><node id="-7432" lat="34.7569911" lon="10.7582791" /><node id="-7433" lat="34.801549" lon="10.7669395" /><node id="-7434" lat="34.8014562" lon="10.7670763" /><node id="-7435" lat="34.8012048" lon="10.7666118" /><node id="-7436" lat="34.8011687" lon="10.7666536" /><node id="-7437" lat="34.8011632" lon="10.7667446" /><node id="-7438" lat="34.8012726" lon="10.7668771" /><node id="-7439" lat="34.8012763" lon="10.7669651" /><node id="-7440" lat="34.8011826" lon="10.7671408" /><node id="-7441" lat="34.8010113" lon="10.7674154" /><node id="-7442" lat="34.8009176" lon="10.7675303" /><node id="-7443" lat="34.8008163" lon="10.7675708" /><node id="-7444" lat="34.8007067" lon="10.7677178" /><node id="-7445" lat="34.8005978" lon="10.7676376" /><node id="-7446" lat="34.8031039" lon="10.7679446" /><node id="-7447" lat="34.8030276" lon="10.7680522" /><node id="-7448" lat="34.8029642" lon="10.7681734" /><node id="-7449" lat="34.8029257" lon="10.7682487" /><node id="-7450" lat="34.8029696" lon="10.7683545" /><node id="-7451" lat="34.8031631" lon="10.768628" /><node id="-7452" lat="34.8031785" lon="10.7686695" /><node id="-7453" lat="34.8031785" lon="10.7687098" /><node id="-7454" lat="34.8031609" lon="10.7687446" /><node id="-7455" lat="34.8030496" lon="10.7688653" /><node id="-7456" lat="34.8038855" lon="10.768683" /><node id="-7457" lat="34.8034466" lon="10.769144" /><node id="-7458" lat="34.8034337" lon="10.7691954" /><node id="-7459" lat="34.8033054" lon="10.7693305" /><node id="-7460" lat="34.8059446" lon="10.7688046" /><node id="-7461" lat="34.8059415" lon="10.7687091" /><node id="-7462" lat="34.8056869" lon="10.7683971" /><node id="-7463" lat="34.8057513" lon="10.7683271" /><node id="-7464" lat="34.8063837" lon="10.7673292" /><node id="-7465" lat="34.8064969" lon="10.7676194" /><node id="-7466" lat="34.8065229" lon="10.7677324" /><node id="-7467" lat="34.8068428" lon="10.7682402" /><node id="-7468" lat="34.8070901" lon="10.7676704" /><node id="-7469" lat="34.8070364" lon="10.7676645" /><node id="-7470" lat="34.8069384" lon="10.7675244" /><node id="-7471" lat="34.8067309" lon="10.7677254" /><node id="-7472" lat="34.8032441" lon="10.7616023" /><node id="-7473" lat="34.8032446" lon="10.7617521" /><node id="-7474" lat="34.8032446" lon="10.7619271" /><node id="-7475" lat="34.8032435" lon="10.7619369" /><node id="-7476" lat="34.8032368" lon="10.7619452" /><node id="-7477" lat="34.8031289" lon="10.7620277" /><node id="-7478" lat="34.8058641" lon="10.7633722" /><node id="-7479" lat="34.8061858" lon="10.7630879" /><node id="-7480" lat="34.8063796" lon="10.7629699" /><node id="-7481" lat="34.8065162" lon="10.7628974" /><node id="-7482" lat="34.8065855" lon="10.7628585" /><node id="-7483" lat="34.8067854" lon="10.7627392" /><node id="-7484" lat="34.8062886" lon="10.7641165" /><node id="-7485" lat="34.8066483" lon="10.7638087" /><node id="-7486" lat="34.8099225" lon="10.7669241" /><node id="-7487" lat="34.8099457" lon="10.766965" /><node id="-7488" lat="34.8099776" lon="10.7670126" /><node id="-7489" lat="34.8099936" lon="10.7670461" /><node id="-7490" lat="34.8099947" lon="10.7670924" /><node id="-7491" lat="34.8099864" lon="10.7671279" /><node id="-7492" lat="34.8099379" lon="10.7671923" /><node id="-7493" lat="34.8098113" lon="10.7673633" /><node id="-7494" lat="34.8097739" lon="10.7674123" /><node id="-7495" lat="34.8097662" lon="10.7674478" /><node id="-7496" lat="34.8097706" lon="10.767478" /><node id="-7497" lat="34.8098372" lon="10.7675913" /><node id="-7498" lat="34.8089651" lon="10.7608556" /><node id="-7499" lat="34.8087471" lon="10.7608241" /><node id="-7500" lat="34.8085984" lon="10.7608013" /><node id="-7501" lat="34.8084982" lon="10.7607865" /><node id="-7502" lat="34.8083397" lon="10.7608053" /><node id="-7503" lat="34.8038646" lon="10.7600899" /><node id="-7504" lat="34.8040794" lon="10.7599018" /><node id="-7505" lat="34.8026879" lon="10.7603459" /><node id="-7506" lat="34.8025425" lon="10.7601307" /><node id="-7507" lat="34.8023584" lon="10.7598142" /><node id="-7508" lat="34.8023278" lon="10.7597633" /><node id="-7509" lat="34.8023162" lon="10.7597556" /><node id="-7510" lat="34.802306" lon="10.7597576" /><node id="-7511" lat="34.8022496" lon="10.7597975" /><node id="-7512" lat="34.802034" lon="10.7600094" /><node id="-7513" lat="34.8019782" lon="10.7605109" /><node id="-7514" lat="34.8016262" lon="10.7607911" /><node id="-7515" lat="34.8014021" lon="10.7606771" /><node id="-7516" lat="34.8014118" lon="10.7607864" /><node id="-7517" lat="34.8062945" lon="10.7600616" /><node id="-7518" lat="34.8062086" lon="10.7598362" /><node id="-7519" lat="34.8059978" lon="10.7700231" /><node id="-7520" lat="34.8060424" lon="10.770029" /><node id="-7521" lat="34.806132" lon="10.7701" /><node id="-7522" lat="34.8063312" lon="10.7701891" /><node id="-7523" lat="34.8064171" lon="10.7702507" /><node id="-7524" lat="34.8064688" lon="10.7702741" /><node id="-7525" lat="34.8076085" lon="10.7657365" /><node id="-7526" lat="34.8079256" lon="10.7653972" /><node id="-7527" lat="34.8077841" lon="10.7659893" /><node id="-7528" lat="34.8077914" lon="10.7659991" /><node id="-7529" lat="34.8078009" lon="10.7660041" /><node id="-7530" lat="34.8078081" lon="10.7660058" /><node id="-7531" lat="34.8078296" lon="10.7660078" /><node id="-7532" lat="34.8078521" lon="10.7659997" /><node id="-7533" lat="34.8078885" lon="10.7659662" /><node id="-7534" lat="34.8079851" lon="10.7658532" /><node id="-7535" lat="34.8029351" lon="10.7644082" /><node id="-7536" lat="34.8028266" lon="10.7644746" /><node id="-7537" lat="34.8026378" lon="10.7645852" /><node id="-7538" lat="34.8035457" lon="10.764054" /><node id="-7539" lat="34.8032622" lon="10.7642332" /><node id="-7540" lat="34.8046497" lon="10.7661181" /><node id="-7541" lat="34.8056517" lon="10.7651813" /><node id="-7542" lat="34.8018372" lon="10.7655166" /><node id="-7543" lat="34.8021918" lon="10.7650512" /><node id="-7544" lat="34.7560908" lon="10.7589774" /><node id="-7545" lat="34.7597489" lon="10.7596843" /><node id="-7546" lat="34.7597403" lon="10.7596783" /><node id="-7547" lat="34.7595671" lon="10.7591433" /><node id="-7548" lat="34.759562" lon="10.7590689" /><node id="-7549" lat="34.7595906" lon="10.7589135" /><node id="-7550" lat="34.7595853" lon="10.75884" /><node id="-7551" lat="34.7594678" lon="10.7585454" /><node id="-7552" lat="34.7592052" lon="10.7579353" /><node id="-7553" lat="34.7590315" lon="10.7575625" /><node id="-7554" lat="34.7588748" lon="10.7571571" /><node id="-7555" lat="34.7587287" lon="10.7567157" /><node id="-7556" lat="34.759911" lon="10.7596209" /><node id="-7557" lat="34.7599038" lon="10.7596137" /><node id="-7558" lat="34.7593907" lon="10.7599899" /><node id="-7559" lat="34.7579077" lon="10.7602742" /><node id="-7560" lat="34.757771" lon="10.7598372" /><node id="-7561" lat="34.7577628" lon="10.7598245" /><node id="-7562" lat="34.7577419" lon="10.7598195" /><node id="-7563" lat="34.7572672" lon="10.7600189" /><node id="-7564" lat="34.8013978" lon="10.7650807" /><node id="-7565" lat="34.8014149" lon="10.7641534" /><node id="-7566" lat="34.8016104" lon="10.7644035" /><node id="-7567" lat="34.8016346" lon="10.7644256" /><node id="-7568" lat="34.8016748" lon="10.7644437" /><node id="-7569" lat="34.8017629" lon="10.7644652" /><node id="-7570" lat="34.8018075" lon="10.7644887" /><node id="-7571" lat="34.8018829" lon="10.7645678" /><node id="-7572" lat="34.8019053" lon="10.764583" /><node id="-7573" lat="34.8019325" lon="10.7645946" /><node id="-7574" lat="34.8019534" lon="10.7645939" /><node id="-7575" lat="34.8019798" lon="10.7645959" /><node id="-7576" lat="34.8020018" lon="10.764608" /><node id="-7577" lat="34.8021031" lon="10.7647066" /><node id="-7578" lat="34.8079069" lon="10.7622316" /><node id="-7579" lat="34.8075309" lon="10.7623925" /><node id="-7580" lat="34.8072242" lon="10.7625273" /><node id="-7581" lat="34.8061352" lon="10.7637825" /><node id="-7582" lat="34.8067386" lon="10.7633172" /><node id="-7583" lat="34.80247" lon="10.7602478" /><node id="-7584" lat="34.8021776" lon="10.7607078" /><node id="-7585" lat="34.8089706" lon="10.7624897" /><node id="-7586" lat="34.800643" lon="10.7690693" /><node id="-7587" lat="34.8010435" lon="10.7694307" /><node id="-7588" lat="34.8011046" lon="10.7693291" /><node id="-7589" lat="34.8004567" lon="10.7694343" /><node id="-7590" lat="34.8008386" lon="10.7698034" /><node id="-7591" lat="34.8009151" lon="10.7697628" /><node id="-7592" lat="34.8009582" lon="10.7698014" /><node id="-7593" lat="34.8010344" lon="10.7698856" /><node id="-7594" lat="34.8011139" lon="10.7699638" /><node id="-7595" lat="34.8033349" lon="10.7696781" /><node id="-7596" lat="34.8005961" lon="10.7630087" /><node id="-7597" lat="34.8004962" lon="10.7630478" /><node id="-7598" lat="34.8004802" lon="10.7630523" /><node id="-7599" lat="34.8004655" lon="10.7630503" /><node id="-7600" lat="34.8004523" lon="10.7630471" /><node id="-7601" lat="34.8004406" lon="10.7630366" /><node id="-7602" lat="34.8004207" lon="10.762996" /><node id="-7603" lat="34.8078182" lon="10.7618383" /><node id="-7604" lat="34.8079928" lon="10.7626413" /><node id="-7605" lat="34.8080192" lon="10.7627405" /><node id="-7606" lat="34.8026907" lon="10.7676235" /><node id="-7607" lat="34.803053" lon="10.7672748" /><node id="-7608" lat="34.8033976" lon="10.7669596" /><node id="-7609" lat="34.8034296" lon="10.7668886" /><node id="-7610" lat="34.8034433" lon="10.7668289" /><node id="-7611" lat="34.8034813" lon="10.7667712" /><node id="-7612" lat="34.800024" lon="10.7612896" /><node id="-7613" lat="34.8000367" lon="10.7616837" /><node id="-7614" lat="34.8000725" lon="10.7618465" /><node id="-7615" lat="34.8001074" lon="10.7619486" /><node id="-7616" lat="34.8003711" lon="10.7618464" /><node id="-7617" lat="34.8049286" lon="10.7605679" /><node id="-7618" lat="34.8052261" lon="10.7603572" /><node id="-7619" lat="34.768622" lon="10.7697156" /><node id="-7620" lat="34.7677385" lon="10.7702105" /><node id="-7621" lat="34.7675069" lon="10.7703979" /><node id="-7622" lat="34.7671788" lon="10.7706721" /><node id="-7623" lat="34.766693" lon="10.7711238" /><node id="-7624" lat="34.7666313" lon="10.7711627" /><node id="-7625" lat="34.7665817" lon="10.7711908" /><node id="-7626" lat="34.766511" lon="10.7712392" /><node id="-7627" lat="34.7660242" lon="10.7717274" /><node id="-7628" lat="34.7679699" lon="10.7623436" /><node id="-7629" lat="34.7680018" lon="10.762601" /><node id="-7630" lat="34.7680294" lon="10.7628612" /><node id="-7631" lat="34.7680481" lon="10.7631375" /><node id="-7632" lat="34.7680514" lon="10.7633038" /><node id="-7633" lat="34.7680966" lon="10.7648595" /><node id="-7634" lat="34.768134" lon="10.7652779" /><node id="-7635" lat="34.7681483" lon="10.7653624" /><node id="-7636" lat="34.7681649" lon="10.7653972" /><node id="-7637" lat="34.7681902" lon="10.7654227" /><node id="-7638" lat="34.7683136" lon="10.7654965" /><node id="-7639" lat="34.7683466" lon="10.765522" /><node id="-7640" lat="34.7683742" lon="10.7655609" /><node id="-7641" lat="34.768784" lon="10.766218" /><node id="-7642" lat="34.7690759" lon="10.7666405" /><node id="-7643" lat="34.7691079" lon="10.7666767" /><node id="-7644" lat="34.7656111" lon="10.7636966" /><node id="-7645" lat="34.790843" lon="10.7603429" /><node id="-7646" lat="34.790948" lon="10.7609207" /><node id="-7647" lat="34.7910067" lon="10.7610215" /><node id="-7648" lat="34.7911574" lon="10.7613049" /><node id="-7649" lat="34.7913081" lon="10.7612017" /><node id="-7650" lat="34.7920853" lon="10.7604112" /><node id="-7651" lat="34.7921481" lon="10.761154" /><node id="-7652" lat="34.7921404" lon="10.7611929" /><node id="-7653" lat="34.7921018" lon="10.7612117" /><node id="-7654" lat="34.7916767" lon="10.7614504" /><node id="-7655" lat="34.7916569" lon="10.7614826" /><node id="-7656" lat="34.791669" lon="10.7615215" /><node id="-7657" lat="34.7917186" lon="10.7616046" /><node id="-7658" lat="34.7918441" lon="10.7618125" /><node id="-7659" lat="34.795796" lon="10.7679561" /><node id="-7660" lat="34.795158" lon="10.7689753" /><node id="-7661" lat="34.7950566" lon="10.7689889" /><node id="-7662" lat="34.7948817" lon="10.768801" /><node id="-7663" lat="34.7946672" lon="10.7685799" /><node id="-7664" lat="34.7944884" lon="10.7684362" /><node id="-7665" lat="34.7944046" lon="10.7684042" /><node id="-7666" lat="34.7943928" lon="10.7683938" /><node id="-7667" lat="34.7971549" lon="10.767463" /><node id="-7668" lat="34.7972355" lon="10.7672995" /><node id="-7669" lat="34.7971448" lon="10.7671595" /><node id="-7670" lat="34.7971492" lon="10.7670683" /><node id="-7671" lat="34.797382" lon="10.7667642" /><node id="-7672" lat="34.7954331" lon="10.7652184" /><node id="-7673" lat="34.7954378" lon="10.7651661" /><node id="-7674" lat="34.795357" lon="10.765032" /><node id="-7675" lat="34.7954442" lon="10.7649038" /><node id="-7676" lat="34.7951872" lon="10.7648128" /><node id="-7677" lat="34.7939917" lon="10.7618447" /><node id="-7678" lat="34.7938987" lon="10.7615577" /><node id="-7679" lat="34.7937141" lon="10.7608718" /><node id="-7680" lat="34.7936387" lon="10.7605451" /><node id="-7681" lat="34.7935226" lon="10.7671595" /><node id="-7682" lat="34.7934785" lon="10.7671065" /><node id="-7683" lat="34.7934455" lon="10.7670562" /><node id="-7684" lat="34.7933902" lon="10.7669157" /><node id="-7685" lat="34.7932933" lon="10.7667754" /><node id="-7686" lat="34.793222" lon="10.7666914" /><node id="-7687" lat="34.7931599" lon="10.7667178" /><node id="-7688" lat="34.7929893" lon="10.7669724" /><node id="-7689" lat="34.7900095" lon="10.7675805" /><node id="-7690" lat="34.7944546" lon="10.7660001" /><node id="-7691" lat="34.7941989" lon="10.7662284" /><node id="-7692" lat="34.7572656" lon="10.7683088" /><node id="-7693" lat="34.7555217" lon="10.769597" /><node id="-7694" lat="34.7554672" lon="10.7696439" /><node id="-7695" lat="34.7554241" lon="10.7697968" /><node id="-7696" lat="34.7555525" lon="10.7628699" /><node id="-7697" lat="34.7555464" lon="10.7630785" /><node id="-7698" lat="34.7555498" lon="10.7632461" /><node id="-7699" lat="34.7555586" lon="10.7635955" /><node id="-7700" lat="34.7556076" lon="10.7639844" /><node id="-7701" lat="34.7558654" lon="10.7649566" /><node id="-7702" lat="34.757846" lon="10.7694476" /><node id="-7703" lat="34.7568323" lon="10.7611813" /><node id="-7704" lat="34.7568612" lon="10.7611633" /><node id="-7705" lat="34.7568786" lon="10.7611133" /><node id="-7706" lat="34.7914813" lon="10.7672196" /><node id="-7707" lat="34.7964091" lon="10.7606122" /><node id="-7708" lat="34.7963485" lon="10.7597297" /><node id="-7709" lat="34.7963938" lon="10.7636951" /><node id="-7710" lat="34.7935826" lon="10.7678957" /><node id="-7711" lat="34.7936631" lon="10.767888" /><node id="-7712" lat="34.7937203" lon="10.7678619" /><node id="-7713" lat="34.79378" lon="10.7678543" /><node id="-7714" lat="34.7938417" lon="10.7678735" /><node id="-7715" lat="34.7938984" lon="10.7679402" /><node id="-7716" lat="34.8396324" lon="10.7587239" /><node id="-7717" lat="34.8399142" lon="10.7592308" /><node id="-7718" lat="34.8397689" lon="10.7586032" /><node id="-7719" lat="34.8399692" lon="10.7584557" /><node id="-7720" lat="34.8400176" lon="10.758453" /><node id="-7721" lat="34.8400595" lon="10.7584825" /><node id="-7722" lat="34.8023036" lon="10.7614051" /><node id="-7723" lat="34.8022594" lon="10.7614849" /><node id="-7724" lat="34.8022235" lon="10.7615304" /><node id="-7725" lat="34.8017398" lon="10.7621143" /><node id="-7726" lat="34.8016079" lon="10.7623992" /><node id="-7727" lat="34.8013746" lon="10.763032" /><node id="-7728" lat="34.8047891" lon="10.7602651" /><node id="-7729" lat="34.8049546" lon="10.7601203" /><node id="-7730" lat="34.8050309" lon="10.7600155" /><node id="-7731" lat="34.8050975" lon="10.7599311" /><node id="-7732" lat="34.8049782" lon="10.7597283" /><node id="-7733" lat="34.8047351" lon="10.7602201" /><node id="-7734" lat="34.8047738" lon="10.7601672" /><node id="-7735" lat="34.8047396" lon="10.7599834" /><node id="-7736" lat="34.7886037" lon="10.7585094" /><node id="-7737" lat="34.8528465" lon="10.7618286" /><node id="-7738" lat="34.8531789" lon="10.7625729" /><node id="-7739" lat="34.853475" lon="10.7631107" /><node id="-7740" lat="34.8535883" lon="10.7632756" /><node id="-7741" lat="34.8536885" lon="10.7633722" /><node id="-7742" lat="34.8538183" lon="10.7634875" /><node id="-7743" lat="34.8539526" lon="10.7636122" /><node id="-7744" lat="34.8541353" lon="10.7638282" /><node id="-7745" lat="34.8544159" lon="10.7641259" /><node id="-7746" lat="34.8546822" lon="10.7644357" /><node id="-7747" lat="34.8549552" lon="10.764728" /><node id="-7748" lat="34.8556259" lon="10.7654402" /><node id="-7749" lat="34.8558246" lon="10.765648" /><node id="-7750" lat="34.8562372" lon="10.7660396" /><node id="-7751" lat="34.8564474" lon="10.7662757" /><node id="-7752" lat="34.8565828" lon="10.7664205" /><node id="-7753" lat="34.8567182" lon="10.7665519" /><node id="-7754" lat="34.8568194" lon="10.7666807" /><node id="-7755" lat="34.8569294" lon="10.7668577" /><node id="-7756" lat="34.8570065" lon="10.7669677" /><node id="-7757" lat="34.8570637" lon="10.7670213" /><node id="-7758" lat="34.8571231" lon="10.7670401" /><node id="-7759" lat="34.8508925" lon="10.7687299" /><node id="-7760" lat="34.8506977" lon="10.7684952" /><node id="-7761" lat="34.850668" lon="10.7684758" /><node id="-7762" lat="34.8506339" lon="10.7684818" /><node id="-7763" lat="34.8505822" lon="10.7685428" /><node id="-7764" lat="34.8503516" lon="10.7688694" /><node id="-7765" lat="34.8502481" lon="10.7690155" /><node id="-7766" lat="34.8502107" lon="10.7690974" /><node id="-7767" lat="34.8502129" lon="10.7691738" /><node id="-7768" lat="34.8004315" lon="10.7645405" /><node id="-7769" lat="34.8004151" lon="10.7644829" /><node id="-7770" lat="34.800175" lon="10.7638904" /><node id="-7771" lat="34.8001192" lon="10.7638659" /><node id="-7772" lat="34.8000059" lon="10.7638967" /><node id="-7773" lat="34.7999523" lon="10.7638838" /><node id="-7774" lat="34.7999091" lon="10.7638863" /><node id="-7775" lat="34.7998044" lon="10.7640127" /><node id="-7776" lat="34.7997228" lon="10.7640944" /><node id="-7777" lat="34.7996039" lon="10.7641398" /><node id="-7778" lat="34.7993649" lon="10.7642224" /><node id="-7779" lat="34.8002914" lon="10.764654" /><node id="-7780" lat="34.8001456" lon="10.7647884" /><node id="-7781" lat="34.7999902" lon="10.7649048" /><node id="-7782" lat="34.7998676" lon="10.7648583" /><node id="-7783" lat="34.7998118" lon="10.7648349" /><node id="-7784" lat="34.799785" lon="10.7648335" /><node id="-7785" lat="34.7997455" lon="10.7648536" /><node id="-7786" lat="34.7996186" lon="10.7649265" /><node id="-7787" lat="34.8003416" lon="10.7696356" /><node id="-7788" lat="34.800592" lon="10.7698931" /><node id="-7789" lat="34.8012949" lon="10.7693992" /><node id="-7790" lat="34.8017416" lon="10.7700843" /><node id="-7791" lat="34.8017906" lon="10.7701225" /><node id="-7792" lat="34.8015984" lon="10.7696577" /><node id="-7793" lat="34.8262125" lon="10.7623033" /><node id="-7794" lat="34.8262477" lon="10.7623972" /><node id="-7795" lat="34.8262851" lon="10.7624562" /><node id="-7796" lat="34.8263369" lon="10.7625233" /><node id="-7797" lat="34.8263941" lon="10.7626131" /><node id="-7798" lat="34.8264425" lon="10.7627057" /><node id="-7799" lat="34.8265053" lon="10.7628921" /><node id="-7800" lat="34.8265394" lon="10.7630624" /><node id="-7801" lat="34.8265636" lon="10.7632984" /><node id="-7802" lat="34.8276095" lon="10.7617816" /><node id="-7803" lat="34.8293114" lon="10.7620592" /><node id="-7804" lat="34.8293698" lon="10.7620472" /><node id="-7805" lat="34.8294094" lon="10.7620364" /><node id="-7806" lat="34.8294127" lon="10.7621196" /><node id="-7807" lat="34.8291243" lon="10.7686052" /><node id="-7808" lat="34.8290373" lon="10.7686602" /><node id="-7809" lat="34.8290043" lon="10.7686669" /><node id="-7810" lat="34.8289801" lon="10.7686494" /><node id="-7811" lat="34.8289603" lon="10.7686266" /><node id="-7812" lat="34.8288337" lon="10.7684245" /><node id="-7813" lat="34.8288152" lon="10.7683919" /><node id="-7814" lat="34.828805" lon="10.7683691" /><node id="-7815" lat="34.8288056" lon="10.7683504" /><node id="-7816" lat="34.8288108" lon="10.7683386" /><node id="-7817" lat="34.8288303" lon="10.7683155" /><node id="-7818" lat="34.8293172" lon="10.7679008" /><node id="-7819" lat="34.8293522" lon="10.7679316" /><node id="-7820" lat="34.8293893" lon="10.7679645" /><node id="-7821" lat="34.8294259" lon="10.767997" /><node id="-7822" lat="34.8294633" lon="10.7680318" /><node id="-7823" lat="34.829547" lon="10.7681277" /><node id="-7824" lat="34.8296747" lon="10.7683028" /><node id="-7825" lat="34.8297402" lon="10.7683986" /><node id="-7826" lat="34.8297804" lon="10.7684637" /><node id="-7827" lat="34.8298074" lon="10.7685053" /><node id="-7828" lat="34.8298976" lon="10.7686602" /><node id="-7829" lat="34.8300292" lon="10.7688788" /><node id="-7830" lat="34.8283823" lon="10.7679614" /><node id="-7831" lat="34.8283669" lon="10.7679715" /><node id="-7832" lat="34.8283361" lon="10.7679829" /><node id="-7833" lat="34.8283047" lon="10.7679829" /><node id="-7834" lat="34.8282761" lon="10.7679688" /><node id="-7835" lat="34.8282546" lon="10.7679494" /><node id="-7836" lat="34.828063" lon="10.7676771" /><node id="-7837" lat="34.8286729" lon="10.7656467" /><node id="-7838" lat="34.828783" lon="10.7655635" /><node id="-7839" lat="34.8288755" lon="10.7655153" /><node id="-7840" lat="34.8291221" lon="10.7654026" /><node id="-7841" lat="34.8285122" lon="10.7663119" /><node id="-7842" lat="34.8285496" lon="10.7663333" /><node id="-7843" lat="34.8285882" lon="10.7663253" /><node id="-7844" lat="34.8286289" lon="10.7662931" /><node id="-7845" lat="34.8289614" lon="10.7660323" /><node id="-7846" lat="34.8289938" lon="10.7660142" /><node id="-7847" lat="34.8290285" lon="10.7660128" /><node id="-7848" lat="34.8290632" lon="10.7660235" /><node id="-7849" lat="34.8290935" lon="10.7660544" /><node id="-7850" lat="34.8291215" lon="10.7660913" /><node id="-7851" lat="34.8291628" lon="10.7661456" /><node id="-7852" lat="34.8291953" lon="10.7661818" /><node id="-7853" lat="34.8292311" lon="10.7662126" /><node id="-7854" lat="34.8292718" lon="10.7662287" /><node id="-7855" lat="34.8293136" lon="10.7662368" /><node id="-7856" lat="34.8293527" lon="10.7662542" /><node id="-7857" lat="34.8293863" lon="10.766277" /><node id="-7858" lat="34.8294215" lon="10.7663139" /><node id="-7859" lat="34.8294699" lon="10.7663736" /><node id="-7860" lat="34.8294947" lon="10.7664024" /><node id="-7861" lat="34.8295217" lon="10.7664188" /><node id="-7862" lat="34.8295536" lon="10.7664198" /><node id="-7863" lat="34.8295822" lon="10.7664051" /><node id="-7864" lat="34.8296307" lon="10.7663682" /><node id="-7865" lat="34.8296868" lon="10.7663152" /><node id="-7866" lat="34.8297198" lon="10.7662958" /><node id="-7867" lat="34.8297463" lon="10.7662871" /><node id="-7868" lat="34.8297732" lon="10.7662904" /><node id="-7869" lat="34.8297997" lon="10.7663085" /><node id="-7870" lat="34.8298203" lon="10.7663367" /><node id="-7871" lat="34.8298566" lon="10.7664004" /><node id="-7872" lat="34.829885" lon="10.7664373" /><node id="-7873" lat="34.8298982" lon="10.7664537" /><node id="-7874" lat="34.8299114" lon="10.7664641" /><node id="-7875" lat="34.8299287" lon="10.7664701" /><node id="-7876" lat="34.8299461" lon="10.7664681" /><node id="-7877" lat="34.8300248" lon="10.7664326" /><node id="-7878" lat="34.8300798" lon="10.7664004" /><node id="-7879" lat="34.8253359" lon="10.7647935" /><node id="-7880" lat="34.8256909" lon="10.7651249" /><node id="-7881" lat="34.8257039" lon="10.7652122" /><node id="-7882" lat="34.8253777" lon="10.7657288" /><node id="-7883" lat="34.8250924" lon="10.765146" /><node id="-7884" lat="34.8251003" lon="10.7653421" /><node id="-7885" lat="34.8249975" lon="10.7654961" /><node id="-7886" lat="34.8247588" lon="10.7652628" /><node id="-7887" lat="34.8235615" lon="10.7647978" /><node id="-7888" lat="34.8224406" lon="10.764329" /><node id="-7889" lat="34.8224275" lon="10.7644175" /><node id="-7890" lat="34.8227611" lon="10.7650003" /><node id="-7891" lat="34.8228095" lon="10.7650955" /><node id="-7892" lat="34.8228255" lon="10.765121" /><node id="-7893" lat="34.8228288" lon="10.7651418" /><node id="-7894" lat="34.8228244" lon="10.7651652" /><node id="-7895" lat="34.8228117" lon="10.7651867" /><node id="-7896" lat="34.8226862" lon="10.7653007" /><node id="-7897" lat="34.8219552" lon="10.7659927" /><node id="-7898" lat="34.8217059" lon="10.7646085" /><node id="-7899" lat="34.821809" lon="10.7645963" /><node id="-7900" lat="34.8218624" lon="10.7645776" /><node id="-7901" lat="34.8219187" lon="10.7645498" /><node id="-7902" lat="34.8219931" lon="10.7645237" /><node id="-7903" lat="34.8217394" lon="10.7638288" /><node id="-7904" lat="34.8217086" lon="10.7642972" /><node id="-7905" lat="34.8214713" lon="10.764669" /><node id="-7906" lat="34.821452" lon="10.7646764" /><node id="-7907" lat="34.821435" lon="10.7646865" /><node id="-7908" lat="34.8214196" lon="10.7646945" /><node id="-7909" lat="34.8214014" lon="10.7647113" /><node id="-7910" lat="34.8214003" lon="10.7647381" /><node id="-7911" lat="34.8214042" lon="10.7647629" /><node id="-7912" lat="34.8214163" lon="10.7647971" /><node id="-7913" lat="34.8216221" lon="10.7652839" /><node id="-7914" lat="34.8229192" lon="10.768651" /><node id="-7915" lat="34.8216513" lon="10.7695493" /><node id="-7916" lat="34.8216029" lon="10.7695869" /><node id="-7917" lat="34.8215676" lon="10.7696217" /><node id="-7918" lat="34.821539" lon="10.769662" /><node id="-7919" lat="34.8215412" lon="10.7697156" /><node id="-7920" lat="34.821768" lon="10.7700884" /><node id="-7921" lat="34.8214542" lon="10.768227" /><node id="-7922" lat="34.8223127" lon="10.7675687" /><node id="-7923" lat="34.8210293" lon="10.7677455" /><node id="-7924" lat="34.8210403" lon="10.7677804" /><node id="-7925" lat="34.8210337" lon="10.7678126" /><node id="-7926" lat="34.8206858" lon="10.7681894" /><node id="-7927" lat="34.8206693" lon="10.7682028" /><node id="-7928" lat="34.8206582" lon="10.7682256" /><node id="-7929" lat="34.8206538" lon="10.7682444" /><node id="-7930" lat="34.8206715" lon="10.7682779" /><node id="-7931" lat="34.8210073" lon="10.768742" /><node id="-7932" lat="34.8210546" lon="10.7659176" /><node id="-7933" lat="34.8210832" lon="10.7658747" /><node id="-7934" lat="34.8211008" lon="10.7658264" /><node id="-7935" lat="34.8210953" lon="10.7657661" /><node id="-7936" lat="34.8210612" lon="10.7656735" /><node id="-7937" lat="34.8210183" lon="10.7655863" /><node id="-7938" lat="34.8207716" lon="10.7651719" /><node id="-7939" lat="34.8209533" lon="10.7649869" /><node id="-7940" lat="34.8198457" lon="10.7646811" /><node id="-7941" lat="34.8202487" lon="10.7643485" /><node id="-7942" lat="34.8293973" lon="10.7615067" /><node id="-7943" lat="34.8294022" lon="10.7614819" /><node id="-7944" lat="34.8294155" lon="10.7614692" /><node id="-7945" lat="34.8294446" lon="10.7614484" /><node id="-7946" lat="34.8294859" lon="10.7614289" /><node id="-7947" lat="34.8295872" lon="10.7613974" /><node id="-7948" lat="34.8269664" lon="10.7673069" /><node id="-7949" lat="34.8266715" lon="10.7675645" /><node id="-7950" lat="34.8266253" lon="10.7676208" /><node id="-7951" lat="34.8266033" lon="10.7677093" /><node id="-7952" lat="34.8265989" lon="10.7677817" /><node id="-7953" lat="34.8267662" lon="10.7681251" /><node id="-7954" lat="34.823817" lon="10.7671632" /><node id="-7955" lat="34.8239038" lon="10.7672882" /><node id="-7956" lat="34.8239831" lon="10.7674089" /><node id="-7957" lat="34.824058" lon="10.7675108" /><node id="-7958" lat="34.8241218" lon="10.7675457" /><node id="-7959" lat="34.8241593" lon="10.7675511" /><node id="-7960" lat="34.8242429" lon="10.7675055" /><node id="-7961" lat="34.8243861" lon="10.7674277" /><node id="-7962" lat="34.8244455" lon="10.767425" /><node id="-7963" lat="34.8244939" lon="10.7674679" /><node id="-7964" lat="34.824538" lon="10.7675403" /><node id="-7965" lat="34.8245732" lon="10.7675859" /><node id="-7966" lat="34.8246106" lon="10.7676074" /><node id="-7967" lat="34.8246635" lon="10.7675806" /><node id="-7968" lat="34.8247229" lon="10.767535" /><node id="-7969" lat="34.8250224" lon="10.7671541" /><node id="-7970" lat="34.8253218" lon="10.7667625" /><node id="-7971" lat="34.8240426" lon="10.7669583" /><node id="-7972" lat="34.8239358" lon="10.7667585" /><node id="-7973" lat="34.8239261" lon="10.7667404" /><node id="-7974" lat="34.8239237" lon="10.7667209" /><node id="-7975" lat="34.8239245" lon="10.7667068" /><node id="-7976" lat="34.8239292" lon="10.7666874" /><node id="-7977" lat="34.8239325" lon="10.7666753" /><node id="-7978" lat="34.8239405" lon="10.7666592" /><node id="-7979" lat="34.8239504" lon="10.7666462" /><node id="-7980" lat="34.8239619" lon="10.7666301" /><node id="-7981" lat="34.8240932" lon="10.7664795" /><node id="-7982" lat="34.8243519" lon="10.7661925" /><node id="-7983" lat="34.8244136" lon="10.7661054" /><node id="-7984" lat="34.8244312" lon="10.7660571" /><node id="-7985" lat="34.8244356" lon="10.7660155" /><node id="-7986" lat="34.824418" lon="10.7659753" /><node id="-7987" lat="34.8243971" lon="10.7659417" /><node id="-7988" lat="34.8242517" lon="10.7657848" /><node id="-7989" lat="34.8242308" lon="10.7657312" /><node id="-7990" lat="34.8242341" lon="10.7656829" /><node id="-7991" lat="34.824255" lon="10.7656386" /><node id="-7992" lat="34.8242936" lon="10.7655649" /><node id="-7993" lat="34.823502" lon="10.7670039" /><node id="-7994" lat="34.8233688" lon="10.76713" /><node id="-7995" lat="34.8233336" lon="10.7671648" /><node id="-7996" lat="34.8233038" lon="10.7671984" /><node id="-7997" lat="34.823306" lon="10.7672386" /><node id="-7998" lat="34.8233358" lon="10.7672895" /><node id="-7999" lat="34.8234614" lon="10.7674864" /><node id="-8000" lat="34.8226462" lon="10.7681639" /><node id="-8001" lat="34.8233726" lon="10.7675622" /><node id="-8002" lat="34.8234216" lon="10.7675216" /><node id="-8003" lat="34.8240833" lon="10.7669194" /><node id="-8004" lat="34.8244895" lon="10.7665211" /><node id="-8005" lat="34.8245963" lon="10.7663816" /><node id="-8006" lat="34.8246272" lon="10.7663722" /><node id="-8007" lat="34.8246701" lon="10.766395" /><node id="-8008" lat="34.8247152" lon="10.7664447" /><node id="-8009" lat="34.8247461" lon="10.766505" /><node id="-8010" lat="34.8221456" lon="10.7672641" /><node id="-8011" lat="34.8224451" lon="10.7669999" /><node id="-8012" lat="34.8228315" lon="10.7666646" /><node id="-8013" lat="34.8228844" lon="10.7666311" /><node id="-8014" lat="34.8229163" lon="10.7666405" /><node id="-8015" lat="34.8229592" lon="10.7666713" /><node id="-8016" lat="34.8229835" lon="10.7667021" /><node id="-8017" lat="34.8230121" lon="10.7667102" /><node id="-8018" lat="34.8230297" lon="10.7667062" /><node id="-8019" lat="34.8230638" lon="10.7666807" /><node id="-8020" lat="34.8230991" lon="10.7666485" /><node id="-8021" lat="34.8235802" lon="10.7662059" /><node id="-8022" lat="34.8237927" lon="10.7660155" /><node id="-8023" lat="34.8238092" lon="10.765994" /><node id="-8024" lat="34.823818" lon="10.7659746" /><node id="-8025" lat="34.8238158" lon="10.7659491" /><node id="-8026" lat="34.8238086" lon="10.7659263" /><node id="-8027" lat="34.8237585" lon="10.7657982" /><node id="-8028" lat="34.8237607" lon="10.765758" /><node id="-8029" lat="34.823775" lon="10.7657218" /><node id="-8030" lat="34.8238752" lon="10.7656125" /><node id="-8031" lat="34.8238832" lon="10.7655877" /><node id="-8032" lat="34.8238796" lon="10.7655622" /><node id="-8033" lat="34.8238532" lon="10.765526" /><node id="-8034" lat="34.8237916" lon="10.765463" /><node id="-8035" lat="34.8236297" lon="10.7653087" /><node id="-8036" lat="34.8234635" lon="10.7651518" /><node id="-8037" lat="34.8234095" lon="10.7650834" /><node id="-8038" lat="34.8255679" lon="10.769556" /><node id="-8039" lat="34.8255316" lon="10.769503" /><node id="-8040" lat="34.8253978" lon="10.7692999" /><node id="-8041" lat="34.8253857" lon="10.7692764" /><node id="-8042" lat="34.825335" lon="10.7691738" /><node id="-8043" lat="34.8253298" lon="10.7691446" /><node id="-8044" lat="34.825332" lon="10.7691084" /><node id="-8045" lat="34.8253403" lon="10.7690782" /><node id="-8046" lat="34.8253571" lon="10.7690444" /><node id="-8047" lat="34.8253818" lon="10.7690129" /><node id="-8048" lat="34.8254003" lon="10.7689931" /><node id="-8049" lat="34.8259273" lon="10.7685435" /><node id="-8050" lat="34.8273365" lon="10.7699651" /><node id="-8051" lat="34.8276799" lon="10.7690383" /><node id="-8052" lat="34.8278286" lon="10.7692435" /><node id="-8053" lat="34.8278511" lon="10.7692764" /><node id="-8054" lat="34.8278594" lon="10.7692952" /><node id="-8055" lat="34.8278671" lon="10.769316" /><node id="-8056" lat="34.8278643" lon="10.7693367" /><node id="-8057" lat="34.8278076" lon="10.7693857" /><node id="-8058" lat="34.8276744" lon="10.7694916" /><node id="-8059" lat="34.8276557" lon="10.7695037" /><node id="-8060" lat="34.8276447" lon="10.7695265" /><node id="-8061" lat="34.8276502" lon="10.7695654" /><node id="-8062" lat="34.8279078" lon="10.7699838" /><node id="-8063" lat="34.8273409" lon="10.7689807" /><node id="-8064" lat="34.8274223" lon="10.7690826" /><node id="-8065" lat="34.8274444" lon="10.769096" /><node id="-8066" lat="34.827473" lon="10.7690893" /><node id="-8067" lat="34.8275203" lon="10.7690518" /><node id="-8068" lat="34.827582" lon="10.7690088" /><node id="-8069" lat="34.8276194" lon="10.7689981" /><node id="-8070" lat="34.8276535" lon="10.7690142" /><node id="-8071" lat="34.827713" lon="10.7690531" /><node id="-8072" lat="34.8277559" lon="10.7690544" /><node id="-8073" lat="34.8277878" lon="10.769029" /><node id="-8074" lat="34.8280851" lon="10.7686964" /><node id="-8075" lat="34.8199272" lon="10.7680607" /><node id="-8076" lat="34.8235846" lon="10.7679453" /><node id="-8077" lat="34.8236506" lon="10.7680285" /><node id="-8078" lat="34.8236903" lon="10.7680607" /><node id="-8079" lat="34.8237849" lon="10.7680902" /><node id="-8080" lat="34.82384" lon="10.7681224" /><node id="-8081" lat="34.823873" lon="10.7681841" /><node id="-8082" lat="34.8239655" lon="10.7683638" /><node id="-8083" lat="34.8239919" lon="10.7684416" /><node id="-8084" lat="34.8239875" lon="10.7685167" /><node id="-8085" lat="34.8239633" lon="10.7685837" /><node id="-8086" lat="34.8232543" lon="10.7691497" /><node id="-8087" lat="34.8238752" lon="10.7686079" /><node id="-8088" lat="34.8239171" lon="10.7685918" /><node id="-8089" lat="34.8240272" lon="10.7686266" /><node id="-8090" lat="34.8242077" lon="10.7688868" /><node id="-8091" lat="34.8243662" lon="10.7690719" /><node id="-8092" lat="34.8244279" lon="10.7691175" /><node id="-8093" lat="34.8244719" lon="10.7691148" /><node id="-8094" lat="34.8245468" lon="10.7690531" /><node id="-8095" lat="34.8246789" lon="10.7689163" /><node id="-8096" lat="34.8247295" lon="10.7688627" /><node id="-8097" lat="34.8247868" lon="10.7688627" /><node id="-8098" lat="34.8248506" lon="10.7688975" /><node id="-8099" lat="34.8250532" lon="10.7692865" /><node id="-8100" lat="34.8230996" lon="10.7605525" /><node id="-8101" lat="34.8230077" lon="10.7602132" /><node id="-8102" lat="34.8229466" lon="10.7599832" /><node id="-8103" lat="34.8229416" lon="10.7599493" /><node id="-8104" lat="34.8229401" lon="10.7599257" /><node id="-8105" lat="34.8229409" lon="10.7599135" /><node id="-8106" lat="34.822943" lon="10.7598992" /><node id="-8107" lat="34.8229469" lon="10.7598801" /><node id="-8108" lat="34.8229562" lon="10.7598551" /><node id="-8109" lat="34.8229703" lon="10.7598377" /><node id="-8110" lat="34.8230578" lon="10.7597686" /><node id="-8111" lat="34.8222219" lon="10.7627129" /><node id="-8112" lat="34.8222208" lon="10.7628165" /><node id="-8113" lat="34.8209418" lon="10.7616775" /><node id="-8114" lat="34.8210376" lon="10.7616708" /><node id="-8115" lat="34.8211434" lon="10.7616501" /><node id="-8116" lat="34.8216276" lon="10.7614718" /><node id="-8117" lat="34.8217493" lon="10.761439" /><node id="-8118" lat="34.8218297" lon="10.7614276" /><node id="-8119" lat="34.8218682" lon="10.7614303" /><node id="-8120" lat="34.8219045" lon="10.761449" /><node id="-8121" lat="34.8219244" lon="10.7614759" /><node id="-8122" lat="34.8219453" lon="10.7615141" /><node id="-8123" lat="34.8219684" lon="10.7615744" /><node id="-8124" lat="34.821997" lon="10.761669" /><node id="-8125" lat="34.8220744" lon="10.762008" /><node id="-8126" lat="34.8198039" lon="10.7604271" /><node id="-8127" lat="34.8199194" lon="10.7614134" /><node id="-8128" lat="34.8199602" lon="10.7619855" /><node id="-8129" lat="34.81999" lon="10.7624716" /><node id="-8130" lat="34.8203467" lon="10.7611687" /><node id="-8131" lat="34.8203599" lon="10.7612143" /><node id="-8132" lat="34.8203599" lon="10.7612559" /><node id="-8133" lat="34.8203335" lon="10.7612801" /><node id="-8134" lat="34.8202879" lon="10.7613" /><node id="-8135" lat="34.8193635" lon="10.767256" /><node id="-8136" lat="34.8276337" lon="10.7655823" /><node id="-8137" lat="34.8270436" lon="10.7659927" /><node id="-8138" lat="34.8174797" lon="10.7624924" /><node id="-8139" lat="34.8171967" lon="10.7624616" /><node id="-8140" lat="34.8167234" lon="10.7624229" /><node id="-8141" lat="34.8164767" lon="10.7623999" /><node id="-8142" lat="34.8242674" lon="10.7707876" /><node id="-8143" lat="34.823829" lon="10.7700375" /><node id="-8144" lat="34.8235515" lon="10.7695708" /><node id="-8145" lat="34.8234459" lon="10.7693937" /><node id="-8146" lat="34.8233644" lon="10.7692784" /><node id="-8147" lat="34.823153" lon="10.7690182" /><node id="-8148" lat="34.8230539" lon="10.7688707" /><node id="-8149" lat="34.8229747" lon="10.76875" /><node id="-8150" lat="34.8219089" lon="10.7668483" /><node id="-8151" lat="34.8218627" lon="10.7667813" /><node id="-8152" lat="34.8218231" lon="10.766733" /><node id="-8153" lat="34.8217911" lon="10.7667209" /><node id="-8154" lat="34.8217438" lon="10.7667276" /><node id="-8155" lat="34.8208828" lon="10.7672694" /><node id="-8156" lat="34.8208509" lon="10.7672828" /><node id="-8157" lat="34.8208036" lon="10.7672936" /><node id="-8158" lat="34.7592447" lon="10.7623459" /><node id="-8159" lat="34.7592221" lon="10.7619506" /><node id="-8160" lat="34.7589345" lon="10.761795" /><node id="-8161" lat="34.7588188" lon="10.7618447" /><node id="-8162" lat="34.7587935" lon="10.7618447" /><node id="-8163" lat="34.7587715" lon="10.7618219" /><node id="-8164" lat="34.7586337" lon="10.7614987" /><node id="-8165" lat="34.7586073" lon="10.7614826" /><node id="-8166" lat="34.7591294" lon="10.7608781" /><node id="-8167" lat="34.750324" lon="10.768844" /><node id="-8168" lat="34.8535927" lon="10.7599604" /><node id="-8169" lat="34.8535311" lon="10.7597928" /><node id="-8170" lat="34.8530975" lon="10.7592966" /><node id="-8171" lat="34.8532989" lon="10.7591343" /><node id="-8172" lat="34.853618" lon="10.7589103" /><node id="-8173" lat="34.8538412" lon="10.7587523" /><node id="-8174" lat="34.8543213" lon="10.7596064" /><node id="-8175" lat="34.8538524" lon="10.7587722" /><node id="-8176" lat="34.8536296" lon="10.7583772" /><node id="-8177" lat="34.8536158" lon="10.758343" /><node id="-8178" lat="34.8536098" lon="10.7583055" /><node id="-8179" lat="34.8536076" lon="10.7582746" /><node id="-8180" lat="34.8535999" lon="10.7582364" /><node id="-8181" lat="34.8535729" lon="10.7581821" /><node id="-8182" lat="34.8534023" lon="10.757883" /><node id="-8183" lat="34.8533924" lon="10.7578509" /><node id="-8184" lat="34.8533913" lon="10.75782" /><node id="-8185" lat="34.8534111" lon="10.7577825" /><node id="-8186" lat="34.8537006" lon="10.757478" /><node id="-8187" lat="34.8539913" lon="10.7571685" /><node id="-8188" lat="34.7588709" lon="10.7685953" /><node id="-8189" lat="34.7587975" lon="10.7686782" /><node id="-8190" lat="34.7572389" lon="10.7699067" /><node id="-8191" lat="34.7567658" lon="10.7702907" /><node id="-8192" lat="34.7566885" lon="10.7703811" /><node id="-8193" lat="34.7587897" lon="10.7684908" /><node id="-8194" lat="34.7589445" lon="10.7683756" /><node id="-8195" lat="34.7590813" lon="10.7682734" /><node id="-8196" lat="34.7593361" lon="10.7681006" /><node id="-8197" lat="34.7593843" lon="10.7680663" /><node id="-8198" lat="34.749948" lon="10.7671655" /><node id="-8199" lat="34.750934" lon="10.7624415" /><node id="-8200" lat="34.7509599" lon="10.7624669" /><node id="-8201" lat="34.7509704" lon="10.7624857" /><node id="-8202" lat="34.7509792" lon="10.7625105" /><node id="-8203" lat="34.7504107" lon="10.762099" /><node id="-8204" lat="34.7501653" lon="10.7618767" /><node id="-8205" lat="34.7585194" lon="10.765158" /><node id="-8206" lat="34.7585583" lon="10.7651745" /><node id="-8207" lat="34.7590331" lon="10.7677583" /><node id="-8208" lat="34.7590409" lon="10.7677475" /><node id="-8209" lat="34.7588067" lon="10.7680419" /><node id="-8210" lat="34.7590442" lon="10.7678736" /><node id="-8211" lat="34.7590519" lon="10.7678582" /><node id="-8212" lat="34.759053" lon="10.7678407" /><node id="-8213" lat="34.7590348" lon="10.7677817" /><node id="-8214" lat="34.7585159" lon="10.7680897" /><node id="-8215" lat="34.7587361" lon="10.7679609" /><node id="-8216" lat="34.7587636" lon="10.7679522" /><node id="-8217" lat="34.7588458" lon="10.7681204" /><node id="-8218" lat="34.7588569" lon="10.7681298" /><node id="-8219" lat="34.7588772" lon="10.7681298" /><node id="-8220" lat="34.758891" lon="10.7681251" /><node id="-8221" lat="34.7590943" lon="10.7679849" /><node id="-8222" lat="34.7591637" lon="10.7679279" /><node id="-8223" lat="34.759205" lon="10.7678964" /><node id="-8224" lat="34.7592651" lon="10.7678481" /><node id="-8225" lat="34.7593306" lon="10.7678032" /><node id="-8226" lat="34.7594342" lon="10.7677361" /><node id="-8227" lat="34.7593924" lon="10.7661003" /><node id="-8228" lat="34.7596937" lon="10.7656293" /><node id="-8229" lat="34.7594447" lon="10.7648581" /><node id="-8230" lat="34.7594469" lon="10.7648923" /><node id="-8231" lat="34.7594639" lon="10.7649339" /><node id="-8232" lat="34.7594728" lon="10.7648179" /><node id="-8233" lat="34.7594518" lon="10.7648333" /><node id="-8234" lat="34.7594628" lon="10.7662106" /><node id="-8235" lat="34.7594557" lon="10.7661845" /><node id="-8236" lat="34.7592078" lon="10.7658546" /><node id="-8237" lat="34.7592546" lon="10.7665647" /><node id="-8238" lat="34.7593273" lon="10.7664601" /><node id="-8239" lat="34.7593907" lon="10.7663682" /><node id="-8240" lat="34.7594303" lon="10.7663045" /><node id="-8241" lat="34.7594518" lon="10.766269" /><node id="-8242" lat="34.7594628" lon="10.7662395" /><node id="-8243" lat="34.7602446" lon="10.7666498" /><node id="-8244" lat="34.7602578" lon="10.7666565" /><node id="-8245" lat="34.7602743" lon="10.7666586" /><node id="-8246" lat="34.7602848" lon="10.7666519" /><node id="-8247" lat="34.7602952" lon="10.7666384" /><node id="-8248" lat="34.7604892" lon="10.7663159" /><node id="-8249" lat="34.7600567" lon="10.7668852" /><node id="-8250" lat="34.7600606" lon="10.766906" /><node id="-8251" lat="34.7600595" lon="10.7669268" /><node id="-8252" lat="34.7599283" lon="10.7668182" /><node id="-8253" lat="34.7599443" lon="10.7668108" /><node id="-8254" lat="34.7599631" lon="10.7668121" /><node id="-8255" lat="34.7600479" lon="10.7668725" /><node id="-8256" lat="34.7585092" lon="10.7670763" /><node id="-8257" lat="34.7588178" lon="10.7621115" /><node id="-8258" lat="34.7588712" lon="10.7623657" /><node id="-8259" lat="34.758939" lon="10.7623751" /><node id="-8260" lat="34.7517516" lon="10.760458" /><node id="-8261" lat="34.7516943" lon="10.7606377" /><node id="-8262" lat="34.7516888" lon="10.7607235" /><node id="-8263" lat="34.7516998" lon="10.7607999" /><node id="-8264" lat="34.7508865" lon="10.7605832" /><node id="-8265" lat="34.7511499" lon="10.764195" /><node id="-8266" lat="34.7512701" lon="10.7641709" /><node id="-8267" lat="34.7512954" lon="10.7641205" /><node id="-8268" lat="34.7513032" lon="10.7640803" /><node id="-8269" lat="34.7513869" lon="10.7635693" /><node id="-8270" lat="34.7583087" lon="10.7669127" /><node id="-8271" lat="34.7596176" lon="10.7644672" /><node id="-8272" lat="34.7595047" lon="10.7640421" /><node id="-8273" lat="34.7594898" lon="10.7640582" /><node id="-8274" lat="34.7594656" lon="10.7645644" /><node id="-8275" lat="34.7594887" lon="10.7640816" /><node id="-8276" lat="34.7594948" lon="10.7641098" /><node id="-8277" lat="34.7514819" lon="10.7597088" /><node id="-8278" lat="34.7517428" lon="10.7596037" /><node id="-8279" lat="34.75181" lon="10.7596131" /><node id="-8280" lat="34.7518675" lon="10.7596983" /><node id="-8281" lat="34.751881" lon="10.7597812" /><node id="-8282" lat="34.7519193" lon="10.7598711" /><node id="-8283" lat="34.7519621" lon="10.7598768" /><node id="-8284" lat="34.7524089" lon="10.7597505" /><node id="-8285" lat="34.750764" lon="10.7599416" /><node id="-8286" lat="34.7405713" lon="10.7638244" /><node id="-8287" lat="34.7405499" lon="10.7639681" /><node id="-8288" lat="34.7404829" lon="10.7642245" /><node id="-8289" lat="34.7404548" lon="10.7642968" /><node id="-8290" lat="34.7404218" lon="10.7643392" /><node id="-8291" lat="34.7403793" lon="10.7643686" /><node id="-8292" lat="34.740327" lon="10.764382" /><node id="-8293" lat="34.7402727" lon="10.7643867" /><node id="-8294" lat="34.7401677" lon="10.7643861" /><node id="-8295" lat="34.7401292" lon="10.7644075" /><node id="-8296" lat="34.7400983" lon="10.7644638" /><node id="-8297" lat="34.7400614" lon="10.7646658" /><node id="-8298" lat="34.7400085" lon="10.7649661" /><node id="-8299" lat="34.7399527" lon="10.7652772" /><node id="-8300" lat="34.7399005" lon="10.7655446" /><node id="-8301" lat="34.7398899" lon="10.7656245" /><node id="-8302" lat="34.7398525" lon="10.7657205" /><node id="-8303" lat="34.7397951" lon="10.7658042" /><node id="-8304" lat="34.7396739" lon="10.7659142" /><node id="-8305" lat="34.7396267" lon="10.7659273" /><node id="-8306" lat="34.7395384" lon="10.7659518" /><node id="-8307" lat="34.7393709" lon="10.7659665" /><node id="-8308" lat="34.7391593" lon="10.765937" /><node id="-8309" lat="34.738606" lon="10.765874" /><node id="-8310" lat="34.7385035" lon="10.765878" /><node id="-8311" lat="34.7383933" lon="10.7659075" /><node id="-8312" lat="34.7376787" lon="10.7661583" /><node id="-8313" lat="34.7376933" lon="10.7661955" /><node id="-8314" lat="34.7377804" lon="10.7663999" /><node id="-8315" lat="34.7377924" lon="10.7664347" /><node id="-8316" lat="34.7378412" lon="10.766512" /><node id="-8317" lat="34.7381258" lon="10.7665977" /><node id="-8318" lat="34.7395704" lon="10.7634918" /><node id="-8319" lat="34.7394062" lon="10.7635189" /><node id="-8320" lat="34.7375317" lon="10.7640913" /><node id="-8321" lat="34.7373453" lon="10.7641406" /><node id="-8322" lat="34.7368185" lon="10.7643025" /><node id="-8323" lat="34.7363547" lon="10.7644427" /><node id="-8324" lat="34.7353883" lon="10.7647479" /><node id="-8325" lat="34.7485233" lon="10.7609533" /><node id="-8326" lat="34.7502902" lon="10.763498" /><node id="-8327" lat="34.7503624" lon="10.7635714" /><node id="-8328" lat="34.750448" lon="10.7636241" /><node id="-8329" lat="34.7507489" lon="10.7637368" /><node id="-8330" lat="34.7509064" lon="10.7638333" /><node id="-8331" lat="34.7510184" lon="10.7639623" /><node id="-8332" lat="34.7510926" lon="10.7640683" /><node id="-8333" lat="34.7511525" lon="10.7642821" /><node id="-8334" lat="34.7511526" lon="10.7643599" /><node id="-8335" lat="34.7511467" lon="10.7644726" /><node id="-8336" lat="34.75104" lon="10.7657627" /><node id="-8337" lat="34.7896743" lon="10.7600852" /><node id="-8338" lat="34.7896388" lon="10.7599264" /><node id="-8339" lat="34.7895496" lon="10.7595462" /><node id="-8340" lat="34.7893719" lon="10.7589011" /><node id="-8341" lat="34.7888963" lon="10.757539" /><node id="-8342" lat="34.7893789" lon="10.7572481" /><node id="-8343" lat="34.7890262" lon="10.7562509" /><node id="-8344" lat="34.7886061" lon="10.7551834" /><node id="-8345" lat="34.788356" lon="10.7546671" /><node id="-8346" lat="34.788176" lon="10.7543145" /><node id="-8347" lat="34.787953" lon="10.7538618" /><node id="-8348" lat="34.7879274" lon="10.7538076" /><node id="-8349" lat="34.7877486" lon="10.753426" /><node id="-8350" lat="34.7874006" lon="10.7523852" /><node id="-8351" lat="34.7872821" lon="10.7520878" /><node id="-8352" lat="34.7872373" lon="10.7519455" /><node id="-8353" lat="34.7870275" lon="10.751491" /><node id="-8354" lat="34.8282225" lon="10.7664322" /><node id="-8355" lat="34.8277445" lon="10.7667047" /><node id="-8356" lat="34.8275078" lon="10.7668459" /><node id="-8357" lat="34.8272821" lon="10.7670277" /><node id="-8358" lat="34.8273982" lon="10.7680319" /><node id="-8359" lat="34.7468553" lon="10.7581066" /><node id="-8360" lat="34.746523" lon="10.7584115" /><node id="-8361" lat="34.7488883" lon="10.758335" /><node id="-8362" lat="34.7461946" lon="10.7578569" /><node id="-8363" lat="34.8006017" lon="10.7612952" /><node id="-8364" lat="34.8010532" lon="10.7613471" /><node id="-8365" lat="34.8013057" lon="10.7613738" /><node id="-8366" lat="34.7953327" lon="10.7626274" /><node id="-8367" lat="34.7951738" lon="10.7623207" /><node id="-8368" lat="34.7951801" lon="10.7622793" /><node id="-8369" lat="34.7951322" lon="10.7621855" /><node id="-8370" lat="34.79582" lon="10.7607628" /><node id="-8371" lat="34.7958252" lon="10.7608107" /><node id="-8372" lat="34.7958891" lon="10.7610839" /><node id="-8373" lat="34.7959335" lon="10.761241" /><node id="-8374" lat="34.7960112" lon="10.7612241" /><node id="-8375" lat="34.7713426" lon="10.7607001" /><node id="-8376" lat="34.7713028" lon="10.7606916" /><node id="-8377" lat="34.7716685" lon="10.7605343" /><node id="-8378" lat="34.7716904" lon="10.7604903" /><node id="-8379" lat="34.7716898" lon="10.760447" /><node id="-8380" lat="34.7716748" lon="10.7604121" /><node id="-8381" lat="34.7716521" lon="10.760392" /><node id="-8382" lat="34.7712799" lon="10.7605654" /><node id="-8383" lat="34.771258" lon="10.7604819" /><node id="-8384" lat="34.7712436" lon="10.7604274" /><node id="-8385" lat="34.7711447" lon="10.7601884" /><node id="-8386" lat="34.7709813" lon="10.7605763" /><node id="-8387" lat="34.7708288" lon="10.7599984" /><node id="-8388" lat="34.7668164" lon="10.7696713" /><node id="-8389" lat="34.7669709" lon="10.7699125" /><node id="-8390" lat="34.7669677" lon="10.7699585" /><node id="-8391" lat="34.7668124" lon="10.7701007" /><node id="-8392" lat="34.7668026" lon="10.7701387" /><node id="-8393" lat="34.8601406" lon="10.7628478" /><node id="-8394" lat="34.8604278" lon="10.7632649" /><node id="-8395" lat="34.8613896" lon="10.7644384" /><node id="-8396" lat="34.8615316" lon="10.7645845" /><node id="-8397" lat="34.8616438" lon="10.7646717" /><node id="-8398" lat="34.8620069" lon="10.7648152" /><node id="-8399" lat="34.8622622" lon="10.7649855" /><node id="-8400" lat="34.8626881" lon="10.7653342" /><node id="-8401" lat="34.862808" lon="10.7653785" /><node id="-8402" lat="34.8629038" lon="10.7653503" /><node id="-8403" lat="34.8630017" lon="10.765239" /><node id="-8404" lat="34.8636086" lon="10.7640903" /><node id="-8405" lat="34.8636427" lon="10.7640173" /><node id="-8406" lat="34.8636451" lon="10.7639518" /><node id="-8407" lat="34.8607052" lon="10.7651753" /><node id="-8408" lat="34.8604025" lon="10.7656185" /><node id="-8409" lat="34.7992102" lon="10.7611755" /><node id="-8410" lat="34.7987469" lon="10.7611222" /><node id="-8411" lat="34.7984186" lon="10.7610704" /><node id="-8412" lat="34.7982907" lon="10.7610423" /><node id="-8413" lat="34.797237" lon="10.760922" /><node id="-8414" lat="34.793363" lon="10.7605172" /><node id="-8415" lat="34.7930163" lon="10.7604791" /><node id="-8416" lat="34.7928359" lon="10.7604622" /><node id="-8417" lat="34.79265" lon="10.7604499" /><node id="-8418" lat="34.7925298" lon="10.760442" /><node id="-8419" lat="34.7916042" lon="10.7603756" /><node id="-8420" lat="34.7911064" lon="10.7603534" /><node id="-8421" lat="34.7906098" lon="10.760335" /><node id="-8422" lat="34.7901421" lon="10.7603229" /><node id="-8423" lat="34.7885364" lon="10.7603464" /><node id="-8424" lat="34.788266" lon="10.7603333" /><node id="-8425" lat="34.7877009" lon="10.7603577" /><node id="-8426" lat="34.7860225" lon="10.7604361" /><node id="-8427" lat="34.7855767" lon="10.7604524" /><node id="-8428" lat="34.7851654" lon="10.7604809" /><node id="-8429" lat="34.7848245" lon="10.760488" /><node id="-8430" lat="34.7846125" lon="10.7604935" /><node id="-8431" lat="34.7841989" lon="10.7605133" /><node id="-8432" lat="34.7835362" lon="10.7605365" /><node id="-8433" lat="34.7829666" lon="10.7605771" /><node id="-8434" lat="34.7826109" lon="10.7606001" /><node id="-8435" lat="34.7815436" lon="10.7606493" /><node id="-8436" lat="34.7812836" lon="10.7606674" /><node id="-8437" lat="34.7808735" lon="10.7606788" /><node id="-8438" lat="34.7803978" lon="10.7607189" /><node id="-8439" lat="34.7800521" lon="10.7607551" /><node id="-8440" lat="34.7796899" lon="10.7607886" /><node id="-8441" lat="34.7793519" lon="10.7608288" /><node id="-8442" lat="34.8142757" lon="10.7622483" /><node id="-8443" lat="34.8141314" lon="10.7622322" /><node id="-8444" lat="34.8139971" lon="10.7622054" /><node id="-8445" lat="34.8139057" lon="10.7621866" /><node id="-8446" lat="34.8137859" lon="10.7621786" /><node id="-8447" lat="34.8135556" lon="10.7621652" /><node id="-8448" lat="34.812482" lon="10.7621209" /><node id="-8449" lat="34.8121234" lon="10.7620947" /><node id="-8450" lat="34.8119867" lon="10.7620851" /><node id="-8451" lat="34.8113412" lon="10.7620151" /><node id="-8452" lat="34.8106795" lon="10.7619707" /><node id="-8453" lat="34.8101532" lon="10.7619399" /><node id="-8454" lat="34.8096159" lon="10.761909" /><node id="-8455" lat="34.8090158" lon="10.7618903" /><node id="-8456" lat="34.8087526" lon="10.7618822" /><node id="-8457" lat="34.8081028" lon="10.7618461" /><node id="-8458" lat="34.8073521" lon="10.7618218" /><node id="-8459" lat="34.8064463" lon="10.7617785" /><node id="-8460" lat="34.8048955" lon="10.7617263" /><node id="-8461" lat="34.8044559" lon="10.76169" /><node id="-8462" lat="34.8036648" lon="10.7616402" /><node id="-8463" lat="34.8029481" lon="10.7615714" /><node id="-8464" lat="34.8024541" lon="10.7615266" /><node id="-8465" lat="34.8023395" lon="10.7615256" /><node id="-8466" lat="34.8154197" lon="10.7635666" /><node id="-8467" lat="34.8159443" lon="10.7652283" /><node id="-8468" lat="34.8155358" lon="10.7656231" /><node id="-8469" lat="34.8156905" lon="10.7663414" /><node id="-8470" lat="34.8158028" lon="10.7668993" /><node id="-8471" lat="34.8158799" lon="10.7673123" /><node id="-8472" lat="34.815946" lon="10.7676181" /><node id="-8473" lat="34.8159988" lon="10.7677777" /><node id="-8474" lat="34.8160258" lon="10.7678146" /><node id="-8475" lat="34.8161474" lon="10.7679453" /><node id="-8476" lat="34.8167101" lon="10.7684161" /><node id="-8477" lat="34.8171219" lon="10.7687299" /><node id="-8478" lat="34.8172066" lon="10.7687916" /><node id="-8479" lat="34.8175028" lon="10.7689834" /><node id="-8480" lat="34.8176327" lon="10.7690826" /><node id="-8481" lat="34.8190896" lon="10.7698838" /><node id="-8482" lat="34.8188692" lon="10.7703795" /><node id="-8483" lat="34.8186314" lon="10.7709016" /><node id="-8484" lat="34.8184596" lon="10.7712109" /><node id="-8485" lat="34.8183363" lon="10.7714014" /><node id="-8486" lat="34.8185743" lon="10.771658" /><node id="-8487" lat="34.8187681" lon="10.7718371" /><node id="-8488" lat="34.8189605" lon="10.7720263" /><node id="-8489" lat="34.8190787" lon="10.7721828" /><node id="-8490" lat="34.8187623" lon="10.7725373" /><node id="-8491" lat="34.8186409" lon="10.772666" /><node id="-8492" lat="34.8184989" lon="10.7728165" /><node id="-8493" lat="34.8183363" lon="10.7729879" /><node id="-8494" lat="34.8180935" lon="10.7732978" /><node id="-8495" lat="34.8179615" lon="10.7734843" /><node id="-8496" lat="34.817646" lon="10.7739575" /><node id="-8497" lat="34.8013744" lon="10.7688616" /><node id="-8498" lat="34.8013716" lon="10.768821" /><node id="-8499" lat="34.8014216" lon="10.7687408" /><node id="-8500" lat="34.8013404" lon="10.7686386" /><node id="-8501" lat="34.8013432" lon="10.7686073" /><node id="-8502" lat="34.8014327" lon="10.7684806" /><node id="-8503" lat="34.8010245" lon="10.7663855" /><node id="-8504" lat="34.8009503" lon="10.7663221" /><node id="-8505" lat="34.8008941" lon="10.7662799" /><node id="-8506" lat="34.8008206" lon="10.7662714" /><node id="-8507" lat="34.8007588" lon="10.7662013" /><node id="-8508" lat="34.8002309" lon="10.7668106" /><node id="-8509" lat="34.8004113" lon="10.7669914" /><node id="-8510" lat="34.8004626" lon="10.7669973" /><node id="-8511" lat="34.8005451" lon="10.7669331" /><node id="-8512" lat="34.8006145" lon="10.7668571" /><node id="-8513" lat="34.7985041" lon="10.7597093" /><node id="-8514" lat="34.798467" lon="10.7595015" /><node id="-8515" lat="34.7985933" lon="10.7594669" /><node id="-8516" lat="34.7934867" lon="10.7681153" /><node id="-8517" lat="34.7934509" lon="10.7682068" /><node id="-8518" lat="34.7933241" lon="10.7683761" /><node id="-8519" lat="34.7977466" lon="10.7672654" /><node id="-8520" lat="34.7976062" lon="10.7670562" /><node id="-8521" lat="34.7975836" lon="10.7669733" /><node id="-8522" lat="34.7974151" lon="10.7667186" /><node id="-8523" lat="34.7973292" lon="10.7666069" /><node id="-8524" lat="34.7973033" lon="10.766556" /><node id="-8525" lat="34.7973122" lon="10.7664768" /><node id="-8526" lat="34.7970842" lon="10.7688342" /><node id="-8527" lat="34.7969793" lon="10.7690002" /><node id="-8528" lat="34.7969443" lon="10.7690928" /><node id="-8529" lat="34.7970859" lon="10.7692812" /><node id="-8530" lat="34.7960693" lon="10.7620157" /><node id="-8531" lat="34.7960318" lon="10.761916" /><node id="-8532" lat="34.7959819" lon="10.7618881" /><node id="-8533" lat="34.7958639" lon="10.7618788" /><node id="-8534" lat="34.7957973" lon="10.7617284" /><node id="-8535" lat="34.7987579" lon="10.7614029" /><node id="-8536" lat="34.7987661" lon="10.761529" /><node id="-8537" lat="34.7987926" lon="10.7617603" /><node id="-8538" lat="34.7987777" lon="10.7618046" /><node id="-8539" lat="34.7985817" lon="10.7618549" /><node id="-8540" lat="34.7984969" lon="10.7618616" /><node id="-8541" lat="34.7984139" lon="10.7618832" /><node id="-8542" lat="34.7984384" lon="10.7621147" /><node id="-8543" lat="34.7968498" lon="10.7616724" /><node id="-8544" lat="34.7970122" lon="10.7616449" /><node id="-8545" lat="34.7971366" lon="10.7616268" /><node id="-8546" lat="34.7974274" lon="10.7615765" /><node id="-8547" lat="34.7974714" lon="10.7615678" /><node id="-8548" lat="34.7970711" lon="10.7622585" /><node id="-8549" lat="34.7972494" lon="10.7621893" /><node id="-8550" lat="34.7961448" lon="10.7625741" /><node id="-8551" lat="34.7962329" lon="10.7627518" /><node id="-8552" lat="34.7962268" lon="10.762792" /><node id="-8553" lat="34.7960217" lon="10.7629241" /><node id="-8554" lat="34.7959402" lon="10.7627665" /><node id="-8555" lat="34.7954637" lon="10.7676348" /><node id="-8556" lat="34.7954802" lon="10.7675328" /><node id="-8557" lat="34.7943042" lon="10.7684694" /><node id="-8558" lat="34.7942536" lon="10.7685472" /><node id="-8559" lat="34.7942536" lon="10.7686047" /><node id="-8560" lat="34.7944909" lon="10.7688228" /><node id="-8561" lat="34.7912909" lon="10.7687172" /><node id="-8562" lat="34.749031" lon="10.7677308" /><node id="-8563" lat="34.7491924" lon="10.76781" /><node id="-8564" lat="34.7452828" lon="10.7669082" /><node id="-8565" lat="34.7458943" lon="10.7663866" /><node id="-8566" lat="34.745851" lon="10.7664668" /><node id="-8567" lat="34.7458203" lon="10.7665216" /><node id="-8568" lat="34.7448061" lon="10.7665184" /><node id="-8569" lat="34.7446245" lon="10.7663694" /><node id="-8570" lat="34.7443945" lon="10.7669241" /><node id="-8571" lat="34.7443758" lon="10.7668899" /><node id="-8572" lat="34.7443736" lon="10.766843" /><node id="-8573" lat="34.7871967" lon="10.7696313" /><node id="-8574" lat="34.7872535" lon="10.7695352" /><node id="-8575" lat="34.7873262" lon="10.7695191" /><node id="-8576" lat="34.7877319" lon="10.7699633" /><node id="-8577" lat="34.7876542" lon="10.7700652" /><node id="-8578" lat="34.7884366" lon="10.766361" /><node id="-8579" lat="34.7883804" lon="10.7662698" /><node id="-8580" lat="34.7882811" lon="10.766143" /><node id="-8581" lat="34.7906187" lon="10.7654492" /><node id="-8582" lat="34.7978934" lon="10.7682188" /><node id="-8583" lat="34.7985982" lon="10.7669176" /><node id="-8584" lat="34.7983633" lon="10.7643802" /><node id="-8585" lat="34.7983702" lon="10.7644165" /><node id="-8586" lat="34.7983983" lon="10.7645644" /><node id="-8587" lat="34.7984533" lon="10.7647589" /><node id="-8588" lat="34.7984764" lon="10.7649225" /><node id="-8589" lat="34.7985822" lon="10.7643435" /><node id="-8590" lat="34.7986346" lon="10.7643786" /><node id="-8591" lat="34.7986686" lon="10.7644602" /><node id="-8592" lat="34.7986839" lon="10.7645946" /><node id="-8593" lat="34.7980793" lon="10.7634408" /><node id="-8594" lat="34.7978615" lon="10.7634856" /><node id="-8595" lat="34.7972211" lon="10.7634174" /><node id="-8596" lat="34.7974695" lon="10.7633971" /><node id="-8597" lat="34.8053375" lon="10.7669112" /><node id="-8598" lat="34.8054406" lon="10.7667792" /><node id="-8599" lat="34.805494" lon="10.7667355" /><node id="-8600" lat="34.8055578" lon="10.7667472" /><node id="-8601" lat="34.8056714" lon="10.7668835" /><node id="-8602" lat="34.8051865" lon="10.7661801" /><node id="-8603" lat="34.8052669" lon="10.7660795" /><node id="-8604" lat="34.805868" lon="10.7669843" /><node id="-8605" lat="34.8151378" lon="10.7620378" /><node id="-8606" lat="34.8151334" lon="10.7619493" /><node id="-8607" lat="34.8151213" lon="10.7618527" /><node id="-8608" lat="34.815086" lon="10.7617213" /><node id="-8609" lat="34.8149781" lon="10.7613257" /><node id="-8610" lat="34.8149275" lon="10.761154" /><node id="-8611" lat="34.8148603" lon="10.7609354" /><node id="-8612" lat="34.8148438" lon="10.760859" /><node id="-8613" lat="34.814835" lon="10.7607959" /><node id="-8614" lat="34.8148306" lon="10.7607369" /><node id="-8615" lat="34.8148295" lon="10.7606484" /><node id="-8616" lat="34.8148218" lon="10.7605357" /><node id="-8617" lat="34.8148196" lon="10.7604673" /><node id="-8618" lat="34.814813" lon="10.760403" /><node id="-8619" lat="34.8148108" lon="10.7603373" /><node id="-8620" lat="34.8149704" lon="10.7655396" /><node id="-8621" lat="34.8148328" lon="10.7656362" /><node id="-8622" lat="34.8167519" lon="10.7628733" /><node id="-8623" lat="34.8167783" lon="10.7631952" /><node id="-8624" lat="34.816813" lon="10.7635304" /><node id="-8625" lat="34.8168441" lon="10.7637418" /><node id="-8626" lat="34.8168478" lon="10.7637519" /><node id="-8627" lat="34.8168529" lon="10.7637598" /><node id="-8628" lat="34.8168626" lon="10.7637608" /><node id="-8629" lat="34.8168725" lon="10.7637594" /><node id="-8630" lat="34.8169072" lon="10.7637531" /><node id="-8631" lat="34.8171053" lon="10.7636867" /><node id="-8632" lat="34.8172727" lon="10.7633024" /><node id="-8633" lat="34.8172914" lon="10.7634446" /><node id="-8634" lat="34.8173151" lon="10.7635666" /><node id="-8635" lat="34.8173355" lon="10.7635955" /><node id="-8636" lat="34.8173652" lon="10.7635961" /><node id="-8637" lat="34.8176448" lon="10.7634808" /><node id="-8638" lat="34.8364119" lon="10.7559082" /><node id="-8639" lat="34.835804" lon="10.7548428" /><node id="-8640" lat="34.8354374" lon="10.754197" /><node id="-8641" lat="34.835402" lon="10.7541005" /><node id="-8642" lat="34.8353921" lon="10.7539963" /><node id="-8643" lat="34.8481377" lon="10.762204" /><node id="-8644" lat="34.848174" lon="10.7623689" /><node id="-8645" lat="34.8483369" lon="10.7627176" /><node id="-8646" lat="34.8484822" lon="10.7630636" /><node id="-8647" lat="34.8486362" lon="10.7633023" /><node id="-8648" lat="34.8489949" lon="10.7638571" /><node id="-8649" lat="34.8498203" lon="10.7618909" /><node id="-8650" lat="34.8504956" lon="10.763295" /><node id="-8651" lat="34.8505053" lon="10.7633981" /><node id="-8652" lat="34.8504734" lon="10.7635096" /><node id="-8653" lat="34.8503847" lon="10.7636143" /><node id="-8654" lat="34.8501767" lon="10.7638526" /><node id="-8655" lat="34.8501074" lon="10.7639455" /><node id="-8656" lat="34.8497676" lon="10.7642378" /><node id="-8657" lat="34.8495057" lon="10.7644662" /><node id="-8658" lat="34.8501495" lon="10.7640397" /><node id="-8659" lat="34.8504258" lon="10.7644527" /><node id="-8660" lat="34.8504448" lon="10.7644838" /><node id="-8661" lat="34.850567" lon="10.7646829" /><node id="-8662" lat="34.850592" lon="10.7647237" /><node id="-8663" lat="34.8507912" lon="10.7650334" /><node id="-8664" lat="34.8509629" lon="10.7653151" /><node id="-8665" lat="34.8510124" lon="10.7653727" /><node id="-8666" lat="34.8512512" lon="10.7656289" /><node id="-8667" lat="34.8513939" lon="10.7657818" /><node id="-8668" lat="34.8508092" lon="10.764451" /><node id="-8669" lat="34.8508626" lon="10.7644594" /><node id="-8670" lat="34.8509714" lon="10.7646048" /><node id="-8671" lat="34.8510768" lon="10.7647349" /><node id="-8672" lat="34.8512584" lon="10.7649427" /><node id="-8673" lat="34.8514248" lon="10.7651683" /><node id="-8674" lat="34.851492" lon="10.7652519" /><node id="-8675" lat="34.8499013" lon="10.7650261" /><node id="-8676" lat="34.8356398" lon="10.766791" /><node id="-8677" lat="34.8356398" lon="10.7670981" /><node id="-8678" lat="34.8331624" lon="10.7654413" /><node id="-8679" lat="34.8331971" lon="10.7656905" /><node id="-8680" lat="34.8332283" lon="10.7659583" /><node id="-8681" lat="34.833376" lon="10.7664213" /><node id="-8682" lat="34.8325005" lon="10.76519" /><node id="-8683" lat="34.8326288" lon="10.7655322" /><node id="-8684" lat="34.829294" lon="10.7649164" /><node id="-8685" lat="34.8294347" lon="10.7653592" /><node id="-8686" lat="34.820478" lon="10.763525" /><node id="-8687" lat="34.820532" lon="10.7636975" /><node id="-8688" lat="34.8202579" lon="10.7636492" /><node id="-8689" lat="34.818976" lon="10.7648655" /><node id="-8690" lat="34.818638" lon="10.7651418" /><node id="-8691" lat="34.8184453" lon="10.7653121" /><node id="-8692" lat="34.818562" lon="10.7640333" /><node id="-8693" lat="34.8183968" lon="10.7641433" /><node id="-8694" lat="34.8180258" lon="10.7643887" /><node id="-8695" lat="34.8178969" lon="10.7641567" /><node id="-8696" lat="34.8189117" lon="10.7643993" /><node id="-8697" lat="34.818843" lon="10.7644457" /><node id="-8698" lat="34.818802" lon="10.7644821" /><node id="-8699" lat="34.8187763" lon="10.7645202" /><node id="-8700" lat="34.81876" lon="10.7645654" /><node id="-8701" lat="34.8187366" lon="10.7646327" /><node id="-8702" lat="34.817974" lon="10.7644236" /><node id="-8703" lat="34.8178573" lon="10.764496" /><node id="-8704" lat="34.8177142" lon="10.7645778" /><node id="-8705" lat="34.8175044" lon="10.7646851" /><node id="-8706" lat="34.8174596" lon="10.7646884" /><node id="-8707" lat="34.8173433" lon="10.7646542" /><node id="-8708" lat="34.8171087" lon="10.7648253" /><node id="-8709" lat="34.8169033" lon="10.7649094" /><node id="-8710" lat="34.8167971" lon="10.7649232" /><node id="-8711" lat="34.8174275" lon="10.7647334" /><node id="-8712" lat="34.8176168" lon="10.7651673" /><node id="-8713" lat="34.8176944" lon="10.7653061" /><node id="-8714" lat="34.817723" lon="10.7653403" /><node id="-8715" lat="34.8177434" lon="10.7653671" /><node id="-8716" lat="34.8178744" lon="10.7656219" /><node id="-8717" lat="34.8178794" lon="10.7656561" /><node id="-8718" lat="34.8178821" lon="10.7656796" /><node id="-8719" lat="34.8174037" lon="10.7663394" /><node id="-8720" lat="34.8174279" lon="10.7663595" /><node id="-8721" lat="34.8176113" lon="10.7666415" /><node id="-8722" lat="34.8174665" lon="10.7667947" /><node id="-8723" lat="34.8174469" lon="10.7668185" /><node id="-8724" lat="34.8174285" lon="10.766845" /><node id="-8725" lat="34.8174169" lon="10.7668698" /><node id="-8726" lat="34.817429" lon="10.766902" /><node id="-8727" lat="34.8174533" lon="10.7669395" /><node id="-8728" lat="34.8174637" lon="10.7669637" /><node id="-8729" lat="34.817467" lon="10.7669932" /><node id="-8730" lat="34.8174549" lon="10.767026" /><node id="-8731" lat="34.8171527" lon="10.7673365" /><node id="-8732" lat="34.8178948" lon="10.7663842" /><node id="-8733" lat="34.8180055" lon="10.766293" /><node id="-8734" lat="34.8180357" lon="10.7662857" /><node id="-8735" lat="34.8180627" lon="10.7662891" /><node id="-8736" lat="34.8180843" lon="10.7662915" /><node id="-8737" lat="34.8181111" lon="10.7662824" /><node id="-8738" lat="34.8181491" lon="10.7662462" /><node id="-8739" lat="34.8183308" lon="10.7660589" /><node id="-8740" lat="34.8182986" lon="10.7665775" /><node id="-8741" lat="34.8184409" lon="10.7667585" /><node id="-8742" lat="34.8185576" lon="10.7668497" /><node id="-8743" lat="34.8186033" lon="10.7668617" /><node id="-8744" lat="34.818639" lon="10.7668557" /><node id="-8745" lat="34.8186633" lon="10.7668389" /><node id="-8746" lat="34.8187084" lon="10.7667598" /><node id="-8747" lat="34.8187381" lon="10.7667477" /><node id="-8748" lat="34.8187745" lon="10.7667652" /><node id="-8749" lat="34.818889" lon="10.7668684" /><node id="-8750" lat="34.8189848" lon="10.7669476" /><node id="-8751" lat="34.817948" lon="10.7669696" /><node id="-8752" lat="34.8174632" lon="10.7683799" /><node id="-8753" lat="34.8176856" lon="10.7681841" /><node id="-8754" lat="34.8178766" lon="10.7679883" /><node id="-8755" lat="34.8178986" lon="10.7679541" /><node id="-8756" lat="34.8179151" lon="10.7679051" /><node id="-8757" lat="34.8179228" lon="10.7678662" /><node id="-8758" lat="34.817925" lon="10.7678186" /><node id="-8759" lat="34.8179344" lon="10.7677536" /><node id="-8760" lat="34.8180742" lon="10.7675886" /><node id="-8761" lat="34.8182273" lon="10.767429" /><node id="-8762" lat="34.8182906" lon="10.7674116" /><node id="-8763" lat="34.8183577" lon="10.7674062" /><node id="-8764" lat="34.8183886" lon="10.7673948" /><node id="-8765" lat="34.8186115" lon="10.7671836" /><node id="-8766" lat="34.8176298" lon="10.7675506" /><node id="-8767" lat="34.818083" lon="10.7692784" /><node id="-8768" lat="34.8180786" lon="10.7693428" /><node id="-8769" lat="34.8180467" lon="10.7694165" /><node id="-8770" lat="34.8178166" lon="10.7697733" /><node id="-8771" lat="34.8175744" lon="10.7701541" /><node id="-8772" lat="34.8175226" lon="10.7702252" /><node id="-8773" lat="34.8174943" lon="10.770245" /><node id="-8774" lat="34.8174681" lon="10.770243" /><node id="-8775" lat="34.8173927" lon="10.7702058" /><node id="-8776" lat="34.8172749" lon="10.7701367" /><node id="-8777" lat="34.8172408" lon="10.7701394" /><node id="-8778" lat="34.8172132" lon="10.7701689" /><node id="-8779" lat="34.8171483" lon="10.7703151" /><node id="-8780" lat="34.7926597" lon="10.7605782" /><node id="-8781" lat="34.7927485" lon="10.7609702" /><node id="-8782" lat="34.7928054" lon="10.7611612" /><node id="-8783" lat="34.7829731" lon="10.7606919" /><node id="-8784" lat="34.7830413" lon="10.7610836" /><node id="-8785" lat="34.7830658" lon="10.7612039" /><node id="-8786" lat="34.783161" lon="10.7614806" /><node id="-8787" lat="34.7735158" lon="10.7623313" /><node id="-8788" lat="34.7619427" lon="10.7634416" /><node id="-8789" lat="34.7619504" lon="10.7635006" /><node id="-8790" lat="34.7621169" lon="10.7638953" /><node id="-8791" lat="34.7449714" lon="10.7674558" /><node id="-8792" lat="34.7449372" lon="10.7674666" /><node id="-8793" lat="34.7449042" lon="10.7674572" /><node id="-8794" lat="34.7482475" lon="10.7639006" /><node id="-8795" lat="34.7483621" lon="10.7640146" /><node id="-8796" lat="34.7483886" lon="10.7640347" /><node id="-8797" lat="34.7484382" lon="10.7640521" /><node id="-8798" lat="34.7487043" lon="10.7640072" /><node id="-8799" lat="34.7487373" lon="10.7639831" /><node id="-8800" lat="34.7487577" lon="10.7639408" /><node id="-8801" lat="34.7482211" lon="10.7645148" /><node id="-8802" lat="34.7481858" lon="10.7645939" /><node id="-8803" lat="34.7481274" lon="10.7646529" /><node id="-8804" lat="34.7486222" lon="10.7632448" /><node id="-8805" lat="34.74849" lon="10.7629859" /><node id="-8806" lat="34.7483214" lon="10.7624589" /><node id="-8807" lat="34.7431493" lon="10.7615932" /><node id="-8808" lat="34.7431707" lon="10.7615785" /><node id="-8809" lat="34.7431796" lon="10.7615563" /><node id="-8810" lat="34.7446783" lon="10.7600851" /><node id="-8811" lat="34.7447196" lon="10.7602626" /><node id="-8812" lat="34.7447436" lon="10.7605248" /><node id="-8813" lat="34.7447684" lon="10.7607749" /><node id="-8814" lat="34.7450369" lon="10.761981" /><node id="-8815" lat="34.7450896" lon="10.7622089" /><node id="-8816" lat="34.7459777" lon="10.7649218" /><node id="-8817" lat="34.7461656" lon="10.7654489" /><node id="-8818" lat="34.7766288" lon="10.7682393" /><node id="-8819" lat="34.7766299" lon="10.7681977" /><node id="-8820" lat="34.7767689" lon="10.7680843" /><node id="-8821" lat="34.7767863" lon="10.7680336" /><node id="-8822" lat="34.7767092" lon="10.7678705" /><node id="-8823" lat="34.7768789" lon="10.7683516" /><node id="-8824" lat="34.7769297" lon="10.7683038" /><node id="-8825" lat="34.7769239" lon="10.7682582" /><node id="-8826" lat="34.7769786" lon="10.7682127" /><node id="-8827" lat="34.7769422" lon="10.7681263" /><node id="-8828" lat="34.7770131" lon="10.7680714" /><node id="-8829" lat="34.7771253" lon="10.7680893" /><node id="-8830" lat="34.7772203" lon="10.7681088" /><node id="-8831" lat="34.7772864" lon="10.7680644" /><node id="-8832" lat="34.7771589" lon="10.7676897" /><node id="-8833" lat="34.7770515" lon="10.7677889" /><node id="-8834" lat="34.7771445" lon="10.7679757" /><node id="-8835" lat="34.7801726" lon="10.7665318" /><node id="-8836" lat="34.7726153" lon="10.7592859" /><node id="-8837" lat="34.805507" lon="10.7592638" /><node id="-8838" lat="34.8055708" lon="10.7592611" /><node id="-8839" lat="34.8058373" lon="10.7590331" /><node id="-8840" lat="34.8097738" lon="10.7599232" /><node id="-8841" lat="34.8098297" lon="10.7599394" /><node id="-8842" lat="34.8103246" lon="10.7596035" /><node id="-8843" lat="34.8103472" lon="10.7595507" /><node id="-8844" lat="34.8100985" lon="10.7590303" /><node id="-8845" lat="34.81039" lon="10.7609193" /><node id="-8846" lat="34.8104516" lon="10.7609609" /><node id="-8847" lat="34.8104968" lon="10.7609998" /><node id="-8848" lat="34.8105199" lon="10.761036" /><node id="-8849" lat="34.8105353" lon="10.7611138" /><node id="-8850" lat="34.8105524" lon="10.7614866" /><node id="-8851" lat="34.8105571" lon="10.761688" /><node id="-8852" lat="34.81075" lon="10.7587144" /><node id="-8853" lat="34.7882549" lon="10.7601265" /><node id="-8854" lat="34.7882527" lon="10.759852" /><node id="-8855" lat="34.7882582" lon="10.7597543" /><node id="-8856" lat="34.7882471" lon="10.7596566" /><node id="-8857" lat="34.7877786" lon="10.7581432" /><node id="-8858" lat="34.7883208" lon="10.75987" /><node id="-8859" lat="34.7884209" lon="10.759806" /><node id="-8860" lat="34.7884627" lon="10.7597683" /><node id="-8861" lat="34.7885403" lon="10.7597399" /><node id="-8862" lat="34.7886196" lon="10.7596464" /><node id="-8863" lat="34.7888116" lon="10.7595742" /><node id="-8864" lat="34.788163" lon="10.7598669" /><node id="-8865" lat="34.7879618" lon="10.7598781" /><node id="-8866" lat="34.7877506" lon="10.7598781" /><node id="-8867" lat="34.7876712" lon="10.7598246" /><node id="-8868" lat="34.7875818" lon="10.7592866" /><node id="-8869" lat="34.7875411" lon="10.7592565" /><node id="-8870" lat="34.7874162" lon="10.7592963" /><node id="-8871" lat="34.7873624" lon="10.7592813" /><node id="-8872" lat="34.7873093" lon="10.7592167" /><node id="-8873" lat="34.787212" lon="10.7590105" /><node id="-8874" lat="34.7871894" lon="10.7589362" /><node id="-8875" lat="34.7871342" lon="10.7585965" /><node id="-8876" lat="34.7870935" lon="10.7585522" /><node id="-8877" lat="34.7870027" lon="10.7585487" /><node id="-8878" lat="34.7868733" lon="10.7581717" /><node id="-8879" lat="34.7869075" lon="10.7585965" /><node id="-8880" lat="34.786663" lon="10.7601908" /><node id="-8881" lat="34.7866529" lon="10.7600148" /><node id="-8882" lat="34.7865277" lon="10.7593694" /><node id="-8883" lat="34.7866175" lon="10.7592415" /><node id="-8884" lat="34.759066" lon="10.7690744" /><node id="-8885" lat="34.7591403" lon="10.7691984" /><node id="-8886" lat="34.7592079" lon="10.7693062" /><node id="-8887" lat="34.7661822" lon="10.7643025" /><node id="-8888" lat="34.7661923" lon="10.7642667" /><node id="-8889" lat="34.7662139" lon="10.7642477" /><node id="-8890" lat="34.7663456" lon="10.7641908" /><node id="-8891" lat="34.7662635" lon="10.7647448" /><node id="-8892" lat="34.7662882" lon="10.7649679" /><node id="-8893" lat="34.7663008" lon="10.7649969" /><node id="-8894" lat="34.7663173" lon="10.7650069" /><node id="-8895" lat="34.7664314" lon="10.7649794" /><node id="-8896" lat="34.7664693" lon="10.7647145" /><node id="-8897" lat="34.7664907" lon="10.7647223" /><node id="-8898" lat="34.7665049" lon="10.764741" /><node id="-8899" lat="34.7665122" lon="10.7648313" /><node id="-8900" lat="34.7667743" lon="10.7662597" /><node id="-8901" lat="34.7671346" lon="10.7660688" /><node id="-8902" lat="34.7654433" lon="10.7694409" /><node id="-8903" lat="34.7652362" lon="10.7696715" /><node id="-8904" lat="34.7657926" lon="10.768178" /><node id="-8905" lat="34.76509" lon="10.7686819" /><node id="-8906" lat="34.7650939" lon="10.7687001" /><node id="-8907" lat="34.7650884" lon="10.7687205" /><node id="-8908" lat="34.7650642" lon="10.7687512" /><node id="-8909" lat="34.7649777" lon="10.7688437" /><node id="-8910" lat="34.764972" lon="10.7688561" /><node id="-8911" lat="34.7649711" lon="10.7688707" /><node id="-8912" lat="34.7650449" lon="10.7689703" /><node id="-8913" lat="34.7650753" lon="10.7690114" /><node id="-8914" lat="34.7657847" lon="10.7697052" /><node id="-8915" lat="34.7656966" lon="10.769799" /><node id="-8916" lat="34.7654807" lon="10.7701263" /><node id="-8917" lat="34.7655919" lon="10.7702778" /><node id="-8918" lat="34.7633348" lon="10.7699945" /><node id="-8919" lat="34.7632279" lon="10.7698369" /><node id="-8920" lat="34.7664576" lon="10.7689478" /><node id="-8921" lat="34.7665896" lon="10.7691906" /><node id="-8922" lat="34.766509" lon="10.7689036" /><node id="-8923" lat="34.7666423" lon="10.7687889" /><node id="-8924" lat="34.7997952" lon="10.7680544" /><node id="-8925" lat="34.7995076" lon="10.7678532" /><node id="-8926" lat="34.7994543" lon="10.7678213" /><node id="-8927" lat="34.7991257" lon="10.7684457" /><node id="-8928" lat="34.7992804" lon="10.76816" /><node id="-8929" lat="34.7991808" lon="10.7694201" /><node id="-8930" lat="34.7989633" lon="10.7691293" /><node id="-8931" lat="34.7988977" lon="10.7689472" /><node id="-8932" lat="34.7962666" lon="10.7654961" /><node id="-8933" lat="34.7960779" lon="10.7651506" /><node id="-8934" lat="34.796021" lon="10.7650728" /><node id="-8935" lat="34.7971651" lon="10.7655737" /><node id="-8936" lat="34.7973899" lon="10.7655237" /><node id="-8937" lat="34.7971921" lon="10.7641416" /><node id="-8938" lat="34.7973206" lon="10.7644716" /><node id="-8939" lat="34.7997185" lon="10.7671668" /><node id="-8940" lat="34.7996657" lon="10.7672513" /><node id="-8941" lat="34.7996431" lon="10.7672904" /><node id="-8942" lat="34.7996139" lon="10.7673412" /><node id="-8943" lat="34.7993936" lon="10.7670837" /><node id="-8944" lat="34.7947379" lon="10.7661001" /><node id="-8945" lat="34.7932487" lon="10.7643707" /><node id="-8946" lat="34.7931246" lon="10.7645549" /><node id="-8947" lat="34.7930092" lon="10.764706" /><node id="-8948" lat="34.7929777" lon="10.7647539" /><node id="-8949" lat="34.7930241" lon="10.7648827" /><node id="-8950" lat="34.7929358" lon="10.765003" /><node id="-8951" lat="34.7875709" lon="10.7680308" /><node id="-8952" lat="34.7874354" lon="10.7682491" /><node id="-8953" lat="34.7873969" lon="10.7683111" /><node id="-8954" lat="34.7872898" lon="10.7684854" /><node id="-8955" lat="34.7871931" lon="10.7686756" /><node id="-8956" lat="34.7878198" lon="10.768633" /><node id="-8957" lat="34.7878308" lon="10.7687094" /><node id="-8958" lat="34.7877769" lon="10.7688315" /><node id="-8959" lat="34.7876965" lon="10.7689616" /><node id="-8960" lat="34.7875962" lon="10.7691828" /><node id="-8961" lat="34.7875434" lon="10.7692673" /><node id="-8962" lat="34.78767" lon="10.7695382" /><node id="-8963" lat="34.7877868" lon="10.7693639" /><node id="-8964" lat="34.7870072" lon="10.7694577" /><node id="-8965" lat="34.7872613" lon="10.7674353" /><node id="-8966" lat="34.787073" lon="10.7676915" /><node id="-8967" lat="34.7881654" lon="10.7620355" /><node id="-8968" lat="34.7881059" lon="10.7618853" /><node id="-8969" lat="34.7870745" lon="10.7622836" /><node id="-8970" lat="34.7870544" lon="10.7622974" /><node id="-8971" lat="34.7868267" lon="10.7624539" /><node id="-8972" lat="34.7867606" lon="10.7625089" /><node id="-8973" lat="34.7869676" lon="10.7621119" /><node id="-8974" lat="34.8175424" lon="10.760352" /><node id="-8975" lat="34.8173399" lon="10.7604593" /><node id="-8976" lat="34.817265" lon="10.7605022" /><node id="-8977" lat="34.8172011" lon="10.7605129" /><node id="-8978" lat="34.8171439" lon="10.7604673" /><node id="-8979" lat="34.8170822" lon="10.7603386" /><node id="-8980" lat="34.8168598" lon="10.7598478" /><node id="-8981" lat="34.8190717" lon="10.7599725" /><node id="-8982" lat="34.8191763" lon="10.7612774" /><node id="-8983" lat="34.8192105" lon="10.7612492" /><node id="-8984" lat="34.8192171" lon="10.7612103" /><node id="-8985" lat="34.8192039" lon="10.7611473" /><node id="-8986" lat="34.8191961" lon="10.7610923" /><node id="-8987" lat="34.8192072" lon="10.7610534" /><node id="-8988" lat="34.819249" lon="10.7610306" /><node id="-8989" lat="34.8192996" lon="10.7610078" /><node id="-8990" lat="34.8196156" lon="10.7609354" /><node id="-8991" lat="34.8196442" lon="10.7609233" /><node id="-8992" lat="34.8196453" lon="10.7608871" /><node id="-8993" lat="34.8196035" lon="10.7606672" /><node id="-8994" lat="34.8192908" lon="10.7617038" /><node id="-8995" lat="34.8193178" lon="10.7617032" /><node id="-8996" lat="34.8193404" lon="10.7616924" /><node id="-8997" lat="34.819353" lon="10.7616643" /><node id="-8998" lat="34.8193481" lon="10.7616053" /><node id="-8999" lat="34.8193426" lon="10.7615298" /><node id="-9000" lat="34.8193497" lon="10.7615057" /><node id="-9001" lat="34.8193662" lon="10.7614879" /><node id="-9002" lat="34.8196299" lon="10.761437" /><node id="-9003" lat="34.8163335" lon="10.7687473" /><node id="-9004" lat="34.8160186" lon="10.7690933" /><node id="-9005" lat="34.8159239" lon="10.7691993" /><node id="-9006" lat="34.8158975" lon="10.7692341" /><node id="-9007" lat="34.8158997" lon="10.7692771" /><node id="-9008" lat="34.8159085" lon="10.7693066" /><node id="-9009" lat="34.8160682" lon="10.769548" /><node id="-9010" lat="34.8171769" lon="10.7695332" /><node id="-9011" lat="34.8171516" lon="10.7695775" /><node id="-9012" lat="34.8171439" lon="10.7696244" /><node id="-9013" lat="34.8171736" lon="10.7696834" /><node id="-9014" lat="34.8185488" lon="10.7683423" /><node id="-9015" lat="34.8184453" lon="10.7683182" /><node id="-9016" lat="34.8183462" lon="10.7683262" /><node id="-9017" lat="34.8182581" lon="10.768345" /><node id="-9018" lat="34.818181" lon="10.7683986" /><node id="-9019" lat="34.8180929" lon="10.7684778" /><node id="-9020" lat="34.8180258" lon="10.7685623" /><node id="-9021" lat="34.817974" lon="10.7686669" /><node id="-9022" lat="34.8178904" lon="10.76886" /><node id="-9023" lat="34.8189033" lon="10.7680231" /><node id="-9024" lat="34.8192754" lon="10.7676476" /><node id="-9025" lat="34.8194538" lon="10.7694313" /><node id="-9026" lat="34.8194469" lon="10.7693951" /><node id="-9027" lat="34.8194345" lon="10.7693723" /><node id="-9028" lat="34.8194037" lon="10.7693441" /><node id="-9029" lat="34.8190514" lon="10.7690115" /><node id="-9030" lat="34.8190255" lon="10.7690102" /><node id="-9031" lat="34.8190024" lon="10.7690269" /><node id="-9032" lat="34.8187469" lon="10.7695667" /><node id="-9033" lat="34.8196542" lon="10.7691309" /><node id="-9034" lat="34.8198413" lon="10.7688546" /><node id="-9035" lat="34.8198435" lon="10.7696915" /><node id="-9036" lat="34.8198953" lon="10.7696754" /><node id="-9037" lat="34.8199349" lon="10.7696821" /><node id="-9038" lat="34.8199712" lon="10.7696995" /><node id="-9039" lat="34.8200351" lon="10.7697585" /><node id="-9040" lat="34.8147805" lon="10.7700898" /><node id="-9041" lat="34.8148075" lon="10.7700978" /><node id="-9042" lat="34.8148361" lon="10.7701153" /><node id="-9043" lat="34.8149" lon="10.7702031" /><node id="-9044" lat="34.8149682" lon="10.7703057" /><node id="-9045" lat="34.815314" lon="10.7708877" /><node id="-9046" lat="34.8133211" lon="10.7694219" /><node id="-9047" lat="34.8133365" lon="10.7693937" /><node id="-9048" lat="34.8133244" lon="10.7693414" /><node id="-9049" lat="34.8132341" lon="10.769096" /><node id="-9050" lat="34.8121297" lon="10.769088" /><node id="-9051" lat="34.8120702" lon="10.770075" /><node id="-9052" lat="34.811447" lon="10.7681653" /><node id="-9053" lat="34.810979" lon="10.7646764" /><node id="-9054" lat="34.8109631" lon="10.7646576" /><node id="-9055" lat="34.8109427" lon="10.7646462" /><node id="-9056" lat="34.8109179" lon="10.7646476" /><node id="-9057" lat="34.8108921" lon="10.7646596" /><node id="-9058" lat="34.8105727" lon="10.7647749" /><node id="-9059" lat="34.8112323" lon="10.7632407" /><node id="-9060" lat="34.8116419" lon="10.7631187" /><node id="-9061" lat="34.8117652" lon="10.7630798" /><node id="-9062" lat="34.8121451" lon="10.7629162" /><node id="-9063" lat="34.8122178" lon="10.7628706" /><node id="-9064" lat="34.8122332" lon="10.7628277" /><node id="-9065" lat="34.8122178" lon="10.7627714" /><node id="-9066" lat="34.8121649" lon="10.7625997" /><node id="-9067" lat="34.8121352" lon="10.7625018" /><node id="-9068" lat="34.8121151" lon="10.7624311" /><node id="-9069" lat="34.812111" lon="10.7623838" /><node id="-9070" lat="34.8121099" lon="10.7623355" /><node id="-9071" lat="34.8113699" lon="10.7623127" /><node id="-9072" lat="34.8113997" lon="10.7624522" /><node id="-9073" lat="34.8114371" lon="10.7625997" /><node id="-9074" lat="34.8114448" lon="10.7626798" /><node id="-9075" lat="34.8114503" lon="10.7627191" /><node id="-9076" lat="34.8114613" lon="10.7627647" /><node id="-9077" lat="34.8114842" lon="10.7627989" /><node id="-9078" lat="34.8115131" lon="10.7628109" /><node id="-9079" lat="34.8115571" lon="10.7628062" /><node id="-9080" lat="34.8116155" lon="10.7627754" /><node id="-9081" lat="34.8151159" lon="10.7585394" /><node id="-9082" lat="34.8151708" lon="10.7586716" /><node id="-9083" lat="34.8152605" lon="10.7589204" /><node id="-9084" lat="34.8153536" lon="10.7591785" /><node id="-9085" lat="34.8157433" lon="10.7603423" /><node id="-9086" lat="34.8158347" lon="10.760627" /><node id="-9087" lat="34.815979" lon="10.761103" /><node id="-9088" lat="34.8162014" lon="10.7618648" /><node id="-9089" lat="34.8162118" lon="10.7620066" /><node id="-9090" lat="34.8162018" lon="10.7621125" /><node id="-9091" lat="34.8109923" lon="10.7679386" /><node id="-9092" lat="34.8110055" lon="10.7680057" /><node id="-9093" lat="34.8110005" lon="10.7680647" /><node id="-9094" lat="34.8109763" lon="10.7681157" /><node id="-9095" lat="34.8109631" lon="10.7681485" /><node id="-9096" lat="34.8109537" lon="10.7681827" /><node id="-9097" lat="34.8109609" lon="10.7682216" /><node id="-9098" lat="34.8109708" lon="10.7682558" /><node id="-9099" lat="34.811022" lon="10.7683866" /><node id="-9100" lat="34.813691" lon="10.7691067" /><node id="-9101" lat="34.8193877" lon="10.7657647" /><node id="-9102" lat="34.8193569" lon="10.7657915" /><node id="-9103" lat="34.8193294" lon="10.7658029" /><node id="-9104" lat="34.8193007" lon="10.7657801" /><node id="-9105" lat="34.8191763" lon="10.7656386" /><node id="-9106" lat="34.8130898" lon="10.7601052" /><node id="-9107" lat="34.813124" lon="10.7600871" /><node id="-9108" lat="34.8131394" lon="10.760069" /><node id="-9109" lat="34.8131394" lon="10.7600422" /><node id="-9110" lat="34.813081" lon="10.7598746" /><node id="-9111" lat="34.8130827" lon="10.7598417" /><node id="-9112" lat="34.8130915" lon="10.7598042" /><node id="-9113" lat="34.8131152" lon="10.7597841" /><node id="-9114" lat="34.8134201" lon="10.759664" /><node id="-9115" lat="34.8130755" lon="10.7606685" /><node id="-9116" lat="34.8131096" lon="10.7606484" /><node id="-9117" lat="34.8131317" lon="10.7606068" /><node id="-9118" lat="34.8131515" lon="10.7605666" /><node id="-9119" lat="34.8131845" lon="10.7605371" /><node id="-9120" lat="34.8134972" lon="10.7603815" /><node id="-9121" lat="34.8166548" lon="10.7621471" /><node id="-9122" lat="34.8165471" lon="10.7613578" /><node id="-9123" lat="34.8165405" lon="10.7612935" /><node id="-9124" lat="34.8165636" lon="10.7612573" /><node id="-9125" lat="34.8166132" lon="10.7612304" /><node id="-9126" lat="34.8172154" lon="10.7609354" /><node id="-9127" lat="34.8164018" lon="10.760297" /><node id="-9128" lat="34.8164414" lon="10.7602715" /><node id="-9129" lat="34.8164987" lon="10.7602434" /><node id="-9130" lat="34.8165301" lon="10.7602407" /><node id="-9131" lat="34.8165636" lon="10.7602568" /><node id="-9132" lat="34.8165967" lon="10.7602809" /><node id="-9133" lat="34.8166212" lon="10.7603051" /><node id="-9134" lat="34.816644" lon="10.7603118" /><node id="-9135" lat="34.8167057" lon="10.7602756" /><node id="-9136" lat="34.8148846" lon="10.7668295" /><node id="-9137" lat="34.8149638" lon="10.7673097" /><node id="-9138" lat="34.8179718" lon="10.7692811" /><node id="-9139" lat="34.8180159" lon="10.7692878" /><node id="-9140" lat="34.8181216" lon="10.7692623" /><node id="-9141" lat="34.8181942" lon="10.7692489" /><node id="-9142" lat="34.8182592" lon="10.7692529" /><node id="-9143" lat="34.8183572" lon="10.7692918" /><node id="-9144" lat="34.8185774" lon="10.769434" /><node id="-9145" lat="34.818835" lon="10.7696325" /><node id="-9146" lat="34.8190356" lon="10.7697511" /><node id="-9147" lat="34.8190794" lon="10.7697773" /><node id="-9148" lat="34.8191015" lon="10.7698376" /><node id="-9149" lat="34.8194097" lon="10.7636927" /><node id="-9150" lat="34.8194516" lon="10.7636873" /><node id="-9151" lat="34.8194813" lon="10.7637168" /><node id="-9152" lat="34.8195154" lon="10.7637839" /><node id="-9153" lat="34.8143142" lon="10.7594106" /><node id="-9154" lat="34.8159338" lon="10.7634526" /><node id="-9155" lat="34.7578938" lon="10.7584082" /><node id="-9156" lat="34.7580568" lon="10.7588862" /><node id="-9157" lat="34.8052767" lon="10.7614959" /><node id="-9158" lat="34.8052897" lon="10.7613838" /><node id="-9159" lat="34.8052757" lon="10.7613322" /><node id="-9160" lat="34.80526" lon="10.761283" /><node id="-9161" lat="34.8051874" lon="10.761102" /><node id="-9162" lat="34.8047705" lon="10.7602494" /><node id="-9163" lat="34.804705" lon="10.7602228" /><node id="-9164" lat="34.8046578" lon="10.7602292" /><node id="-9165" lat="34.8046071" lon="10.7602558" /><node id="-9166" lat="34.8044383" lon="10.7603715" /><node id="-9167" lat="34.8042374" lon="10.7605091" /><node id="-9168" lat="34.8039315" lon="10.7607348" /><node id="-9169" lat="34.8038504" lon="10.7607593" /><node id="-9170" lat="34.8029902" lon="10.7604856" /><node id="-9171" lat="34.804882" lon="10.7614767" /><node id="-9172" lat="34.8048759" lon="10.7616181" /><node id="-9173" lat="34.8049694" lon="10.7618956" /><node id="-9174" lat="34.8051211" lon="10.762176" /><node id="-9175" lat="34.8053168" lon="10.7624889" /><node id="-9176" lat="34.8057558" lon="10.7631878" /><node id="-9177" lat="34.8062585" lon="10.764024" /><node id="-9178" lat="34.8065105" lon="10.7651067" /><node id="-9179" lat="34.8066836" lon="10.7657935" /><node id="-9180" lat="34.8067036" lon="10.7658569" /><node id="-9181" lat="34.7699581" lon="10.774506" /><node id="-9182" lat="34.7702224" lon="10.7741628" /><node id="-9183" lat="34.7705684" lon="10.7737301" /><node id="-9184" lat="34.7708277" lon="10.7734581" /><node id="-9185" lat="34.771002" lon="10.7732781" /><node id="-9186" lat="34.771269" lon="10.7729952" /><node id="-9187" lat="34.7713674" lon="10.7729039" /><node id="-9188" lat="34.7714691" lon="10.7728268" /><node id="-9189" lat="34.7715471" lon="10.7727769" /><node id="-9190" lat="34.7717361" lon="10.7726934" /><node id="-9191" lat="34.7718323" lon="10.7726568" /><node id="-9192" lat="34.7719406" lon="10.7726126" /><node id="-9193" lat="34.772133" lon="10.7725419" /><node id="-9194" lat="34.7722436" lon="10.7724968" /><node id="-9195" lat="34.7724452" lon="10.7723895" /><node id="-9196" lat="34.7726293" lon="10.7722598" /><node id="-9197" lat="34.7726541" lon="10.7722101" /><node id="-9198" lat="34.7725281" lon="10.7718655" /><node id="-9199" lat="34.7723591" lon="10.7714594" /><node id="-9200" lat="34.772263" lon="10.7712364" /><node id="-9201" lat="34.772187" lon="10.7710648" /><node id="-9202" lat="34.7721528" lon="10.7709856" /><node id="-9203" lat="34.7720083" lon="10.770688" /><node id="-9204" lat="34.7719633" lon="10.7705954" /><node id="-9205" lat="34.7718796" lon="10.7704116" /><node id="-9206" lat="34.77173" lon="10.7700621" /><node id="-9207" lat="34.7716477" lon="10.7699115" /><node id="-9208" lat="34.7712335" lon="10.7693754" /><node id="-9209" lat="34.7751416" lon="10.7601969" /><node id="-9210" lat="34.7751464" lon="10.7601549" /><node id="-9211" lat="34.7750409" lon="10.7598945" /><node id="-9212" lat="34.7752615" lon="10.7597369" /><node id="-9213" lat="34.7583837" lon="10.7677273" /><node id="-9214" lat="34.7584214" lon="10.7678968" /><node id="-9215" lat="34.8578312" lon="10.759457" /><node id="-9216" lat="34.7916896" lon="10.7695476" /><node id="-9217" lat="34.7920101" lon="10.7699016" /><node id="-9218" lat="34.7920343" lon="10.769962" /><node id="-9219" lat="34.7920167" lon="10.77008" /><node id="-9220" lat="34.7919396" lon="10.7701859" /><node id="-9221" lat="34.7918548" lon="10.770253" /><node id="-9222" lat="34.7917623" lon="10.770312" /><node id="-9223" lat="34.7931197" lon="10.770098" /><node id="-9224" lat="34.7929259" lon="10.7699116" /><node id="-9225" lat="34.7928807" lon="10.7699062" /><node id="-9226" lat="34.7928279" lon="10.7699438" /><node id="-9227" lat="34.7927574" lon="10.7700511" /><node id="-9228" lat="34.792688" lon="10.7701355" /><node id="-9229" lat="34.7925746" lon="10.7702844" /><node id="-9230" lat="34.7922558" lon="10.7698584" /><node id="-9231" lat="34.7927913" lon="10.7691843" /><node id="-9232" lat="34.7813508" lon="10.758398" /><node id="-9233" lat="34.7645059" lon="10.7738884" /><node id="-9234" lat="34.7645971" lon="10.7737774" /><node id="-9235" lat="34.7647606" lon="10.7735992" /><node id="-9236" lat="34.7649919" lon="10.7733593" /><node id="-9237" lat="34.7652718" lon="10.7730764" /><node id="-9238" lat="34.7652817" lon="10.7730664" /><node id="-9239" lat="34.7656508" lon="10.7726928" /><node id="-9240" lat="34.7657896" lon="10.7725601" /><node id="-9241" lat="34.7661867" lon="10.7721513" /><node id="-9242" lat="34.7662652" lon="10.772073" /><node id="-9243" lat="34.7665214" lon="10.7718271" /><node id="-9244" lat="34.7668159" lon="10.7715352" /><node id="-9245" lat="34.7676812" lon="10.7706668" /><node id="-9246" lat="34.7677186" lon="10.7706303" /><node id="-9247" lat="34.7682337" lon="10.7701148" /><node id="-9248" lat="34.7712323" lon="10.7670588" /><node id="-9249" lat="34.7714036" lon="10.7668841" /><node id="-9250" lat="34.7725068" lon="10.7657598" /><node id="-9251" lat="34.7743435" lon="10.7655385" /><node id="-9252" lat="34.7743189" lon="10.7655285" /><node id="-9253" lat="34.7740258" lon="10.7655275" /><node id="-9254" lat="34.7739821" lon="10.7655221" /><node id="-9255" lat="34.7739393" lon="10.7655049" /><node id="-9256" lat="34.7735588" lon="10.7648843" /><node id="-9257" lat="34.780067" lon="10.7643594" /><node id="-9258" lat="34.780413" lon="10.7642275" /><node id="-9259" lat="34.7808282" lon="10.7641213" /><node id="-9260" lat="34.7810011" lon="10.7646617" /><node id="-9261" lat="34.7812049" lon="10.7652182" /><node id="-9262" lat="34.7812297" lon="10.7652296" /><node id="-9263" lat="34.7812561" lon="10.7652303" /><node id="-9264" lat="34.7824816" lon="10.7676484" /><node id="-9265" lat="34.7825499" lon="10.7678951" /><node id="-9266" lat="34.7826572" lon="10.7681888" /><node id="-9267" lat="34.7828309" lon="10.7685803" /><node id="-9268" lat="34.7829864" lon="10.7689241" /><node id="-9269" lat="34.7830633" lon="10.769096" /><node id="-9270" lat="34.7831341" lon="10.7692449" /><node id="-9271" lat="34.7831423" lon="10.7692719" /><node id="-9272" lat="34.7831363" lon="10.7693119" /><node id="-9273" lat="34.7829237" lon="10.7696144" /><node id="-9274" lat="34.7831683" lon="10.7699704" /><node id="-9275" lat="34.7834281" lon="10.7703337" /><node id="-9276" lat="34.7839767" lon="10.7710674" /><node id="-9277" lat="34.7839817" lon="10.7711032" /><node id="-9278" lat="34.7839812" lon="10.7711479" /><node id="-9279" lat="34.7837823" lon="10.7714034" /><node id="-9280" lat="34.783057" lon="10.7722382" /><node id="-9281" lat="34.7836827" lon="10.7727204" /><node id="-9282" lat="34.7837058" lon="10.7727579" /><node id="-9283" lat="34.7837162" lon="10.7728095" /><node id="-9284" lat="34.783697" lon="10.772945" /><node id="-9285" lat="34.7837124" lon="10.7730067" /><node id="-9286" lat="34.7837477" lon="10.7730631" /><node id="-9287" lat="34.7842165" lon="10.7685446" /><node id="-9288" lat="34.7838712" lon="10.7688465" /><node id="-9289" lat="34.7838435" lon="10.7688989" /><node id="-9290" lat="34.7838369" lon="10.7689418" /><node id="-9291" lat="34.7838534" lon="10.7689954" /><node id="-9292" lat="34.7844889" lon="10.7700294" /><node id="-9293" lat="34.7718165" lon="10.7673495" /><node id="-9294" lat="34.7721186" lon="10.7634618" /><node id="-9295" lat="34.7695983" lon="10.7621589" /><node id="-9296" lat="34.769155" lon="10.7668107" /><node id="-9297" lat="34.7691377" lon="10.7668761" /><node id="-9298" lat="34.7690907" lon="10.766924" /><node id="-9299" lat="34.7691626" lon="10.7670653" /><node id="-9300" lat="34.7694006" lon="10.7679483" /><node id="-9301" lat="34.7692499" lon="10.7677311" /><node id="-9302" lat="34.7691857" lon="10.7676096" /><node id="-9303" lat="34.7691482" lon="10.7675442" /><node id="-9304" lat="34.7688446" lon="10.7684916" /><node id="-9305" lat="34.7690166" lon="10.7683131" /><node id="-9306" lat="34.7672647" lon="10.7692702" /><node id="-9307" lat="34.7670383" lon="10.7694675" /><node id="-9308" lat="34.7674702" lon="10.7702942" /><node id="-9309" lat="34.767258" lon="10.7699028" /><node id="-9310" lat="34.7672655" lon="10.7698448" /><node id="-9311" lat="34.7674459" lon="10.7697106" /><node id="-9312" lat="34.7646102" lon="10.764091" /><node id="-9313" lat="34.7635774" lon="10.7645845" /><node id="-9314" lat="34.7636633" lon="10.7648045" /><node id="-9315" lat="34.7639663" lon="10.76542" /><node id="-9316" lat="34.7637933" lon="10.7659847" /><node id="-9317" lat="34.7637118" lon="10.7660396" /><node id="-9318" lat="34.7635785" lon="10.7661228" /><node id="-9319" lat="34.7634661" lon="10.7661925" /><node id="-9320" lat="34.7634242" lon="10.7662167" /><node id="-9321" lat="34.7633934" lon="10.7662448" /><node id="-9322" lat="34.763433" lon="10.7637396" /><node id="-9323" lat="34.763487" lon="10.7637262" /><node id="-9324" lat="34.7635487" lon="10.7637222" /><node id="-9325" lat="34.7636016" lon="10.7637075" /><node id="-9326" lat="34.7637625" lon="10.7636471" /><node id="-9327" lat="34.7637773" lon="10.7636384" /><node id="-9328" lat="34.7637884" lon="10.7636216" /><node id="-9329" lat="34.7637834" lon="10.7635908" /><node id="-9330" lat="34.7637371" lon="10.7634325" /><node id="-9331" lat="34.7637355" lon="10.7634111" /><node id="-9332" lat="34.763741" lon="10.763393" /><node id="-9333" lat="34.7637559" lon="10.7633796" /><node id="-9334" lat="34.7630599" lon="10.7642633" /><node id="-9335" lat="34.759574" lon="10.7653093" /><node id="-9336" lat="34.7594403" lon="10.7655045" /><node id="-9337" lat="34.7592706" lon="10.765762" /><node id="-9338" lat="34.7591417" lon="10.7659431" /><node id="-9339" lat="34.7590645" lon="10.766037" /><node id="-9340" lat="34.8573968" lon="10.7659335" /><node id="-9341" lat="34.8575376" lon="10.7660358" /><node id="-9342" lat="34.8576727" lon="10.7661562" /><node id="-9343" lat="34.8577612" lon="10.7662199" /><node id="-9344" lat="34.8578527" lon="10.7662765" /><node id="-9345" lat="34.8579612" lon="10.7662737" /><node id="-9346" lat="34.8584742" lon="10.7661231" /><node id="-9347" lat="34.8585846" lon="10.7661349" /><node id="-9348" lat="34.8586601" lon="10.7661456" /><node id="-9349" lat="34.8587182" lon="10.7661845" /><node id="-9350" lat="34.8587835" lon="10.7662641" /><node id="-9351" lat="34.8588372" lon="10.766342" /><node id="-9352" lat="34.8588764" lon="10.7664198" /><node id="-9353" lat="34.8589011" lon="10.7665066" /><node id="-9354" lat="34.8589156" lon="10.7665632" /><node id="-9355" lat="34.8589142" lon="10.7665968" /><node id="-9356" lat="34.858888" lon="10.7666464" /><node id="-9357" lat="34.8588605" lon="10.7666641" /><node id="-9358" lat="34.8587908" lon="10.7666587" /><node id="-9359" lat="34.8025583" lon="10.7613095" /><node id="-9360" lat="34.8056785" lon="10.7615155" /><node id="-9361" lat="34.8068706" lon="10.7615427" /><node id="-9362" lat="34.8074158" lon="10.7615711" /><node id="-9363" lat="34.8076592" lon="10.7615858" /><node id="-9364" lat="34.8079697" lon="10.7616033" /><node id="-9365" lat="34.8088638" lon="10.7616368" /><node id="-9366" lat="34.8096613" lon="10.761654" /><node id="-9367" lat="34.8100294" lon="10.7616731" /><node id="-9368" lat="34.8117682" lon="10.7617936" /><node id="-9369" lat="34.7418068" lon="10.7593535" /><node id="-9370" lat="34.741779" lon="10.7593236" /><node id="-9371" lat="34.741744" lon="10.7592974" /><node id="-9372" lat="34.741714" lon="10.7592365" /><node id="-9373" lat="34.7414656" lon="10.7584666" /><node id="-9374" lat="34.7415078" lon="10.7581834" /><node id="-9375" lat="34.7417227" lon="10.7586113" /><node id="-9376" lat="34.7420037" lon="10.7593328" /><node id="-9377" lat="34.7420236" lon="10.7594334" /><node id="-9378" lat="34.7395241" lon="10.7607007" /><node id="-9379" lat="34.7394283" lon="10.760635" /><node id="-9380" lat="34.7392707" lon="10.7604472" /><node id="-9381" lat="34.7392012" lon="10.7603399" /><node id="-9382" lat="34.7391649" lon="10.7602112" /><node id="-9383" lat="34.7391627" lon="10.7601026" /><node id="-9384" lat="34.7391715" lon="10.7599162" /><node id="-9385" lat="34.7392078" lon="10.7598089" /><node id="-9386" lat="34.739306" lon="10.7596894" /><node id="-9387" lat="34.8013138" lon="10.7680453" /><node id="-9388" lat="34.8012328" lon="10.7680684" /><node id="-9389" lat="34.8010729" lon="10.7683289" /><node id="-9390" lat="34.8007648" lon="10.7688256" /><node id="-9391" lat="34.8000365" lon="10.769724" /><node id="-9392" lat="34.7998809" lon="10.7695253" /><node id="-9393" lat="34.799705" lon="10.7693274" /><node id="-9394" lat="34.8023603" lon="10.7672359" /><node id="-9395" lat="34.8029028" lon="10.7678536" /><node id="-9396" lat="34.8029491" lon="10.7678911" /><node id="-9397" lat="34.8030364" lon="10.7679298" /><node id="-9398" lat="34.8034127" lon="10.7680097" /><node id="-9399" lat="34.8223082" lon="10.7619399" /><node id="-9400" lat="34.8223687" lon="10.7619218" /><node id="-9401" lat="34.8225328" lon="10.7618487" /><node id="-9402" lat="34.8226904" lon="10.76177" /><node id="-9403" lat="34.8229324" lon="10.761675" /><node id="-9404" lat="34.8231448" lon="10.7616214" /><node id="-9405" lat="34.8232626" lon="10.7615825" /><node id="-9406" lat="34.8232928" lon="10.7615543" /><node id="-9407" lat="34.823306" lon="10.7615295" /><node id="-9408" lat="34.8233176" lon="10.761496" /><node id="-9409" lat="34.8233137" lon="10.7614437" /><node id="-9410" lat="34.8232983" lon="10.7613739" /><node id="-9411" lat="34.8232653" lon="10.7612452" /><node id="-9412" lat="34.8232059" lon="10.7610065" /><node id="-9413" lat="34.8231613" lon="10.7608502" /><node id="-9414" lat="34.8231194" lon="10.7606316" /><node id="-9415" lat="34.8231117" lon="10.7605954" /><node id="-9416" lat="34.8231321" lon="10.7605438" /><node id="-9417" lat="34.8231497" lon="10.7605371" /><node id="-9418" lat="34.8235097" lon="10.760403" /><node id="-9419" lat="34.8027661" lon="10.7603762" /><node id="-9420" lat="34.8023923" lon="10.7602086" /><node id="-9421" lat="34.8021599" lon="10.7600851" /><node id="-9422" lat="34.8018233" lon="10.7597673" /><node id="-9423" lat="34.8006281" lon="10.7575357" /><node id="-9424" lat="34.8003928" lon="10.7571187" /><node id="-9425" lat="34.7999522" lon="10.7562818" /><node id="-9426" lat="34.7998562" lon="10.7561069" /><node id="-9427" lat="34.7995746" lon="10.7555455" /><node id="-9428" lat="34.7993248" lon="10.7550273" /><node id="-9429" lat="34.7989893" lon="10.7543783" /><node id="-9430" lat="34.8199115" lon="10.7591541" /><node id="-9431" lat="34.819775" lon="10.759209" /><node id="-9432" lat="34.8196827" lon="10.7592505" /><node id="-9433" lat="34.8196417" lon="10.7592766" /><node id="-9434" lat="34.8196181" lon="10.7593169" /><node id="-9435" lat="34.8196304" lon="10.7593877" /><node id="-9436" lat="34.8197154" lon="10.7596381" /><node id="-9437" lat="34.819812" lon="10.7599637" /><node id="-9438" lat="34.7923315" lon="10.7601991" /><node id="-9439" lat="34.7930567" lon="10.7602675" /><node id="-9440" lat="34.7977518" lon="10.7607688" /><node id="-9441" lat="34.7474949" lon="10.7661349" /><node id="-9442" lat="34.7477393" lon="10.7662022" /><node id="-9443" lat="34.7479936" lon="10.7662824" /><node id="-9444" lat="34.7487191" lon="10.7665831" /><node id="-9445" lat="34.7492043" lon="10.766815" /><node id="-9446" lat="34.7496971" lon="10.7670423" /><node id="-9447" lat="34.7530859" lon="10.7686707" /><node id="-9448" lat="34.75386" lon="10.7690376" /><node id="-9449" lat="34.7542835" lon="10.7692374" /><node id="-9450" lat="34.7564004" lon="10.7702413" /><node id="-9451" lat="34.7574366" lon="10.7707456" /><node id="-9452" lat="34.757637" lon="10.7708456" /><node id="-9453" lat="34.7580316" lon="10.7710488" /><node id="-9454" lat="34.7581306" lon="10.771103" /><node id="-9455" lat="34.7587979" lon="10.7714505" /><node id="-9456" lat="34.7592154" lon="10.7716718" /><node id="-9457" lat="34.759534" lon="10.7718393" /><node id="-9458" lat="34.7596434" lon="10.7718962" /><node id="-9459" lat="34.7600937" lon="10.7721299" /><node id="-9460" lat="34.7604509" lon="10.7723263" /><node id="-9461" lat="34.7608384" lon="10.7725348" /><node id="-9462" lat="34.7612583" lon="10.7727661" /><node id="-9463" lat="34.7613878" lon="10.7728375" /><node id="-9464" lat="34.7616919" lon="10.7729938" /><node id="-9465" lat="34.76228" lon="10.7733042" /><node id="-9466" lat="34.7628056" lon="10.7735399" /><node id="-9467" lat="34.7631745" lon="10.7736822" /><node id="-9468" lat="34.7635292" lon="10.7737844" /><node id="-9469" lat="34.7639312" lon="10.7738434" /><node id="-9470" lat="34.7640341" lon="10.7738477" /><node id="-9471" lat="34.764149" lon="10.7738575" /><node id="-9472" lat="34.7643412" lon="10.7738694" /><node id="-9473" lat="34.7646218" lon="10.7739047" /><node id="-9474" lat="34.7647741" lon="10.7739185" /><node id="-9475" lat="34.813707" lon="10.7619388" /><node id="-9476" lat="34.8147976" lon="10.7620103" /><node id="-9477" lat="34.8123589" lon="10.7618439" /><node id="-9478" lat="34.8126359" lon="10.761858" /><node id="-9479" lat="34.8151863" lon="10.7620439" /><node id="-9480" lat="34.8154471" lon="10.7620576" /><node id="-9481" lat="34.8215608" lon="10.7626906" /><node id="-9482" lat="34.8217438" lon="10.762719" /><node id="-9483" lat="34.8230066" lon="10.763007" /><node id="-9484" lat="34.8237013" lon="10.7631831" /><node id="-9485" lat="34.8240492" lon="10.763289" /><node id="-9486" lat="34.775033" lon="10.7610623" /><node id="-9487" lat="34.7760154" lon="10.7609617" /><node id="-9488" lat="34.77688" lon="10.7608657" /><node id="-9489" lat="34.7775489" lon="10.7608021" /><node id="-9490" lat="34.7797189" lon="10.7605707" /><node id="-9491" lat="34.7804265" lon="10.7604955" /><node id="-9492" lat="34.7843634" lon="10.760286" /><node id="-9493" lat="34.7859972" lon="10.7602154" /><node id="-9494" lat="34.7743966" lon="10.7610995" /><node id="-9495" lat="34.7745035" lon="10.7611002" /><node id="-9496" lat="34.7746488" lon="10.7610957" /><node id="-9497" lat="34.7747889" lon="10.7610835" /><node id="-9498" lat="34.8163707" lon="10.7621303" /><node id="-9499" lat="34.8170403" lon="10.7621746" /><node id="-9500" lat="34.8175498" lon="10.7622117" /><node id="-9501" lat="34.8180456" lon="10.7622577" /><node id="-9502" lat="34.8184485" lon="10.7623041" /><node id="-9503" lat="34.8194262" lon="10.762405" /><node id="-9504" lat="34.8198672" lon="10.7624589" /><node id="-9505" lat="34.7988763" lon="10.7608857" /><node id="-9506" lat="34.7993184" lon="10.7609345" /><node id="-9507" lat="34.7996029" lon="10.7609709" /><node id="-9508" lat="34.800289" lon="10.7610672" /><node id="-9509" lat="34.8014185" lon="10.7611813" /><node id="-9510" lat="34.8018988" lon="10.7612438" /><node id="-9511" lat="34.8022111" lon="10.761277" /><node id="-9512" lat="34.7743642" lon="10.763011" /><node id="-9513" lat="34.7743918" lon="10.7632598" /><node id="-9514" lat="34.7744094" lon="10.7634984" /><node id="-9515" lat="34.7744093" lon="10.763586" /><node id="-9516" lat="34.7743765" lon="10.7637522" /><node id="-9517" lat="34.7743371" lon="10.7638411" /><node id="-9518" lat="34.77428" lon="10.7639461" /><node id="-9519" lat="34.7742383" lon="10.7640074" /><node id="-9520" lat="34.7741835" lon="10.7640741" /><node id="-9521" lat="34.7736221" lon="10.7646213" /><node id="-9522" lat="34.8628067" lon="10.7577345" /><node id="-9523" lat="34.8626438" lon="10.7577613" /><node id="-9524" lat="34.862459" lon="10.7578243" /><node id="-9525" lat="34.8622048" lon="10.7579142" /><node id="-9526" lat="34.8616314" lon="10.75813" /><node id="-9527" lat="34.861039" lon="10.7583406" /><node id="-9528" lat="34.8606978" lon="10.7584733" /><node id="-9529" lat="34.8606118" lon="10.7585244" /><node id="-9530" lat="34.8605612" lon="10.7585952" /><node id="-9531" lat="34.8605398" lon="10.7586907" /><node id="-9532" lat="34.8605906" lon="10.7588656" /><node id="-9533" lat="34.8159174" lon="10.7585128" /><node id="-9534" lat="34.8157457" lon="10.7582715" /><node id="-9535" lat="34.7803682" lon="10.7601843" /><node id="-9536" lat="34.780104" lon="10.7595942" /><node id="-9537" lat="34.8108756" lon="10.7639387" /><node id="-9538" lat="34.8108509" lon="10.7640166" /><node id="-9539" lat="34.8106881" lon="10.7640821" /><node id="-9540" lat="34.8249081" lon="10.7630107" /><node id="-9541" lat="34.8249103" lon="10.7632084" /><node id="-9542" lat="34.761097" lon="10.7610628" /><node id="-9543" lat="34.759758" lon="10.7596841" /><node id="-9544" lat="34.7598945" lon="10.7596119" /><node id="-9545" lat="34.7592175" lon="10.7586909" /><node id="-9546" lat="34.7921688" lon="10.7689457" /><node id="-9547" lat="34.7926268" lon="10.7694928" /><node id="-9548" lat="34.7944835" lon="10.7698675" /><node id="-9549" lat="34.7923298" lon="10.7671139" /><node id="-9550" lat="34.7922131" lon="10.7672319" /><node id="-9551" lat="34.7921536" lon="10.767256" /><node id="-9552" lat="34.7921007" lon="10.7672426" /><node id="-9553" lat="34.7920633" lon="10.7672453" /><node id="-9554" lat="34.7920412" lon="10.7672641" /><node id="-9555" lat="34.7924223" lon="10.7679749" /><node id="-9556" lat="34.7924223" lon="10.767943" /><node id="-9557" lat="34.7924162" lon="10.7679323" /><node id="-9558" lat="34.7923209" lon="10.767844" /><node id="-9559" lat="34.7923122" lon="10.7678153" /><node id="-9560" lat="34.7923174" lon="10.7677823" /><node id="-9561" lat="34.7926601" lon="10.7672639" /><node id="-9562" lat="34.7433485" lon="10.7636715" /><node id="-9563" lat="34.7438083" lon="10.7641821" /><node id="-9564" lat="34.743668" lon="10.7640203" /><node id="-9565" lat="34.7434961" lon="10.7638352" /><node id="-9566" lat="34.7431023" lon="10.7638002" /><node id="-9567" lat="34.8348253" lon="10.7644402" /><node id="-9568" lat="34.8348065" lon="10.764514" /><node id="-9569" lat="34.8347768" lon="10.7645931" /><node id="-9570" lat="34.8347295" lon="10.7646709" /><node id="-9571" lat="34.8471812" lon="10.7622222" /><node id="-9572" lat="34.8475487" lon="10.7629031" /><node id="-9573" lat="34.8476499" lon="10.7630873" /><node id="-9574" lat="34.8340169" lon="10.7665402" /><node id="-9575" lat="34.8346333" lon="10.7662264" /><node id="-9576" lat="34.8348006" lon="10.7664758" /><node id="-9577" lat="34.8340432" lon="10.7654038" /><node id="-9578" lat="34.834292" lon="10.7660985" /><node id="-9579" lat="34.8441075" lon="10.7599101" /><node id="-9580" lat="34.7445428" lon="10.7578964" /><node id="-9581" lat="34.7445983" lon="10.7583766" /><node id="-9582" lat="34.7446191" lon="10.7585778" /><node id="-9583" lat="34.7446314" lon="10.7587595" /><node id="-9584" lat="34.7446403" lon="10.7590049" /><node id="-9585" lat="34.744637" lon="10.759141" /><node id="-9586" lat="34.7446336" lon="10.7592758" /><node id="-9587" lat="34.7418331" lon="10.7596387" /><node id="-9588" lat="34.7430395" lon="10.7596436" /><node id="-9589" lat="34.7438336" lon="10.7596613" /><node id="-9590" lat="34.7441063" lon="10.7597003" /><node id="-9591" lat="34.7443835" lon="10.7597559" /><node id="-9592" lat="34.7387502" lon="10.7589665" /><node id="-9593" lat="34.738971" lon="10.7591885" /><node id="-9594" lat="34.7391219" lon="10.759365" /><node id="-9595" lat="34.7392303" lon="10.7595441" /><node id="-9596" lat="34.7393402" lon="10.7597731" /><node id="-9597" lat="34.7405149" lon="10.7606806" /><node id="-9598" lat="34.7403901" lon="10.7605343" /><node id="-9599" lat="34.7403104" lon="10.7604218" /><node id="-9600" lat="34.7448259" lon="10.7606638" /><node id="-9601" lat="34.7448179" lon="10.7605569" /><node id="-9602" lat="34.7448225" lon="10.7603357" /><node id="-9603" lat="34.744826" lon="10.7602786" /><node id="-9604" lat="34.7658961" lon="10.7603506" /><node id="-9605" lat="34.7654631" lon="10.7665582" /><node id="-9606" lat="34.7651147" lon="10.7664673" /><node id="-9607" lat="34.7636859" lon="10.7619819" /><node id="-9608" lat="34.7623906" lon="10.7609202" /><node id="-9609" lat="34.7624577" lon="10.7652503" /><node id="-9610" lat="34.7409819" lon="10.7660148" /><node id="-9611" lat="34.7411472" lon="10.7657077" /><node id="-9612" lat="34.741167" lon="10.7656661" /><node id="-9613" lat="34.7412013" lon="10.7655345" /><node id="-9614" lat="34.7414351" lon="10.7643934" /><node id="-9615" lat="34.7414392" lon="10.7643733" /><node id="-9616" lat="34.7414597" lon="10.7643264" /><node id="-9617" lat="34.8449017" lon="10.764955" /><node id="-9618" lat="34.8446248" lon="10.764646" /><node id="-9619" lat="34.8438006" lon="10.7635321" /><node id="-9620" lat="34.8437006" lon="10.7633613" /><node id="-9621" lat="34.8435871" lon="10.7631296" /><node id="-9622" lat="34.8429229" lon="10.7648833" /><node id="-9623" lat="34.8424757" lon="10.7640153" /><node id="-9624" lat="34.747274" lon="10.768062" /><node id="-9625" lat="34.7472585" lon="10.7680681" /><node id="-9626" lat="34.7472437" lon="10.7680674" /><node id="-9627" lat="34.7471153" lon="10.7679132" /><node id="-9628" lat="34.7471153" lon="10.767891" /><node id="-9629" lat="34.7471197" lon="10.7678743" /><node id="-9630" lat="34.7473621" lon="10.7681525" /><node id="-9631" lat="34.747355" lon="10.7681707" /><node id="-9632" lat="34.7473555" lon="10.7681968" /><node id="-9633" lat="34.747507" lon="10.7684074" /><node id="-9634" lat="34.7475252" lon="10.7684067" /><node id="-9635" lat="34.7475401" lon="10.7684007" /><node id="-9636" lat="34.7476156" lon="10.7684986" /><node id="-9637" lat="34.7476145" lon="10.768514" /><node id="-9638" lat="34.7476205" lon="10.7685307" /><node id="-9639" lat="34.7477737" lon="10.7687332" /><node id="-9640" lat="34.7477908" lon="10.7687346" /><node id="-9641" lat="34.7478051" lon="10.7687239" /><node id="-9642" lat="34.7467125" lon="10.7694635" /><node id="-9643" lat="34.7452601" lon="10.7699731" /><node id="-9644" lat="34.7463334" lon="10.7687178" /><node id="-9645" lat="34.7463775" lon="10.7686883" /><node id="-9646" lat="34.7464128" lon="10.768699" /><node id="-9647" lat="34.7465274" lon="10.7688573" /><node id="-9648" lat="34.7465362" lon="10.7688922" /><node id="-9649" lat="34.7465274" lon="10.7689217" /><node id="-9650" lat="34.7452899" lon="10.7599202" /><node id="-9651" lat="34.7453273" lon="10.7600637" /><node id="-9652" lat="34.7453406" lon="10.7601643" /><node id="-9653" lat="34.745334" lon="10.7602058" /><node id="-9654" lat="34.7453108" lon="10.7602407" /><node id="-9655" lat="34.7452028" lon="10.7603064" /><node id="-9656" lat="34.7449185" lon="10.7602367" /><node id="-9657" lat="34.7449389" lon="10.7602122" /><node id="-9658" lat="34.7449516" lon="10.7601884" /><node id="-9659" lat="34.7450243" lon="10.7600234" /><node id="-9660" lat="34.7450794" lon="10.7599671" /><node id="-9661" lat="34.745151" lon="10.7599363" /><node id="-9662" lat="34.7453026" lon="10.7599088" /><node id="-9663" lat="34.7453118" lon="10.759896" /><node id="-9664" lat="34.7484945" lon="10.7609083" /><node id="-9665" lat="34.74849" lon="10.7609334" /><node id="-9666" lat="34.7484879" lon="10.7607504" /><node id="-9667" lat="34.7484789" lon="10.7606866" /><node id="-9668" lat="34.7472472" lon="10.7599203" /><node id="-9669" lat="34.7472194" lon="10.7599752" /><node id="-9670" lat="34.747193" lon="10.7600422" /><node id="-9671" lat="34.7473256" lon="10.7598255" /><node id="-9672" lat="34.7473428" lon="10.7597539" /><node id="-9673" lat="34.7473428" lon="10.7597901" /><node id="-9674" lat="34.7539807" lon="10.762074" /><node id="-9675" lat="34.7539829" lon="10.7621169" /><node id="-9676" lat="34.7539961" lon="10.7621518" /><node id="-9677" lat="34.7561888" lon="10.7639569" /><node id="-9678" lat="34.752275" lon="10.7655984" /><node id="-9679" lat="34.753648" lon="10.7661483" /><node id="-9680" lat="34.7547146" lon="10.7642224" /><node id="-9681" lat="34.7562726" lon="10.762133" /><node id="-9682" lat="34.756277" lon="10.7620499" /><node id="-9683" lat="34.7562726" lon="10.7620096" /><node id="-9684" lat="34.7561778" lon="10.7617977" /><node id="-9685" lat="34.7563938" lon="10.76426" /><node id="-9686" lat="34.7563894" lon="10.7642171" /><node id="-9687" lat="34.7564092" lon="10.7641742" /><node id="-9688" lat="34.7566362" lon="10.7640749" /><node id="-9689" lat="34.7563078" lon="10.7626855" /><node id="-9690" lat="34.7562858" lon="10.7628331" /><node id="-9691" lat="34.7562814" lon="10.7629269" /><node id="-9692" lat="34.756321" lon="10.7634419" /><node id="-9693" lat="34.779955" lon="10.7699622" /><node id="-9694" lat="34.7796409" lon="10.7701609" /><node id="-9695" lat="34.7793494" lon="10.7703915" /><node id="-9696" lat="34.779117" lon="10.7705538" /><node id="-9697" lat="34.7785376" lon="10.7708438" /><node id="-9698" lat="34.7781446" lon="10.7710823" /><node id="-9699" lat="34.8437699" lon="10.762538" /><node id="-9700" lat="34.8445816" lon="10.7623637" /><node id="-9701" lat="34.8446537" lon="10.7623623" /><node id="-9702" lat="34.8447521" lon="10.7623533" /><node id="-9703" lat="34.8412669" lon="10.7637839" /><node id="-9704" lat="34.8413209" lon="10.7638335" /><node id="-9705" lat="34.8413693" lon="10.763859" /><node id="-9706" lat="34.8414177" lon="10.7638536" /><node id="-9707" lat="34.8419461" lon="10.7636391" /><node id="-9708" lat="34.8394211" lon="10.7633668" /><node id="-9709" lat="34.8394475" lon="10.7632863" /><node id="-9710" lat="34.8394409" lon="10.763171" /><node id="-9711" lat="34.8392736" lon="10.7627955" /><node id="-9712" lat="34.8160666" lon="10.7601477" /><node id="-9713" lat="34.8133464" lon="10.7647793" /><node id="-9714" lat="34.8134411" lon="10.7649992" /><node id="-9715" lat="34.8135622" lon="10.7652567" /><node id="-9716" lat="34.8566523" lon="10.7705223" /><node id="-9717" lat="34.8564838" lon="10.7702927" /><node id="-9718" lat="34.8561853" lon="10.7699767" /><node id="-9719" lat="34.8560564" lon="10.7698324" /><node id="-9720" lat="34.8567536" lon="10.7682562" /><node id="-9721" lat="34.8565405" lon="10.7683156" /><node id="-9722" lat="34.8565338" lon="10.7683175" /><node id="-9723" lat="34.8561033" lon="10.7684278" /><node id="-9724" lat="34.8556774" lon="10.768561" /><node id="-9725" lat="34.8553839" lon="10.768636" /><node id="-9726" lat="34.8551548" lon="10.7686407" /><node id="-9727" lat="34.7418748" lon="10.760572" /><node id="-9728" lat="34.8136353" lon="10.7671964" /><node id="-9729" lat="34.8140195" lon="10.767024" /><node id="-9730" lat="34.8141638" lon="10.7669395" /><node id="-9731" lat="34.8139026" lon="10.7680734" /><node id="-9732" lat="34.81423" lon="10.7679315" /><node id="-9733" lat="34.8142717" lon="10.7679382" /><node id="-9734" lat="34.8142994" lon="10.7679838" /><node id="-9735" lat="34.8143604" lon="10.7682491" /><node id="-9736" lat="34.7863365" lon="10.770142" /><node id="-9737" lat="34.786104" lon="10.770411" /><node id="-9738" lat="34.7859805" lon="10.770565" /><node id="-9739" lat="34.7857146" lon="10.7708595" /><node id="-9740" lat="34.7856058" lon="10.7710089" /><node id="-9741" lat="34.7633124" lon="10.7678984" /><node id="-9742" lat="34.7633713" lon="10.7680084" /><node id="-9743" lat="34.7620669" lon="10.7697558" /><node id="-9744" lat="34.7622178" lon="10.7696271" /><node id="-9745" lat="34.7624448" lon="10.7694487" /><node id="-9746" lat="34.7625946" lon="10.7693347" /><node id="-9747" lat="34.762761" lon="10.7691631" /><node id="-9748" lat="34.7628447" lon="10.7690974" /><node id="-9749" lat="34.7629042" lon="10.7690518" /><node id="-9750" lat="34.7629857" lon="10.7690209" /><node id="-9751" lat="34.7625054" lon="10.766957" /><node id="-9752" lat="34.7637459" lon="10.7690491" /><node id="-9753" lat="34.7638859" lon="10.7690035" /><node id="-9754" lat="34.7639751" lon="10.768986" /><node id="-9755" lat="34.7638781" lon="10.7685716" /><node id="-9756" lat="34.7641415" lon="10.7698672" /><node id="-9757" lat="34.7645965" lon="10.7692851" /><node id="-9758" lat="34.7648664" lon="10.7696351" /><node id="-9759" lat="34.7650845" lon="10.7672265" /><node id="-9760" lat="34.7651033" lon="10.7688318" /><node id="-9761" lat="34.7651033" lon="10.7688774" /><node id="-9762" lat="34.7650911" lon="10.768915" /><node id="-9763" lat="34.766319" lon="10.7697351" /><node id="-9764" lat="34.7397941" lon="10.7631724" /><node id="-9765" lat="34.7397732" lon="10.7630181" /><node id="-9766" lat="34.7397412" lon="10.7629122" /><node id="-9767" lat="34.7395109" lon="10.7626319" /><node id="-9768" lat="34.7394712" lon="10.7626238" /><node id="-9769" lat="34.7394007" lon="10.7626533" /><node id="-9770" lat="34.7393489" lon="10.7627191" /><node id="-9771" lat="34.7393698" lon="10.7628264" /><node id="-9772" lat="34.7395186" lon="10.7630248" /><node id="-9773" lat="34.7396068" lon="10.7631375" /><node id="-9774" lat="34.739695" lon="10.7631777" /><way id="26603889"><nd ref="-1" /><nd ref="-2" /><nd ref="-3" /><nd ref="-4" /><nd ref="-5" /><nd ref="-6" /><nd ref="-7" /><nd ref="-8" /><nd ref="-9" /><nd ref="-10" /><nd ref="-11" /><nd ref="-12" /><nd ref="-13" /><nd ref="-14" /><nd ref="-15" /><nd ref="-16" /><nd ref="-17" /><nd ref="-18" /><nd ref="-19" /><nd ref="-20" /><nd ref="-21" /><nd ref="-22" /><nd ref="-23" /><nd ref="-24" /><nd ref="-25" /><nd ref="-26" /><nd ref="-1" /><tag k="highway" v="primary" /><tag k="int_ref" v="TAH 1" /><tag k="junction" v="roundabout" /><tag k="name" v="مفترق دائري باب الجبلي" /><tag k="name:ar" v="مفترق دائري باب الجبلي" /><tag k="name:fr" v="Rond Point Beb Jebli" /><tag k="oneway" v="yes" /><tag k="sidewalk" v="both" /><tag k="smoothness" v="bad" /></way><way id="26603896"><nd ref="-27" /><nd ref="-28" /><nd ref="-29" /><nd ref="-30" /><nd ref="-31" /><nd ref="-32" /><nd ref="-33" /><nd ref="-34" /><nd ref="-35" /><nd ref="-36" /><nd ref="-37" /><nd ref="-38" /><nd ref="-39" /><nd ref="-40" /><nd ref="-41" /><nd ref="-42" /><nd ref="-43" /><nd ref="-9" /><tag k="highway" v="primary" /><tag k="maxspeed" v="50" /><tag k="name" v="شارع بنزرت" /><tag k="name:ar" v="شارع بنزرت" /><tag k="name:fr" v="Boulevard de Bizerte" /><tag k="oneway" v="yes" /><tag k="ref" v="RN1" /><tag k="sidewalk" v="both" /><tag k="smoothness" v="intermediate" /><tag k="surface" v="asphalt" /></way><way id="26603900"><nd ref="-6" /><nd ref="-44" /><nd ref="-45" /><nd ref="-46" /><nd ref="-47" /><nd ref="-48" /><nd ref="-49" /><nd ref="-50" /><nd ref="-51" /><nd ref="-52" /><nd ref="-53" /><nd ref="-54" /><tag k="highway" v="primary" /><tag k="int_ref" v="TAH 1" /><tag k="name" v="شارع بنزرت" /><tag k="name:ar" v="شارع بنزرت" /><tag k="name:fr" v="Boulevard de Bizerte" /><tag k="oneway" v="yes" /><tag k="ref" v="RN1" /><tag k="sidewalk" v="both" /><tag k="smoothness" v="intermediate" /><tag k="surface" v="Enrobé" /></way><way id="26622622"><nd ref="-55" /><nd ref="-56" /><nd ref="-57" /><nd ref="-58" /><nd ref="-59" /><nd ref="-60" /><nd ref="-61" /><nd ref="-62" /><nd ref="-63" /><tag k="highway" v="service" /></way><way id="28217807"><nd ref="-64" /><nd ref="-65" /><nd ref="-66" /><nd ref="-67" /><nd ref="-68" /><nd ref="-69" /><nd ref="-70" /><nd ref="-71" /><tag k="highway" v="primary" /><tag k="name" v="شارع الشهداء" /><tag k="name:ar" v="شارع الشهداء" /><tag k="name:fr" v="Avenue des Martyrs" /><tag k="ref" v="RR82" /><tag k="sidewalk" v="both" /><tag k="smoothness" v="intermediate" /><tag k="surface" v="asphalt" /></way><way id="28696506"><nd ref="-72" /><nd ref="-73" /><nd ref="-74" /><nd ref="-75" /><nd ref="-76" /><nd ref="-77" /><nd ref="-78" /><tag k="highway" v="secondary" /><tag k="name" v="شارع 5 أوت" /><tag k="oneway" v="yes" /></way><way id="28698884"><nd ref="-23" /><nd ref="-79" /><nd ref="-80" /><nd ref="-81" /><nd ref="-82" /><nd ref="-83" /><nd ref="-84" /><nd ref="-85" /><nd ref="-86" /><nd ref="-87" /><nd ref="-88" /><nd ref="-89" /><nd ref="-90" /><nd ref="-91" /><nd ref="-92" /><nd ref="-93" /><nd ref="-94" /><nd ref="-95" /><tag k="highway" v="secondary" /><tag k="name" v="T20MUN0012" /><tag k="oneway" v="yes" /><tag k="sidewalk" v="both" /><tag k="smoothness" v="bad" /><tag k="surface" v="enobé" /></way><way id="28698892"><nd ref="-96" /><nd ref="-97" /><nd ref="-98" /><nd ref="-99" /><nd ref="-100" /><nd ref="-101" /><nd ref="-102" /><nd ref="-103" /><nd ref="-104" /><nd ref="-105" /><nd ref="-106" /><nd ref="-107" /><nd ref="-108" /><nd ref="-109" /><nd ref="-110" /><nd ref="-111" /><nd ref="-112" /><nd ref="-113" /><nd ref="-114" /><nd ref="-115" /><nd ref="-116" /><nd ref="-117" /><nd ref="-118" /><nd ref="-119" /><nd ref="-1" /><tag k="highway" v="secondary" /><tag k="motor_vehicle" v="yes" /><tag k="name" v="T20MUN0012" /><tag k="oneway" v="yes" /><tag k="sidewalk" v="both" /><tag k="smoothness" v="bad" /><tag k="surface" v="asphalt" /></way><way id="28699438"><nd ref="-120" /><nd ref="-121" /><nd ref="-122" /><nd ref="-123" /><nd ref="-124" /><nd ref="-125" /><nd ref="-126" /><nd ref="-127" /><nd ref="-128" /><nd ref="-129" /><nd ref="-130" /><nd ref="-131" /><nd ref="-132" /><nd ref="-133" /><nd ref="-134" /><nd ref="-135" /><nd ref="-136" /><nd ref="-137" /><nd ref="-138" /><nd ref="-139" /><nd ref="-140" /><nd ref="-141" /><nd ref="-142" /><nd ref="-143" /><nd ref="-144" /><nd ref="-145" /><nd ref="-146" /><nd ref="-147" /><nd ref="-148" /><nd ref="-149" /><nd ref="-150" /><nd ref="-151" /><nd ref="-152" /><nd ref="-153" /><nd ref="-154" /><nd ref="-155" /><nd ref="-156" /><nd ref="-157" /><nd ref="-158" /><nd ref="-159" /><nd ref="-160" /><nd ref="-161" /><nd ref="-162" /><nd ref="-163" /><nd ref="-164" /><nd ref="-165" /><nd ref="-166" /><nd ref="-167" /><nd ref="-168" /><nd ref="-169" /><nd ref="-170" /><nd ref="-171" /><nd ref="-172" /><nd ref="-173" /><nd ref="-174" /><nd ref="-175" /><tag k="highway" v="secondary" /><tag k="lanes" v="2" /><tag k="maxspeed" v="50" /><tag k="name" v="طريق تنيور" /><tag k="name:ar" v="طريق تنيور" /><tag k="name:fr" v="Route de Teniour" /><tag k="ref" v="RL911" /></way><way id="28720538"><nd ref="-176" /><nd ref="-177" /><nd ref="-178" /><nd ref="-179" /><nd ref="-180" /><nd ref="-181" /><tag k="highway" v="secondary" /><tag k="name" v="نهج جمال الدين الأفغاني" /><tag k="name:ar" v="نهج جمال الدين الأفغاني" /><tag k="name:fr" v="Rue Jamal Eddine El Afghani" /><tag k="sidewalk" v="both" /><tag k="smoothness" v="intermediate" /><tag k="surface" v="asphalt" /></way><way id="29346361"><nd ref="-182" /><nd ref="-183" /><nd ref="-184" /><nd ref="-185" /><nd ref="-186" /><nd ref="-187" /><nd ref="-188" /><nd ref="-189" /><nd ref="-190" /><nd ref="-191" /><nd ref="-192" /><tag k="highway" v="primary" /><tag k="name" v="شارع الشهداء" /><tag k="name:ar" v="شارع الشهداء" /><tag k="name:fr" v="Avenue des Martyrs" /><tag k="oneway" v="yes" /><tag k="ref" v="RN1" /><tag k="sidewalk" v="both" /><tag k="smoothness" v="intermediate" /><tag k="surface" v="asphalt" /></way><way id="30078664"><nd ref="-15" /><nd ref="-193" /><nd ref="-194" /><nd ref="-195" /><nd ref="-196" /><nd ref="-197" /><nd ref="-198" /><nd ref="-199" /><nd ref="-200" /><nd ref="-201" /><nd ref="-202" /><nd ref="-203" /><nd ref="-204" /><tag k="alt_name:fr" v="Route Nationale 1 Tunis - Ras Jedir - Libye" /><tag k="highway" v="primary" /><tag k="name" v="شارع الشهداء" /><tag k="name:ar" v="شارع الشهداء" /><tag k="name:fr" v="Avenue des Martyrs" /><tag k="oneway" v="yes" /><tag k="ref" v="RN1" /><tag k="sidewalk" v="both" /><tag k="smoothness" v="intermediate" /><tag k="surface" v="asphalt" /></way><way id="30078693"><nd ref="-205" /><nd ref="-206" /><nd ref="-207" /><nd ref="-208" /><nd ref="-209" /><nd ref="-210" /><nd ref="-211" /><nd ref="-212" /><nd ref="-213" /><nd ref="-214" /><nd ref="-215" /><nd ref="-14" /><tag k="highway" v="primary" /><tag k="lanes" v="1" /><tag k="maxspeed" v="50" /><tag k="name" v="شارع قرطاج" /><tag k="name:ar" v="شارع قرطاج" /><tag k="name:fr" v="Avenue de Carthage" /><tag k="oneway" v="yes" /><tag k="ref" v="RR81" /><tag k="ref:ar" v="طج 81" /><tag k="ref:fr" v="RR81" /><tag k="sidewalk" v="both" /><tag k="smoothness" v="bad" /><tag k="start_date" v="2012" /><tag k="surface" v="asphalt" /></way><way id="30078864"><nd ref="-195" /><nd ref="-216" /><nd ref="-217" /><nd ref="-218" /><nd ref="-219" /><nd ref="-220" /><nd ref="-221" /><nd ref="-222" /><nd ref="-223" /><nd ref="-224" /><tag k="highway" v="tertiary" /><tag k="name" v="نهج الناصرية" /><tag k="name:ar" v="نهج الناصرية" /><tag k="name:fr" v="Rue Ennasria" /><tag k="oneway" v="yes" /><tag k="sidewalk" v="both" /><tag k="smoothness" v="bad" /><tag k="surface" v="asphalt" /></way><way id="30078885"><nd ref="-217" /><nd ref="-214" /><tag k="highway" v="tertiary" /><tag k="name" v="T20MUN0025" /><tag k="oneway" v="yes" /><tag k="smoothness" v="bad" /><tag k="surface" v="asphalt" /></way><way id="30079151"><nd ref="-225" /><nd ref="-226" /><nd ref="-227" /><nd ref="-228" /><nd ref="-229" /><nd ref="-230" /><nd ref="-231" /><nd ref="-232" /><nd ref="-233" /><nd ref="-234" /><nd ref="-235" /><nd ref="-236" /><tag k="highway" v="primary" /><tag k="name" v="شارع الشهداء" /><tag k="name:ar" v="شارع الشهداء" /><tag k="name:fr" v="Avenue des Martyrs" /><tag k="oneway" v="yes" /><tag k="ref" v="RR82" /><tag k="sidewalk" v="both" /><tag k="smoothness" v="intermediate" /><tag k="surface" v="asphalt" /></way><way id="30079207"><nd ref="-232" /><nd ref="-237" /><nd ref="-238" /><nd ref="-239" /><nd ref="-240" /><nd ref="-241" /><nd ref="-242" /><nd ref="-243" /><tag k="highway" v="residential" /></way><way id="30079214"><nd ref="-54" /><nd ref="-244" /><nd ref="-245" /><nd ref="-246" /><nd ref="-247" /><nd ref="-243" /><nd ref="-248" /><nd ref="-249" /><nd ref="-250" /><nd ref="-251" /><nd ref="-252" /><nd ref="-253" /><tag k="highway" v="tertiary" /><tag k="name" v="نهج العمران" /><tag k="name:ar" v="نهج العمران" /><tag k="name:fr" v="Rue El Omrane" /><tag k="sidewalk" v="both" /><tag k="smoothness" v="bad" /><tag k="surface" v="asphalt" /></way><way id="30079215"><nd ref="-254" /><nd ref="-255" /><nd ref="-256" /><nd ref="-257" /><nd ref="-258" /><nd ref="-259" /><nd ref="-260" /><nd ref="-261" /><nd ref="-262" /><nd ref="-263" /><nd ref="-264" /><nd ref="-265" /><nd ref="-266" /><nd ref="-240" /><tag k="highway" v="residential" /><tag k="name" v="نهج رقادة" /><tag k="name:ar" v="نهج رقادة" /><tag k="name:fr" v="Rue de Rakkada" /><tag k="sidewalk" v="both" /><tag k="smoothness" v="bad" /><tag k="surface" v="asphalt" /></way><way id="30079222"><nd ref="-265" /><nd ref="-267" /><nd ref="-268" /><nd ref="-269" /><nd ref="-270" /><nd ref="-271" /><tag k="highway" v="residential" /><tag k="name" v="نهج السيف" /><tag k="name:ar" v="نهج السيف" /><tag k="name:fr" v="Rue de l'Epée" /><tag k="sidewalk" v="both" /><tag k="smoothness" v="bad" /><tag k="surface" v="asphalt" /></way><way id="30079230"><nd ref="-258" /><nd ref="-272" /><nd ref="-273" /><nd ref="-274" /><nd ref="-275" /><nd ref="-276" /><nd ref="-277" /><nd ref="-278" /><tag k="highway" v="residential" /><tag k="name" v="نهج 19 جويلية" /><tag k="name:ar" v="نهج 19 جويلية" /><tag k="name:fr" v="Rue du 19 Juillet" /><tag k="sidewalk" v="both" /><tag k="smoothness" v="intermediate" /><tag k="surface" v="asphalt" /></way><way id="30079234"><nd ref="-274" /><nd ref="-279" /><nd ref="-280" /><tag k="highway" v="residential" /></way><way id="30079254"><nd ref="-281" /><nd ref="-282" /><nd ref="-283" /><nd ref="-284" /><nd ref="-285" /><nd ref="-286" /><nd ref="-287" /><nd ref="-288" /><nd ref="-53" /><tag k="highway" v="residential" /></way><way id="30079268"><nd ref="-289" /><nd ref="-290" /><nd ref="-291" /><nd ref="-292" /><nd ref="-293" /><nd ref="-294" /><nd ref="-277" /><nd ref="-295" /><nd ref="-296" /><nd ref="-297" /><nd ref="-298" /><tag k="highway" v="residential" /><tag k="name" v="نهج بغداد" /><tag k="name:ar" v="نهج بغداد" /><tag k="name:fr" v="Rue de Bagdad" /><tag k="sidewalk" v="both" /><tag k="smoothness" v="bad" /><tag k="surface" v="asphalt" /></way><way id="30079432"><nd ref="-181" /><nd ref="-299" /><nd ref="-300" /><nd ref="-301" /><nd ref="-302" /><nd ref="-293" /><nd ref="-303" /><nd ref="-304" /><nd ref="-305" /><nd ref="-306" /><nd ref="-307" /><tag k="highway" v="secondary" /><tag k="name" v="شارع عبد الرحمان الغافقي" /><tag k="name:ar" v="شارع عبد الرحمان الغافقي" /><tag k="name:fr" v="Avenue Abderrahmen El Ghafki" /><tag k="oneway" v="yes" /><tag k="sidewalk" v="both" /><tag k="smoothness" v="intermediate" /><tag k="surface" v="asphalt" /></way><way id="30079801"><nd ref="-308" /><nd ref="-309" /><nd ref="-310" /><nd ref="-311" /><nd ref="-312" /><nd ref="-313" /><nd ref="-314" /><nd ref="-315" /><nd ref="-316" /><nd ref="-317" /><nd ref="-318" /><nd ref="-319" /><nd ref="-320" /><nd ref="-321" /><nd ref="-322" /><nd ref="-323" /><nd ref="-324" /><nd ref="-325" /><tag k="highway" v="primary" /><tag k="name" v="شارع مجيدة بوليلة" /><tag k="name:ar" v="شارع مجيدة بوليلة" /><tag k="name:fr" v="Boulevard Majida Boulila" /><tag k="oneway" v="yes" /><tag k="sidewalk" v="both" /><tag k="smoothness" v="bad" /><tag k="start_date" v="2000" /><tag k="surface" v="asphalt" /></way><way id="30079805"><nd ref="-326" /><nd ref="-327" /><nd ref="-328" /><nd ref="-329" /><nd ref="-330" /><tag k="highway" v="tertiary" /><tag k="name" v="نهج مجيدة بوليلة" /><tag k="name:ar" v="نهج مجيدة بوليلة" /><tag k="name:fr" v="Rue Majida Boulila" /><tag k="oneway" v="yes" /><tag k="sidewalk" v="both" /><tag k="smoothness" v="bad" /><tag k="surface" v="asphalt" /></way><way id="30196946"><nd ref="-331" /><nd ref="-332" /><nd ref="-333" /><nd ref="-334" /><nd ref="-335" /><nd ref="-326" /><nd ref="-336" /><nd ref="-337" /><nd ref="-338" /><tag k="highway" v="primary" /><tag k="name" v="شارع بنزرت" /><tag k="name:ar" v="شارع بنزرت" /><tag k="name:fr" v="Boulevard de Bizerte" /><tag k="oneway" v="yes" /><tag k="ref" v="RN1" /><tag k="sidewalk" v="both" /><tag k="smoothness" v="intermediate" /><tag k="surface" v="asphalt" /></way><way id="30196947"><nd ref="-339" /><nd ref="-340" /><nd ref="-341" /><nd ref="-342" /><nd ref="-343" /><nd ref="-344" /><nd ref="-345" /><nd ref="-346" /><tag k="highway" v="primary" /><tag k="name" v="شارع بنزرت" /><tag k="name:ar" v="شارع بنزرت" /><tag k="name:fr" v="Boulevard de Bizerte" /><tag k="oneway" v="yes" /><tag k="ref" v="RN1" /><tag k="sidewalk" v="both" /><tag k="smoothness" v="intermediate" /><tag k="surface" v="asphalt" /></way><way id="30213205"><nd ref="-347" /><nd ref="-348" /><nd ref="-349" /><nd ref="-327" /><tag k="highway" v="service" /></way><way id="30213223"><nd ref="-343" /><nd ref="-350" /><nd ref="-351" /><nd ref="-352" /><nd ref="-353" /><nd ref="-354" /><tag k="highway" v="residential" /><tag k="name" v="نهج الهادي السعيدي" /><tag k="name:ar" v="نهج الهادي السعيدي" /><tag k="name:fr" v="Rue Hédi Saidi" /></way><way id="30213225"><nd ref="-355" /><nd ref="-356" /><nd ref="-357" /><nd ref="-358" /><nd ref="-359" /><tag k="highway" v="residential" /><tag k="name" v="نهج العاصي" /><tag k="name:ar" v="نهج العاصي" /><tag k="name:fr" v="Rue Orontes" /><tag k="sidewalk" v="both" /><tag k="smoothness" v="bad" /><tag k="surface" v="asphalt" /></way><way id="30213232"><nd ref="-307" /><nd ref="-360" /><nd ref="-359" /><nd ref="-350" /><tag k="highway" v="residential" /><tag k="name" v="نهج رقادة" /><tag k="name:ar" v="نهج رقادة" /><tag k="name:fr" v="Rue de Rakkada" /><tag k="sidewalk" v="both" /><tag k="smoothness" v="bad" /><tag k="surface" v="asphalt" /></way><way id="30213235"><nd ref="-306" /><nd ref="-361" /><nd ref="-358" /><nd ref="-351" /><tag k="highway" v="residential" /><tag k="name" v="نهج الطايف" /><tag k="name:ar" v="نهج الطايف" /><tag k="name:fr" v="Rue Ettaif" /></way><way id="30213237"><nd ref="-356" /><nd ref="-362" /><nd ref="-363" /><nd ref="-364" /><nd ref="-365" /><nd ref="-291" /><nd ref="-366" /><nd ref="-367" /><nd ref="-368" /><tag k="highway" v="residential" /><tag k="name" v="نهج سعيد أبو بكر" /><tag k="name:ar" v="نهج سعيد أبو بكر" /><tag k="name:fr" v="Rue Saïd Abou Baker" /></way><way id="30213240"><nd ref="-273" /><nd ref="-369" /><nd ref="-370" /><nd ref="-371" /><nd ref="-372" /><nd ref="-373" /><nd ref="-374" /><nd ref="-375" /><nd ref="-376" /><nd ref="-377" /><nd ref="-378" /><nd ref="-270" /><tag k="highway" v="residential" /><tag k="name" v="نهج المنصف باي" /><tag k="name:ar" v="نهج المنصف باي" /><tag k="name:fr" v="Rue Moncef Bey" /></way><way id="30213243"><nd ref="-275" /><nd ref="-379" /><nd ref="-378" /><tag k="highway" v="residential" /></way><way id="30213268"><nd ref="-267" /><nd ref="-380" /><nd ref="-264" /><nd ref="-381" /><nd ref="-382" /><nd ref="-383" /><nd ref="-384" /><nd ref="-385" /><nd ref="-386" /><nd ref="-387" /><nd ref="-388" /><nd ref="-241" /><tag k="foot" v="yes" /><tag k="highway" v="residential" /></way><way id="32899529"><nd ref="-389" /><nd ref="-390" /><nd ref="-391" /><nd ref="-392" /><nd ref="-393" /><nd ref="-394" /><nd ref="-395" /><nd ref="-396" /><nd ref="-397" /><nd ref="-398" /><nd ref="-399" /><nd ref="-400" /><nd ref="-401" /><nd ref="-402" /><nd ref="-403" /><nd ref="-404" /><nd ref="-405" /><nd ref="-406" /><nd ref="-407" /><nd ref="-408" /><nd ref="-409" /><nd ref="-410" /><nd ref="-411" /><nd ref="-412" /><nd ref="-413" /><nd ref="-414" /><nd ref="-415" /><nd ref="-416" /><nd ref="-417" /><nd ref="-418" /><nd ref="-419" /><nd ref="-420" /><nd ref="-421" /><nd ref="-422" /><nd ref="-423" /><nd ref="-424" /><nd ref="-425" /><nd ref="-426" /><nd ref="-427" /><nd ref="-428" /><nd ref="-429" /><tag k="highway" v="tertiary" /><tag k="name" v="شارع المنجي سليم" /><tag k="name:ar" v="شارع المنجي سليم" /><tag k="name:fr" v="Avenue Mongi Slim" /></way><way id="32899533"><nd ref="-430" /><nd ref="-431" /><nd ref="-432" /><tag k="highway" v="residential" /><tag k="oneway" v="yes" /></way><way id="32899535"><nd ref="-433" /><nd ref="-434" /><nd ref="-435" /><nd ref="-436" /><nd ref="-437" /><nd ref="-438" /><nd ref="-439" /><nd ref="-440" /><nd ref="-441" /><nd ref="-442" /><nd ref="-443" /><nd ref="-444" /><nd ref="-445" /><nd ref="-446" /><nd ref="-447" /><nd ref="-448" /><nd ref="-449" /><nd ref="-450" /><nd ref="-451" /><nd ref="-452" /><nd ref="-453" /><nd ref="-454" /><nd ref="-455" /><nd ref="-456" /><nd ref="-457" /><nd ref="-458" /><nd ref="-459" /><nd ref="-460" /><nd ref="-461" /><nd ref="-462" /><nd ref="-463" /><nd ref="-464" /><nd ref="-465" /><tag k="highway" v="residential" /><tag k="name" v="شارع الاستقلال" /><tag k="name:ar" v="شارع الاستقلال" /><tag k="name:fr" v="Avenue de l'Indépendance" /><tag k="sidewalk" v="n" /><tag k="smoothness" v="bad" /><tag k="surface" v="tricouche" /></way><way id="32899536"><nd ref="-442" /><nd ref="-466" /><nd ref="-467" /><nd ref="-468" /><nd ref="-469" /><nd ref="-470" /><nd ref="-471" /><nd ref="-472" /><nd ref="-473" /><nd ref="-474" /><nd ref="-475" /><nd ref="-476" /><tag k="highway" v="residential" /><tag k="name" v="نهج أبو القاسم الشابي" /><tag k="name:ar" v="نهج أبو القاسم الشابي" /><tag k="name:fr" v="Rue Abou El Kacem Chebbi" /><tag k="sidewalk" v="no" /><tag k="smoothness" v="bad" /><tag k="surface" v="tricouche" /></way><way id="32899537"><nd ref="-477" /><nd ref="-478" /><nd ref="-479" /><nd ref="-480" /><nd ref="-481" /><nd ref="-482" /><nd ref="-483" /><nd ref="-484" /><nd ref="-485" /><nd ref="-486" /><nd ref="-487" /><nd ref="-488" /><nd ref="-489" /><nd ref="-490" /><nd ref="-491" /><nd ref="-492" /><nd ref="-475" /><tag k="highway" v="residential" /><tag k="name" v="زنقة الحمالة" /><tag k="name:ar" v="زنقة الحمالة" /><tag k="name:fr" v="Zanket El Hammela" /></way><way id="32899539"><nd ref="-481" /><nd ref="-493" /><nd ref="-494" /><nd ref="-495" /><nd ref="-496" /><nd ref="-497" /><nd ref="-498" /><nd ref="-499" /><nd ref="-500" /><nd ref="-501" /><nd ref="-502" /><nd ref="-503" /><nd ref="-504" /><nd ref="-505" /><nd ref="-506" /><tag k="highway" v="unclassified" /><tag k="name" v="شارع الجمهورية" /><tag k="name:ar" v="شارع الجمهورية" /><tag k="name:fr" v="Avenue de la République" /><tag k="source" v="yahoo" /></way><way id="32899545"><nd ref="-507" /><nd ref="-508" /><nd ref="-509" /><nd ref="-510" /><nd ref="-511" /><nd ref="-512" /><tag k="highway" v="tertiary" /><tag k="oneway" v="yes" /><tag k="source" v="yahoo" /></way><way id="32899546"><nd ref="-513" /><nd ref="-514" /><nd ref="-515" /><nd ref="-516" /><nd ref="-517" /><nd ref="-518" /><nd ref="-519" /><nd ref="-520" /><nd ref="-521" /><tag k="highway" v="tertiary" /><tag k="oneway" v="yes" /><tag k="source" v="yahoo" /></way><way id="32899549"><nd ref="-522" /><nd ref="-523" /><nd ref="-524" /><nd ref="-525" /><nd ref="-526" /><nd ref="-527" /><nd ref="-528" /><nd ref="-529" /><tag k="highway" v="tertiary" /><tag k="oneway" v="yes" /><tag k="source" v="yahoo" /></way><way id="32899551"><nd ref="-530" /><nd ref="-513" /><nd ref="-531" /><nd ref="-532" /><nd ref="-533" /><nd ref="-512" /><nd ref="-534" /><nd ref="-535" /><nd ref="-536" /><nd ref="-537" /><nd ref="-538" /><nd ref="-539" /><nd ref="-540" /><nd ref="-541" /><nd ref="-522" /><nd ref="-542" /><nd ref="-543" /><nd ref="-544" /><nd ref="-545" /><nd ref="-546" /><nd ref="-547" /><nd ref="-548" /><nd ref="-549" /><nd ref="-550" /><nd ref="-551" /><nd ref="-552" /><nd ref="-553" /><nd ref="-554" /><nd ref="-530" /><tag k="highway" v="tertiary" /><tag k="junction" v="roundabout" /><tag k="source" v="yahoo" /></way><way id="32899552"><nd ref="-555" /><nd ref="-556" /><nd ref="-557" /><nd ref="-558" /><nd ref="-559" /><nd ref="-560" /><nd ref="-561" /><nd ref="-562" /><nd ref="-505" /><nd ref="-563" /><nd ref="-564" /><nd ref="-565" /><nd ref="-566" /><nd ref="-567" /><nd ref="-568" /><tag k="highway" v="residential" /><tag k="source" v="yahoo" /></way><way id="32899553"><nd ref="-569" /><nd ref="-570" /><nd ref="-499" /><tag k="highway" v="residential" /><tag k="source" v="yahoo" /></way><way id="32899555"><nd ref="-571" /><nd ref="-572" /><nd ref="-573" /><tag k="highway" v="residential" /><tag k="oneway" v="yes" /><tag k="source" v="yahoo" /></way><way id="32904555"><nd ref="-574" /><nd ref="-575" /><nd ref="-576" /><nd ref="-577" /><nd ref="-578" /><nd ref="-579" /><nd ref="-580" /><nd ref="-581" /><nd ref="-582" /><nd ref="-583" /><nd ref="-584" /><nd ref="-585" /><nd ref="-586" /><nd ref="-587" /><nd ref="-588" /><nd ref="-589" /><nd ref="-590" /><nd ref="-591" /><nd ref="-592" /><nd ref="-593" /><nd ref="-594" /><nd ref="-595" /><tag k="highway" v="residential" /></way><way id="32904560"><nd ref="-596" /><nd ref="-597" /><nd ref="-598" /><nd ref="-599" /><nd ref="-600" /><nd ref="-601" /><nd ref="-602" /><nd ref="-603" /><nd ref="-604" /><nd ref="-605" /><nd ref="-606" /><nd ref="-607" /><nd ref="-608" /><nd ref="-609" /><nd ref="-610" /><nd ref="-611" /><nd ref="-612" /><nd ref="-613" /><nd ref="-614" /><nd ref="-615" /><nd ref="-616" /><nd ref="-617" /><nd ref="-618" /><nd ref="-619" /><nd ref="-620" /><nd ref="-621" /><tag k="highway" v="residential" /><tag k="name" v="نهج الشريف الادريسي" /><tag k="name:ar" v="نهج الشريف الادريسي" /><tag k="name:fr" v="Rue Charif Al Idrissi" /><tag k="sidewalk" v="yes" /><tag k="smoothness" v="bad" /><tag k="surface" v="tricouche" /></way><way id="32904562"><nd ref="-622" /><nd ref="-623" /><nd ref="-624" /><nd ref="-625" /><nd ref="-626" /><nd ref="-627" /><nd ref="-628" /><nd ref="-629" /><nd ref="-630" /><nd ref="-631" /><nd ref="-632" /><nd ref="-633" /><nd ref="-634" /><nd ref="-635" /><nd ref="-636" /><nd ref="-637" /><nd ref="-638" /><nd ref="-639" /><nd ref="-640" /><nd ref="-641" /><nd ref="-642" /><nd ref="-643" /><nd ref="-644" /><nd ref="-645" /><nd ref="-646" /><nd ref="-647" /><nd ref="-648" /><nd ref="-649" /><nd ref="-650" /><nd ref="-651" /><nd ref="-652" /><nd ref="-653" /><nd ref="-654" /><nd ref="-655" /><nd ref="-656" /><nd ref="-657" /><nd ref="-658" /><nd ref="-659" /><nd ref="-660" /><nd ref="-661" /><nd ref="-662" /><nd ref="-663" /><nd ref="-664" /><nd ref="-665" /><nd ref="-666" /><nd ref="-667" /><nd ref="-668" /><nd ref="-669" /><nd ref="-670" /><nd ref="-671" /><nd ref="-672" /><nd ref="-673" /><nd ref="-674" /><nd ref="-675" /><nd ref="-676" /><nd ref="-677" /><nd ref="-678" /><nd ref="-679" /><nd ref="-680" /><nd ref="-681" /><nd ref="-682" /><nd ref="-683" /><nd ref="-684" /><nd ref="-685" /><nd ref="-686" /><nd ref="-687" /><nd ref="-688" /><nd ref="-689" /><nd ref="-690" /><nd ref="-691" /><nd ref="-692" /><nd ref="-693" /><nd ref="-694" /><nd ref="-695" /><nd ref="-696" /><nd ref="-697" /><nd ref="-698" /><nd ref="-699" /><nd ref="-700" /><nd ref="-701" /><nd ref="-702" /><nd ref="-703" /><nd ref="-704" /><nd ref="-705" /><nd ref="-706" /><nd ref="-707" /><nd ref="-708" /><nd ref="-709" /><nd ref="-710" /><nd ref="-711" /><nd ref="-712" /><nd ref="-713" /><nd ref="-714" /><nd ref="-715" /><nd ref="-716" /><nd ref="-717" /><nd ref="-718" /><nd ref="-719" /><nd ref="-720" /><nd ref="-721" /><nd ref="-722" /><nd ref="-723" /><nd ref="-724" /><nd ref="-725" /><nd ref="-726" /><nd ref="-727" /><nd ref="-728" /><nd ref="-729" /><nd ref="-730" /><nd ref="-731" /><nd ref="-732" /><nd ref="-733" /><nd ref="-734" /><nd ref="-735" /><nd ref="-736" /><tag k="highway" v="tertiary" /><tag k="lane_markings" v="no" /><tag k="name" v="شارع الحرّيّة" /><tag k="name:ar" v="شارع الحرّيّة" /><tag k="name:fr" v="Avenue de la Liberté" /><tag k="short_name:fr" v="Liberté" /><tag k="source" v="yahoo" /><tag k="surface" v="asphalt" /></way><way id="32904566"><nd ref="-656" /><nd ref="-737" /><nd ref="-738" /><nd ref="-739" /><nd ref="-740" /><nd ref="-741" /><nd ref="-742" /><nd ref="-743" /><nd ref="-744" /><tag k="highway" v="living_street" /><tag k="source" v="yahoo" /><tag k="surface" v="asphalt" /></way><way id="32904567"><nd ref="-745" /><nd ref="-746" /><nd ref="-747" /><tag k="highway" v="residential" /></way><way id="34099446"><nd ref="-748" /><nd ref="-290" /><nd ref="-749" /><nd ref="-750" /><nd ref="-751" /><nd ref="-752" /><nd ref="-753" /><nd ref="-754" /><nd ref="-755" /><nd ref="-756" /><nd ref="-757" /><nd ref="-758" /><nd ref="-759" /><nd ref="-760" /><nd ref="-761" /><nd ref="-762" /><nd ref="-763" /><nd ref="-764" /><nd ref="-765" /><nd ref="-766" /><nd ref="-767" /><tag k="highway" v="residential" /><tag k="name" v="نهج أحمد بيرم" /><tag k="name:ar" v="نهج أحمد بيرم" /><tag k="name:fr" v="Rue Ahmed Bayrem" /></way><way id="34099449"><nd ref="-297" /><nd ref="-768" /><nd ref="-769" /><nd ref="-770" /><nd ref="-771" /><nd ref="-772" /><nd ref="-773" /><nd ref="-301" /><nd ref="-774" /><nd ref="-775" /><nd ref="-776" /><nd ref="-368" /><nd ref="-777" /><nd ref="-778" /><nd ref="-779" /><nd ref="-780" /><nd ref="-781" /><nd ref="-782" /><nd ref="-767" /><nd ref="-783" /><nd ref="-784" /><nd ref="-785" /><nd ref="-786" /><nd ref="-787" /><nd ref="-788" /><nd ref="-789" /><nd ref="-790" /><nd ref="-791" /><nd ref="-792" /><nd ref="-793" /><nd ref="-794" /><nd ref="-795" /><nd ref="-796" /><nd ref="-797" /><nd ref="-798" /><nd ref="-799" /><nd ref="-800" /><nd ref="-801" /><tag k="highway" v="residential" /><tag k="name" v="نهج الفاضل بن عاشور" /><tag k="name:ar" v="نهج الفاضل بن عاشور" /><tag k="name:fr" v="Rue Fadhel Ben Achour" /><tag k="sidewalk" v="both" /><tag k="smoothness" v="intermediate" /><tag k="surface" v="asphalt" /></way><way id="34099450"><nd ref="-802" /><nd ref="-803" /><nd ref="-804" /><nd ref="-805" /><nd ref="-806" /><nd ref="-807" /><nd ref="-808" /><nd ref="-809" /><nd ref="-791" /><tag k="highway" v="residential" /><tag k="name" v="نهج القرطبي" /><tag k="name:ar" v="نهج القرطبي" /><tag k="name:fr" v="Rue El Kortobi" /></way><way id="34099474"><nd ref="-810" /><nd ref="-811" /><nd ref="-812" /><nd ref="-813" /><nd ref="-814" /><nd ref="-815" /><nd ref="-816" /><tag k="highway" v="residential" /><tag k="name" v="نهج موسى" /><tag k="name:ar" v="نهج موسى" /><tag k="name:fr" v="Rue de Moïse" /><tag k="oneway" v="yes" /></way><way id="34099476"><nd ref="-817" /><nd ref="-818" /><nd ref="-819" /><nd ref="-820" /><nd ref="-821" /><nd ref="-822" /><nd ref="-823" /><nd ref="-824" /><nd ref="-825" /><nd ref="-766" /><nd ref="-781" /><tag k="highway" v="residential" /><tag k="name" v="نهج دجلة" /><tag k="name:ar" v="نهج دجلة" /><tag k="name:fr" v="Rue de Dejla" /></way><way id="34099487"><nd ref="-826" /><nd ref="-827" /><nd ref="-828" /><nd ref="-829" /><tag k="highway" v="unclassified" /><tag k="name" v="نهج محمد العكروت" /><tag k="name:ar" v="نهج محمد العكروت" /><tag k="name:fr" v="Rue Mohamed Akrout" /><tag k="sidewalk" v="both" /><tag k="smoothness" v="intermediate" /><tag k="surface" v="asphalt" /></way><way id="35282554"><nd ref="-830" /><nd ref="-831" /><nd ref="-832" /><nd ref="-833" /><nd ref="-834" /><nd ref="-835" /><nd ref="-120" /><tag k="highway" v="secondary" /><tag k="lanes" v="1" /><tag k="maxspeed" v="50" /><tag k="name" v="طريق تنيور" /><tag k="name:ar" v="طريق تنيور" /><tag k="name:fr" v="Route de Teniour" /><tag k="oneway" v="yes" /><tag k="ref" v="RL911" /></way><way id="35282563"><nd ref="-836" /><nd ref="-837" /><nd ref="-838" /><nd ref="-839" /><tag k="highway" v="primary" /><tag k="int_ref" v="TAH 1" /><tag k="lanes" v="1" /><tag k="maxspeed" v="50" /><tag k="name" v="الطريق الوطنية تونس - رأس جدير" /><tag k="name:ar" v="الطريق الوطنية تونس - رأس جدير" /><tag k="name:fr" v="Route Nationale Tunis - Ras Jedir" /><tag k="oneway" v="yes" /><tag k="ref" v="RN1" /><tag k="ref:ar" v="ط و 1" /><tag k="ref:fr" v="RN1" /></way><way id="35282567"><nd ref="-120" /><nd ref="-840" /><nd ref="-841" /><nd ref="-842" /><nd ref="-843" /><nd ref="-844" /><tag k="highway" v="secondary" /><tag k="lanes" v="1" /><tag k="maxspeed" v="50" /><tag k="name" v="طريق تنيور" /><tag k="name:ar" v="طريق تنيور" /><tag k="name:fr" v="Route de Teniour" /><tag k="oneway" v="yes" /><tag k="ref" v="RL911" /></way><way id="35282667"><nd ref="-839" /><nd ref="-845" /><nd ref="-846" /><nd ref="-847" /><nd ref="-848" /><tag k="highway" v="primary" /><tag k="int_ref" v="TAH 1" /><tag k="lanes" v="1" /><tag k="maxspeed" v="50" /><tag k="name" v="الطريق الوطنية تونس - رأس جدير" /><tag k="name:ar" v="الطريق الوطنية تونس - رأس جدير" /><tag k="name:fr" v="Route Nationale Tunis - Ras Jedir" /><tag k="oneway" v="yes" /><tag k="ref" v="RN1" /><tag k="ref:ar" v="ط و 1" /><tag k="ref:fr" v="RN1" /></way><way id="35606213"><nd ref="-487" /><nd ref="-849" /><nd ref="-850" /><nd ref="-851" /><nd ref="-852" /><nd ref="-853" /><nd ref="-854" /><nd ref="-855" /><nd ref="-856" /><nd ref="-857" /><nd ref="-858" /><tag k="highway" v="residential" /><tag k="source" v="yahoo" /></way><way id="35606215"><nd ref="-859" /><nd ref="-860" /><nd ref="-861" /><nd ref="-862" /><nd ref="-863" /><nd ref="-502" /><tag k="highway" v="residential" /><tag k="source" v="yahoo" /></way><way id="35606229"><nd ref="-565" /><nd ref="-864" /><nd ref="-865" /><nd ref="-866" /><nd ref="-867" /><nd ref="-868" /><nd ref="-869" /><tag k="highway" v="residential" /><tag k="lit" v="yes" /><tag k="name" v="نهج عدن" /><tag k="name:ar" v="نهج عدن" /><tag k="name:fr" v="Rue d'Aden" /><tag k="source" v="yahoo" /><tag k="surface" v="asphalt" /></way><way id="35606231"><nd ref="-870" /><nd ref="-871" /><tag k="highway" v="residential" /><tag k="source" v="yahoo" /></way><way id="35606234"><nd ref="-872" /><nd ref="-873" /><tag k="highway" v="residential" /><tag k="source" v="yahoo" /></way><way id="35606238"><nd ref="-874" /><nd ref="-568" /><nd ref="-875" /><tag k="highway" v="residential" /></way><way id="35606241"><nd ref="-876" /><nd ref="-877" /><nd ref="-878" /><nd ref="-879" /><nd ref="-880" /><nd ref="-881" /><nd ref="-882" /><nd ref="-883" /><nd ref="-884" /><nd ref="-885" /><nd ref="-886" /><nd ref="-887" /><nd ref="-888" /><nd ref="-889" /><nd ref="-539" /><tag k="highway" v="residential" /><tag k="oneway" v="yes" /><tag k="source" v="yahoo" /></way><way id="35606242"><nd ref="-536" /><nd ref="-890" /><nd ref="-891" /><nd ref="-892" /><nd ref="-893" /><nd ref="-894" /><nd ref="-895" /><tag k="highway" v="residential" /><tag k="oneway" v="yes" /><tag k="source" v="yahoo" /></way><way id="35606244"><nd ref="-896" /><nd ref="-897" /><nd ref="-898" /><nd ref="-899" /><tag k="highway" v="residential" /><tag k="source" v="yahoo" /></way><way id="35606253"><nd ref="-900" /><nd ref="-901" /><nd ref="-902" /><tag k="highway" v="residential" /><tag k="source" v="yahoo" /></way><way id="35606259"><nd ref="-501" /><nd ref="-903" /><nd ref="-904" /><nd ref="-905" /><tag k="highway" v="residential" /><tag k="source" v="yahoo" /></way><way id="35606261"><nd ref="-499" /><nd ref="-906" /><nd ref="-907" /><nd ref="-908" /><nd ref="-909" /><tag k="highway" v="residential" /><tag k="source" v="yahoo" /></way><way id="35606268"><nd ref="-910" /><nd ref="-861" /><nd ref="-911" /><nd ref="-912" /><nd ref="-905" /><nd ref="-906" /><nd ref="-913" /><nd ref="-914" /><nd ref="-915" /><nd ref="-916" /><nd ref="-917" /><nd ref="-918" /><nd ref="-919" /><tag k="highway" v="residential" /><tag k="source" v="yahoo" /></way><way id="35606273"><nd ref="-494" /><nd ref="-920" /><nd ref="-921" /><tag k="highway" v="residential" /><tag k="source" v="yahoo" /></way><way id="35606274"><nd ref="-912" /><nd ref="-922" /><tag k="highway" v="residential" /><tag k="source" v="yahoo" /></way><way id="35606354"><nd ref="-923" /><nd ref="-924" /><nd ref="-925" /><nd ref="-926" /><nd ref="-927" /><nd ref="-928" /><nd ref="-929" /><nd ref="-930" /><nd ref="-931" /><nd ref="-932" /><nd ref="-933" /><nd ref="-934" /><nd ref="-902" /><nd ref="-899" /><nd ref="-895" /><tag k="highway" v="residential" /><tag k="source" v="yahoo" /></way><way id="35606362"><nd ref="-528" /><nd ref="-935" /><nd ref="-936" /><nd ref="-870" /><nd ref="-937" /><nd ref="-938" /><tag k="highway" v="residential" /><tag k="source" v="yahoo" /></way><way id="35606377"><nd ref="-939" /><nd ref="-940" /><nd ref="-941" /><nd ref="-942" /><tag k="highway" v="residential" /><tag k="source" v="yahoo" /></way><way id="35606381"><nd ref="-898" /><nd ref="-901" /><tag k="highway" v="residential" /><tag k="source" v="yahoo" /></way><way id="35606387"><nd ref="-942" /><nd ref="-943" /><nd ref="-900" /><nd ref="-897" /><tag k="highway" v="residential" /><tag k="source" v="yahoo" /></way><way id="35606403"><nd ref="-885" /><nd ref="-894" /><nd ref="-896" /><nd ref="-944" /><nd ref="-945" /><nd ref="-946" /><nd ref="-939" /><tag k="highway" v="residential" /><tag k="source" v="yahoo" /></way><way id="35606441"><nd ref="-922" /><nd ref="-947" /><nd ref="-948" /><nd ref="-908" /><nd ref="-949" /><tag k="highway" v="residential" /><tag k="source" v="yahoo" /></way><way id="35606444"><nd ref="-875" /><nd ref="-950" /><tag k="highway" v="residential" /></way><way id="35606445"><nd ref="-951" /><nd ref="-950" /><nd ref="-952" /><nd ref="-566" /><nd ref="-953" /><tag k="highway" v="residential" /><tag k="source" v="yahoo" /></way><way id="35606447"><nd ref="-503" /><nd ref="-954" /><nd ref="-910" /><nd ref="-955" /><nd ref="-956" /><nd ref="-951" /><tag k="highway" v="residential" /><tag k="lit" v="yes" /><tag k="name" v="نهج الزياتين" /><tag k="name:ar" v="نهج الزياتين" /><tag k="name:fr" v="Rue des Oliviers" /><tag k="source" v="yahoo" /><tag k="surface" v="asphalt" /></way><way id="35606462"><nd ref="-956" /><nd ref="-957" /><nd ref="-859" /><nd ref="-958" /><nd ref="-959" /><nd ref="-960" /><nd ref="-961" /><nd ref="-962" /><nd ref="-963" /><nd ref="-964" /><nd ref="-965" /><nd ref="-948" /><tag k="highway" v="residential" /><tag k="source" v="yahoo" /></way><way id="35606472"><nd ref="-497" /><nd ref="-966" /><nd ref="-967" /><nd ref="-968" /><nd ref="-969" /><nd ref="-970" /><nd ref="-569" /><nd ref="-971" /><nd ref="-972" /><nd ref="-973" /><nd ref="-555" /><nd ref="-974" /><nd ref="-975" /><nd ref="-976" /><tag k="highway" v="unclassified" /><tag k="source" v="yahoo" /></way><way id="35606473"><nd ref="-496" /><nd ref="-977" /><tag k="highway" v="residential" /><tag k="source" v="yahoo" /></way><way id="35606530"><nd ref="-921" /><nd ref="-919" /><tag k="highway" v="residential" /><tag k="source" v="yahoo" /></way><way id="35606542"><nd ref="-978" /><nd ref="-979" /><nd ref="-980" /><nd ref="-977" /><nd ref="-920" /><tag k="highway" v="residential" /><tag k="source" v="yahoo" /></way><way id="35606543"><nd ref="-919" /><nd ref="-981" /><nd ref="-982" /><nd ref="-978" /><tag k="highway" v="residential" /><tag k="source" v="yahoo" /></way><way id="35606565"><nd ref="-938" /><nd ref="-983" /><nd ref="-873" /><nd ref="-984" /><nd ref="-884" /><nd ref="-895" /><tag k="highway" v="residential" /><tag k="source" v="yahoo" /></way><way id="35606566"><nd ref="-526" /><nd ref="-985" /><nd ref="-871" /><nd ref="-983" /><nd ref="-986" /><nd ref="-987" /><tag k="highway" v="residential" /><tag k="source" v="yahoo" /></way><way id="35606649"><nd ref="-885" /><nd ref="-872" /><nd ref="-985" /><nd ref="-935" /><nd ref="-988" /><nd ref="-989" /><nd ref="-990" /><nd ref="-991" /><nd ref="-992" /><nd ref="-993" /><nd ref="-994" /><nd ref="-995" /><nd ref="-996" /><nd ref="-997" /><tag k="highway" v="residential" /></way><way id="35606711"><nd ref="-998" /><nd ref="-999" /><nd ref="-850" /><tag k="highway" v="residential" /><tag k="source" v="yahoo" /></way><way id="35606716"><nd ref="-482" /><nd ref="-998" /><nd ref="-1000" /><tag k="highway" v="residential" /><tag k="source" v="yahoo" /></way><way id="35606742"><nd ref="-849" /><nd ref="-1001" /><tag k="highway" v="residential" /><tag k="source" v="yahoo" /></way><way id="35606743"><nd ref="-999" /><nd ref="-1001" /><nd ref="-483" /><tag k="highway" v="residential" /><tag k="source" v="yahoo" /></way><way id="35606748"><nd ref="-495" /><nd ref="-1000" /><nd ref="-1002" /><nd ref="-851" /><nd ref="-1003" /><nd ref="-1004" /><nd ref="-1005" /><tag k="highway" v="residential" /><tag k="source" v="yahoo" /></way><way id="35606750"><nd ref="-854" /><nd ref="-1006" /><nd ref="-1007" /><nd ref="-1008" /><nd ref="-1009" /><nd ref="-1010" /><nd ref="-1011" /><nd ref="-1012" /><nd ref="-1013" /><nd ref="-1014" /><nd ref="-1015" /><nd ref="-1002" /><tag k="highway" v="residential" /><tag k="source" v="yahoo" /></way><way id="35607180"><nd ref="-968" /><nd ref="-1016" /><nd ref="-1017" /><nd ref="-1018" /><nd ref="-498" /><tag k="highway" v="unclassified" /><tag k="source" v="yahoo" /></way><way id="35607276"><nd ref="-1000" /><nd ref="-1019" /><nd ref="-1020" /><nd ref="-1021" /><nd ref="-1022" /><nd ref="-1023" /><nd ref="-1024" /><nd ref="-1025" /><nd ref="-1026" /><nd ref="-856" /><tag k="highway" v="residential" /><tag k="source" v="yahoo" /></way><way id="35607813"><nd ref="-852" /><nd ref="-1027" /><nd ref="-1015" /><tag k="highway" v="residential" /><tag k="source" v="yahoo" /></way><way id="35607834"><nd ref="-493" /><nd ref="-1028" /><nd ref="-1029" /><nd ref="-1030" /><tag k="highway" v="residential" /><tag k="source" v="yahoo" /></way><way id="35607842"><nd ref="-1031" /><nd ref="-1032" /><nd ref="-1033" /><nd ref="-1034" /><nd ref="-1035" /><nd ref="-1036" /><nd ref="-1029" /><nd ref="-479" /><nd ref="-1037" /><tag k="highway" v="residential" /></way><way id="35608277"><nd ref="-823" /><nd ref="-1038" /><nd ref="-787" /><tag k="highway" v="residential" /><tag k="name" v="نهج النيل" /><tag k="name:ar" v="نهج النيل" /><tag k="name:fr" v="Rue du Nil" /></way><way id="35608291"><nd ref="-756" /><nd ref="-1039" /><nd ref="-1040" /><nd ref="-367" /><nd ref="-775" /><tag k="highway" v="residential" /></way><way id="35608292"><nd ref="-1041" /><nd ref="-1042" /><nd ref="-1043" /><nd ref="-1044" /><nd ref="-1045" /><tag k="highway" v="residential" /><tag k="name" v="نهج بنغازي" /><tag k="name:ar" v="نهج بنغازي" /><tag k="name:fr" v="Rue de Benghazi" /></way><way id="35883516"><nd ref="-1046" /><nd ref="-1047" /><nd ref="-1048" /><nd ref="-1049" /><nd ref="-1050" /><nd ref="-1051" /><nd ref="-1052" /><tag k="highway" v="residential" /><tag k="name" v="نهج أحمد خير الدين" /><tag k="name:ar" v="نهج أحمد خير الدين" /><tag k="name:fr" v="Rue Ahmed Khaireddine" /><tag k="sidewalk" v="no" /><tag k="smoothness" v="bad" /><tag k="surface" v="asphalt" /></way><way id="35883519"><nd ref="-1053" /><nd ref="-1051" /><nd ref="-1054" /><nd ref="-1055" /><nd ref="-1056" /><nd ref="-1057" /><nd ref="-73" /><tag k="highway" v="residential" /><tag k="name" v="نهج علي الغراب" /><tag k="name:ar" v="نهج علي الغراب" /><tag k="name:fr" v="Rue Ali El Ghourab" /><tag k="sidewalk" v="no" /><tag k="smoothness" v="bad" /><tag k="surface" v="asphalt" /></way><way id="35883520"><nd ref="-1048" /><nd ref="-1058" /><nd ref="-1059" /><nd ref="-1060" /><nd ref="-1061" /><tag k="highway" v="residential" /><tag k="name" v="نهج ابن رشيق" /><tag k="name:ar" v="نهج ابن رشيق" /><tag k="name:fr" v="Rue Ibn Rachik" /></way><way id="35883522"><nd ref="-1062" /><nd ref="-1063" /><nd ref="-1061" /><nd ref="-1064" /><nd ref="-75" /><tag k="highway" v="residential" /></way><way id="35883524"><nd ref="-1049" /><nd ref="-1065" /><nd ref="-1066" /><nd ref="-1064" /><tag k="highway" v="residential" /><tag k="name" v="نهج أبو تمام" /><tag k="name:ar" v="نهج أبو تمام" /><tag k="name:fr" v="Rue Abou Tammam" /><tag k="sidewalk" v="no" /><tag k="smoothness" v="bad" /><tag k="surface" v="asphalt" /></way><way id="35883526"><nd ref="-1050" /><nd ref="-1067" /><nd ref="-1068" /><nd ref="-1069" /><nd ref="-1070" /><nd ref="-74" /><tag k="highway" v="residential" /><tag k="name" v="T20MUN0015" /><tag k="sidewalk" v="no" /><tag k="smoothness" v="bad" /><tag k="surface" v="asphalt" /></way><way id="35883554"><nd ref="-1071" /><nd ref="-1072" /><nd ref="-1073" /><nd ref="-1074" /><nd ref="-1075" /><nd ref="-1076" /><nd ref="-1077" /><nd ref="-1078" /><nd ref="-1079" /><nd ref="-1080" /><nd ref="-1081" /><nd ref="-1082" /><nd ref="-1083" /><nd ref="-1084" /><nd ref="-1085" /><nd ref="-1086" /><nd ref="-1087" /><nd ref="-1088" /><tag k="highway" v="residential" /><tag k="name" v="نهج غاندي" /><tag k="name:ar" v="نهج غاندي" /><tag k="name:fr" v="Rue Gandhi" /></way><way id="35883563"><nd ref="-1089" /><nd ref="-1090" /><nd ref="-1091" /><nd ref="-1092" /><tag k="highway" v="unclassified" /><tag k="name" v="نهج محمد البقلوطي" /><tag k="name:ar" v="نهج محمد البقلوطي" /><tag k="name:fr" v="Rue Mohamed Baklouti" /><tag k="sidewalk" v="both" /><tag k="smoothness" v="bad" /><tag k="surface" v="asphalt" /></way><way id="35883566"><nd ref="-1093" /><nd ref="-1094" /><nd ref="-1095" /><nd ref="-1096" /><nd ref="-1097" /><nd ref="-1098" /><nd ref="-1099" /><tag k="highway" v="residential" /></way><way id="35883672"><nd ref="-1100" /><nd ref="-1101" /><nd ref="-1102" /><nd ref="-1103" /><nd ref="-1104" /><nd ref="-1105" /><nd ref="-1106" /><nd ref="-1107" /><nd ref="-1108" /><nd ref="-1109" /><nd ref="-1110" /><nd ref="-1111" /><tag k="highway" v="secondary" /><tag k="lanes" v="2" /><tag k="maxspeed" v="50" /><tag k="name" v="شارع البستان" /><tag k="name:ar" v="شارع البستان" /><tag k="name:fr" v="Avenue El Boustène" /><tag k="oneway" v="no" /></way><way id="35883810"><nd ref="-1109" /><nd ref="-1112" /><nd ref="-1113" /><nd ref="-1114" /><nd ref="-1115" /><nd ref="-1116" /><nd ref="-1117" /><nd ref="-1118" /><nd ref="-1119" /><nd ref="-1120" /><nd ref="-1121" /><tag k="highway" v="residential" /><tag k="name" v="نهج السلام" /><tag k="name:ar" v="نهج السلام" /><tag k="name:fr" v="Rue de la Paix" /></way><way id="35883828"><nd ref="-1122" /><nd ref="-1123" /><nd ref="-1124" /><nd ref="-1125" /><nd ref="-1126" /><nd ref="-1127" /><nd ref="-1128" /><nd ref="-1129" /><nd ref="-1130" /><nd ref="-1131" /><tag k="highway" v="residential" /><tag k="name" v="نهج ظفر الله خان" /><tag k="name:ar" v="نهج ظفر الله خان" /><tag k="name:fr" v="Rue Dhafrallah Khan" /></way><way id="35883844"><nd ref="-1132" /><nd ref="-1133" /><nd ref="-1134" /><nd ref="-1135" /><nd ref="-1136" /><nd ref="-1137" /><nd ref="-1138" /><nd ref="-1139" /><nd ref="-1140" /><nd ref="-1141" /><nd ref="-1142" /><tag k="highway" v="residential" /><tag k="name" v="نهج محمد راشد رضا" /><tag k="name:ar" v="نهج محمد راشد رضا" /><tag k="name:fr" v="Rue Mohamed Rached Ridha" /></way><way id="35883861"><nd ref="-1138" /><nd ref="-1143" /><nd ref="-1144" /><tag k="highway" v="residential" /></way><way id="35883863"><nd ref="-1145" /><nd ref="-1137" /><tag k="highway" v="residential" /></way><way id="35883869"><nd ref="-1120" /><nd ref="-1146" /><nd ref="-1147" /><nd ref="-1148" /><nd ref="-1149" /><nd ref="-1150" /><tag k="highway" v="residential" /></way><way id="35883871"><nd ref="-1151" /><nd ref="-1135" /><tag k="highway" v="residential" /></way><way id="35883891"><nd ref="-1142" /><nd ref="-1152" /><nd ref="-1153" /><nd ref="-1154" /><nd ref="-1155" /><nd ref="-826" /><tag k="highway" v="residential" /><tag k="name" v="نهج مصطفى" /><tag k="name:ar" v="نهج مصطفى" /><tag k="name:fr" v="Rue Mustapha" /></way><way id="35883892"><nd ref="-1136" /><nd ref="-1156" /><tag k="highway" v="residential" /></way><way id="35883909"><nd ref="-1157" /><nd ref="-1118" /><nd ref="-1158" /><nd ref="-1159" /><nd ref="-1160" /><nd ref="-1161" /><nd ref="-1162" /><nd ref="-1163" /><nd ref="-1164" /><tag k="highway" v="unclassified" /><tag k="name" v="نهج القدس" /><tag k="name:ar" v="نهج القدس" /><tag k="name:fr" v="Rue de Jérusalem" /></way><way id="35883920"><nd ref="-1158" /><nd ref="-1165" /><tag k="highway" v="residential" /><tag k="name" v="الادريسي" /></way><way id="35883930"><nd ref="-1154" /><nd ref="-1166" /><nd ref="-1167" /><nd ref="-1168" /><tag k="highway" v="residential" /><tag k="name" v="نهج مصطفى" /><tag k="name:ar" v="نهج مصطفى" /><tag k="name:fr" v="Rue Mustapha" /></way><way id="35883936"><nd ref="-1142" /><nd ref="-1169" /><nd ref="-1150" /><nd ref="-1170" /><nd ref="-1171" /><nd ref="-1172" /><nd ref="-1136" /><tag k="highway" v="residential" /><tag k="name" v="نهج محمد معلى" /><tag k="name:ar" v="نهج محمد معلى" /><tag k="name:fr" v="Rue Mohamed Moalla" /></way><way id="35883943"><nd ref="-1173" /><nd ref="-1174" /><nd ref="-1175" /><nd ref="-1176" /><nd ref="-1177" /><nd ref="-1178" /><nd ref="-1179" /><nd ref="-1180" /><nd ref="-1181" /><nd ref="-1182" /><nd ref="-1183" /><nd ref="-1184" /><nd ref="-1185" /><nd ref="-1186" /><nd ref="-1187" /><nd ref="-1188" /><nd ref="-1189" /><nd ref="-1190" /><nd ref="-1191" /><nd ref="-1192" /><nd ref="-1193" /><nd ref="-1194" /><nd ref="-1195" /><nd ref="-1196" /><nd ref="-1197" /><nd ref="-1198" /><tag k="highway" v="residential" /></way><way id="35883945"><nd ref="-1191" /><nd ref="-1199" /><nd ref="-1200" /><nd ref="-1201" /><nd ref="-1202" /><nd ref="-1203" /><tag k="highway" v="residential" /><tag k="name" v="نهج أحمد الفراتي" /><tag k="name:ar" v="نهج أحمد الفراتي" /><tag k="name:fr" v="Rue Ahmed Fourati" /></way><way id="35883951"><nd ref="-1204" /><nd ref="-1205" /><tag k="highway" v="residential" /></way><way id="35883952"><nd ref="-1206" /><nd ref="-1207" /><tag k="highway" v="residential" /></way><way id="35883953"><nd ref="-1208" /><nd ref="-1209" /><tag k="highway" v="residential" /></way><way id="35883954"><nd ref="-1210" /><nd ref="-1211" /><tag k="highway" v="residential" /></way><way id="35883955"><nd ref="-1182" /><nd ref="-1212" /><nd ref="-1213" /><nd ref="-1204" /><nd ref="-1203" /><nd ref="-1208" /><nd ref="-1214" /><nd ref="-1215" /><nd ref="-1216" /><nd ref="-1206" /><nd ref="-1217" /><nd ref="-1218" /><nd ref="-1219" /><nd ref="-1220" /><tag k="highway" v="residential" /><tag k="name" v="نهج فلسطين" /><tag k="name:ar" v="نهج فلسطين" /><tag k="name:fr" v="Rue de Palestine" /></way><way id="35883956"><nd ref="-1195" /><nd ref="-1218" /><nd ref="-1221" /><tag k="highway" v="residential" /><tag k="name" v="نهج الكرامة" /><tag k="name:ar" v="نهج الكرامة" /><tag k="name:fr" v="Rue de la Dignité" /></way><way id="35884009"><nd ref="-1222" /><nd ref="-1223" /><nd ref="-1224" /><nd ref="-1225" /><nd ref="-1226" /><nd ref="-1038" /><nd ref="-1227" /><tag k="highway" v="residential" /></way><way id="35884014"><nd ref="-825" /><nd ref="-1227" /><nd ref="-785" /><tag k="highway" v="residential" /><tag k="name" v="نهج الفرلت" /><tag k="name:ar" v="نهج الفرلت" /><tag k="name:fr" v="Rue El Fourat" /></way><way id="35884022"><nd ref="-1228" /><nd ref="-1229" /><nd ref="-1230" /><nd ref="-1231" /><nd ref="-1232" /><nd ref="-1233" /><nd ref="-1234" /><tag k="highway" v="residential" /></way><way id="35884034"><nd ref="-759" /><nd ref="-1235" /><nd ref="-778" /><tag k="highway" v="residential" /></way><way id="35884035"><nd ref="-1039" /><nd ref="-1236" /><nd ref="-777" /><tag k="highway" v="residential" /></way><way id="35884038"><nd ref="-805" /><nd ref="-1237" /><tag k="highway" v="residential" /><tag k="name" v="نهج أغادير" /><tag k="name:ar" v="نهج أغادير" /><tag k="name:fr" v="Rue d'Agadir" /></way><way id="35884039"><nd ref="-1238" /><nd ref="-1239" /><nd ref="-1240" /><nd ref="-1241" /><nd ref="-804" /><tag k="highway" v="residential" /><tag k="name" v="نهج طبرقة" /><tag k="name:ar" v="نهج طبرقة" /><tag k="name:fr" v="Rue de Tabarka" /></way><way id="35884040"><nd ref="-1242" /><nd ref="-806" /><tag k="highway" v="residential" /><tag k="name" v="نهج المنصورة" /><tag k="name:ar" v="نهج المنصورة" /><tag k="name:fr" v="Rue El Mansoura" /></way><way id="35884041"><nd ref="-807" /><nd ref="-1243" /><tag k="highway" v="residential" /></way><way id="35884042"><nd ref="-808" /><nd ref="-1244" /><nd ref="-1245" /><tag k="highway" v="residential" /><tag k="name" v="نهج حلب" /><tag k="name:ar" v="نهج حلب" /><tag k="name:fr" v="Rue d'Alep" /></way><way id="35884043"><nd ref="-1246" /><nd ref="-809" /><tag k="highway" v="residential" /></way><way id="35884044"><nd ref="-797" /><nd ref="-1247" /><nd ref="-1245" /><nd ref="-1248" /><tag k="highway" v="residential" /><tag k="name" v="نهج الزمخشري" /><tag k="name:ar" v="نهج الزمخشري" /><tag k="name:fr" v="Rue Ezzamakhchari" /></way><way id="35884051"><nd ref="-1244" /><nd ref="-1249" /><nd ref="-1250" /><nd ref="-1251" /><nd ref="-1252" /><nd ref="-1248" /><nd ref="-1253" /><nd ref="-1254" /><nd ref="-1255" /><tag k="highway" v="residential" /><tag k="name" v="نهج الكوفة" /><tag k="name:ar" v="نهج الكوفة" /><tag k="name:fr" v="Rue de Koufa" /></way><way id="35884056"><nd ref="-1256" /><nd ref="-1257" /><nd ref="-1258" /><tag k="highway" v="service" /></way><way id="35884057"><nd ref="-1259" /><nd ref="-1260" /><tag k="highway" v="residential" /></way><way id="35884066"><nd ref="-1261" /><nd ref="-1262" /><nd ref="-1263" /><nd ref="-1264" /><nd ref="-1265" /><nd ref="-1266" /><nd ref="-1267" /><nd ref="-1268" /><tag k="alt_name:fr" v="Rue de Muscat" /><tag k="highway" v="residential" /><tag k="name" v="نهج مسقط" /><tag k="name:ar" v="نهج مسقط" /><tag k="name:fr" v="Rue de Mascate" /></way><way id="35884067"><nd ref="-1269" /><nd ref="-1270" /><nd ref="-1268" /><nd ref="-816" /><tag k="highway" v="residential" /><tag k="name" v="نهج نواديبو" /><tag k="name:ar" v="نهج نواديبو" /><tag k="name:fr" v="Rue Nouadhibou" /></way><way id="35884069"><nd ref="-1271" /><nd ref="-1272" /><nd ref="-1273" /><nd ref="-1274" /><nd ref="-1275" /><tag k="highway" v="residential" /><tag k="name" v="نهج شيرازي" /><tag k="name:ar" v="نهج شيرازي" /><tag k="name:fr" v="Rue Chirazi" /></way><way id="35884076"><nd ref="-1276" /><nd ref="-1277" /><nd ref="-1278" /><nd ref="-1279" /><nd ref="-1280" /><tag k="highway" v="residential" /></way><way id="35884314"><nd ref="-126" /><nd ref="-1281" /><nd ref="-1282" /><nd ref="-1283" /><nd ref="-1284" /><nd ref="-1285" /><nd ref="-1286" /><tag k="highway" v="residential" /><tag k="name" v="نهج ابن ابي الضياف" /><tag k="name:ar" v="نهج ابن ابي الضياف" /><tag k="name:fr" v="Rue Ibn Abi Dhiaf" /></way><way id="35884315"><nd ref="-1287" /><nd ref="-1288" /><nd ref="-1289" /><nd ref="-129" /><tag k="highway" v="residential" /><tag k="name" v="نهج الشيخ ابراهيم الرياحي" /><tag k="name:ar" v="نهج الشيخ ابراهيم الرياحي" /><tag k="name:fr" v="Rue Cheikh Ibrahim Riahi" /><tag k="oneway" v="yes" /></way><way id="35884318"><nd ref="-131" /><nd ref="-1290" /><nd ref="-1291" /><nd ref="-1292" /><nd ref="-1293" /><tag k="highway" v="residential" /><tag k="name" v="نهج حسن حسني عبد الوهاب" /><tag k="name:ar" v="نهج حسن حسني عبد الوهاب" /><tag k="name:fr" v="Rue Hassen Hosni Abdelwaheb" /><tag k="oneway" v="yes" /></way><way id="35884327"><nd ref="-1261" /><nd ref="-1294" /><nd ref="-1295" /><nd ref="-1296" /><nd ref="-1297" /><nd ref="-1298" /><nd ref="-132" /><tag k="highway" v="residential" /><tag k="name" v="نهج البشير صفر" /><tag k="name:ar" v="نهج البشير صفر" /><tag k="name:fr" v="Rue Béchir Sfar" /><tag k="oneway" v="yes" /></way><way id="35884328"><nd ref="-1299" /><nd ref="-1300" /><nd ref="-1301" /><nd ref="-1302" /><tag k="highway" v="residential" /><tag k="name" v="نهج محمد الجعايبي" /><tag k="name:ar" v="نهج محمد الجعايبي" /><tag k="name:fr" v="Rue Mohamed Jaibi" /></way><way id="35884329"><nd ref="-1303" /><nd ref="-1304" /><nd ref="-1305" /><nd ref="-1306" /><nd ref="-1307" /><nd ref="-1308" /><nd ref="-1309" /><nd ref="-1310" /><nd ref="-1311" /><nd ref="-1312" /><nd ref="-1313" /><nd ref="-1314" /><nd ref="-1315" /><nd ref="-1316" /><nd ref="-1317" /><nd ref="-1318" /><nd ref="-1319" /><nd ref="-1320" /><nd ref="-1321" /><nd ref="-1322" /><nd ref="-1323" /><nd ref="-1324" /><nd ref="-143" /><tag k="highway" v="secondary" /><tag k="loc_name" v="Kassas N°5" /><tag k="name" v="شارع الشادلي قلالة" /><tag k="name:ar" v="شارع الشادلي قلالة" /><tag k="name:fr" v="Avenue Chedli Kallala" /><tag k="street_number" v="227" /></way><way id="35884340"><nd ref="-1303" /><nd ref="-1325" /><nd ref="-1326" /><nd ref="-1327" /><nd ref="-1328" /><nd ref="-1329" /><tag k="highway" v="secondary" /><tag k="loc_name" v="Kassas N°5" /><tag k="name" v="شارع الشادلي قلالة" /><tag k="name:ar" v="شارع الشادلي قلالة" /><tag k="name:fr" v="Avenue Chedli Kallala" /><tag k="oneway" v="yes" /><tag k="street_number" v="227" /></way><way id="35884351"><nd ref="-1330" /><nd ref="-1331" /><nd ref="-1332" /><nd ref="-1333" /><nd ref="-1303" /><tag k="highway" v="secondary" /><tag k="loc_name" v="Kassas N°5" /><tag k="name" v="شارع الشادلي قلالة" /><tag k="name:ar" v="شارع الشادلي قلالة" /><tag k="name:fr" v="Avenue Chedli Kallala" /><tag k="oneway" v="yes" /><tag k="street_number" v="227" /></way><way id="35884355"><nd ref="-1334" /><nd ref="-1335" /><tag k="highway" v="residential" /></way><way id="35884359"><nd ref="-1320" /><nd ref="-1335" /><nd ref="-1336" /><nd ref="-1337" /><nd ref="-1338" /><nd ref="-1339" /><tag k="highway" v="residential" /></way><way id="35884360"><nd ref="-1340" /><nd ref="-1341" /><nd ref="-1342" /><nd ref="-138" /><tag k="highway" v="residential" /><tag k="name" v="نهج عثمان الكعّاك" /><tag k="name:ar" v="نهج عثمان الكعّاك" /><tag k="name:fr" v="Rue Othman Kaak" /></way><way id="35884375"><nd ref="-1343" /><nd ref="-1344" /><tag k="highway" v="residential" /></way><way id="35884376"><nd ref="-134" /><nd ref="-1344" /><nd ref="-1345" /><nd ref="-1346" /><tag k="highway" v="residential" /></way><way id="35884377"><nd ref="-133" /><nd ref="-1343" /><nd ref="-1347" /><tag k="highway" v="residential" /></way><way id="35884378"><nd ref="-1348" /><nd ref="-1349" /><nd ref="-135" /><tag k="highway" v="residential" /></way><way id="35884384"><nd ref="-1350" /><nd ref="-1351" /><nd ref="-1352" /><nd ref="-130" /><tag k="highway" v="residential" /><tag k="name" v="نهج الترمذي" /><tag k="name:ar" v="نهج الترمذي" /><tag k="name:fr" v="Rue Attermidhi" /></way><way id="35884391"><nd ref="-1353" /><nd ref="-128" /><tag k="highway" v="residential" /></way><way id="35884393"><nd ref="-1354" /><nd ref="-1310" /><tag k="highway" v="residential" /></way><way id="35884394"><nd ref="-1355" /><nd ref="-1356" /><nd ref="-1357" /><nd ref="-1358" /><nd ref="-1359" /><nd ref="-1360" /><nd ref="-1361" /><nd ref="-1362" /><nd ref="-1363" /><nd ref="-1364" /><tag k="highway" v="residential" /></way><way id="35884411"><nd ref="-1365" /><nd ref="-1364" /><nd ref="-1366" /><nd ref="-1367" /><tag k="highway" v="residential" /><tag k="name" v="نهج الوزير السراج" /><tag k="name:ar" v="نهج الوزير السراج" /><tag k="name:fr" v="Rue El Wazir Assarraj" /></way><way id="35902922"><nd ref="-1368" /><nd ref="-1369" /><nd ref="-1370" /><nd ref="-1371" /><nd ref="-1372" /><nd ref="-1373" /><tag k="highway" v="residential" /></way><way id="35902959"><nd ref="-1374" /><nd ref="-1375" /><tag k="highway" v="residential" /></way><way id="35902961"><nd ref="-1376" /><nd ref="-1377" /><nd ref="-1378" /><nd ref="-1379" /><nd ref="-1380" /><nd ref="-1381" /><nd ref="-1374" /><tag k="highway" v="residential" /></way><way id="35902965"><nd ref="-1382" /><nd ref="-1383" /><nd ref="-1384" /><nd ref="-1385" /><nd ref="-1386" /><nd ref="-1387" /><nd ref="-1374" /><tag k="highway" v="residential" /></way><way id="38001514"><nd ref="-1388" /><nd ref="-1389" /><nd ref="-1390" /><nd ref="-1391" /><nd ref="-1392" /><nd ref="-1393" /><nd ref="-1394" /><nd ref="-1395" /><nd ref="-1396" /><nd ref="-1397" /><nd ref="-1398" /><nd ref="-1399" /><nd ref="-1400" /><nd ref="-1401" /><nd ref="-1402" /><nd ref="-1403" /><nd ref="-1404" /><nd ref="-1405" /><nd ref="-1406" /><nd ref="-1407" /><nd ref="-1408" /><nd ref="-1409" /><nd ref="-1410" /><nd ref="-1411" /><nd ref="-1412" /><nd ref="-1413" /><nd ref="-1414" /><nd ref="-1415" /><nd ref="-1416" /><nd ref="-1417" /><nd ref="-1418" /><nd ref="-1419" /><nd ref="-1420" /><nd ref="-1421" /><nd ref="-1422" /><nd ref="-1423" /><nd ref="-1424" /><nd ref="-1425" /><nd ref="-1426" /><nd ref="-1427" /><nd ref="-1428" /><nd ref="-1429" /><nd ref="-1430" /><nd ref="-1431" /><nd ref="-1432" /><nd ref="-1433" /><nd ref="-1434" /><nd ref="-1435" /><nd ref="-1436" /><nd ref="-1437" /><nd ref="-1438" /><nd ref="-1439" /><nd ref="-1440" /><nd ref="-1441" /><nd ref="-1442" /><nd ref="-1443" /><nd ref="-1444" /><nd ref="-1445" /><nd ref="-1446" /><nd ref="-1447" /><tag k="highway" v="tertiary" /><tag k="name" v="نهج جمال عبد الناصر" /><tag k="name:ar" v="نهج جمال عبد الناصر" /><tag k="name:fr" v="Rue Jamel Abdennasser" /><tag k="surface" v="asphalt" /></way><way id="39381790"><nd ref="-1448" /><nd ref="-1449" /><nd ref="-1450" /><nd ref="-1451" /><nd ref="-1452" /><nd ref="-1453" /><nd ref="-1454" /><nd ref="-1455" /><nd ref="-1456" /><nd ref="-1457" /><nd ref="-1458" /><tag k="highway" v="primary" /><tag k="int_ref" v="TAH 1" /><tag k="lanes" v="1" /><tag k="maxspeed" v="90" /><tag k="name" v="الطريق الوطنية تونس - رأس جدير" /><tag k="name:ar" v="الطريق الوطنية تونس - رأس جدير" /><tag k="name:fr" v="Route Nationale Tunis - Ras Jedir" /><tag k="oneway" v="yes" /><tag k="ref" v="RN1" /><tag k="ref:ar" v="ط و 1" /><tag k="ref:fr" v="RN1" /></way><way id="39381791"><nd ref="-1458" /><nd ref="-1459" /><nd ref="-1460" /><nd ref="-1461" /><nd ref="-1462" /><nd ref="-1463" /><nd ref="-1464" /><nd ref="-1465" /><nd ref="-1466" /><nd ref="-1467" /><nd ref="-1468" /><tag k="highway" v="primary" /><tag k="int_ref" v="TAH 1" /><tag k="lanes" v="1" /><tag k="maxspeed" v="50" /><tag k="name" v="الطريق الوطنية تونس - رأس جدير" /><tag k="name:ar" v="الطريق الوطنية تونس - رأس جدير" /><tag k="name:fr" v="Route Nationale Tunis - Ras Jedir" /><tag k="oneway" v="yes" /><tag k="ref" v="RN1" /><tag k="ref:ar" v="ط و 1" /><tag k="ref:fr" v="RN1" /></way><way id="39381792"><nd ref="-1469" /><nd ref="-1470" /><nd ref="-1471" /><nd ref="-1472" /><nd ref="-1473" /><nd ref="-1474" /><nd ref="-1475" /><nd ref="-1476" /><nd ref="-1477" /><nd ref="-1478" /><tag k="highway" v="primary" /><tag k="int_ref" v="TAH 1" /><tag k="lanes" v="1" /><tag k="maxspeed" v="50" /><tag k="name" v="الطريق الوطنية تونس - رأس جدير" /><tag k="name:ar" v="الطريق الوطنية تونس - رأس جدير" /><tag k="name:fr" v="Route Nationale Tunis - Ras Jedir" /><tag k="oneway" v="yes" /><tag k="ref" v="RN1" /><tag k="ref:ar" v="ط و 1" /><tag k="ref:fr" v="RN1" /></way><way id="39972258"><nd ref="-1479" /><nd ref="-1480" /><nd ref="-1481" /><nd ref="-1482" /><nd ref="-1483" /><nd ref="-1484" /><nd ref="-1485" /><tag k="highway" v="secondary" /><tag k="lanes" v="2" /><tag k="maxspeed" v="50" /><tag k="name" v="شارع الجيش" /><tag k="name:ar" v="شارع الجيش" /><tag k="name:fr" v="Boulevard de l'Armée Nationale" /><tag k="oneway" v="yes" /><tag k="sidewalk" v="both" /><tag k="smoothness" v="intermediate" /><tag k="start_date" v="2014" /><tag k="surface" v="asphalt" /></way><way id="44051861"><nd ref="-186" /><nd ref="-1486" /><nd ref="-1487" /><nd ref="-1488" /><nd ref="-1489" /><nd ref="-1490" /><nd ref="-1491" /><nd ref="-1492" /><nd ref="-1493" /><nd ref="-1494" /><nd ref="-1495" /><nd ref="-1496" /><nd ref="-1497" /><nd ref="-1498" /><nd ref="-1499" /><nd ref="-1500" /><nd ref="-1501" /><nd ref="-1502" /><nd ref="-1503" /><nd ref="-190" /><tag k="highway" v="service" /><tag k="oneway" v="yes" /><tag k="service" v="parking_aisle" /><tag k="smoothness" v="intermediate" /><tag k="surface" v="asphalt" /></way><way id="44506904"><nd ref="-1504" /><nd ref="-1505" /><nd ref="-1506" /><nd ref="-1507" /><nd ref="-1508" /><nd ref="-1509" /><nd ref="-1510" /><nd ref="-1511" /><nd ref="-1512" /><nd ref="-1513" /><nd ref="-1514" /><nd ref="-1515" /><nd ref="-1516" /><nd ref="-1517" /><nd ref="-1518" /><nd ref="-1519" /><nd ref="-1520" /><nd ref="-1521" /><nd ref="-1522" /><nd ref="-1523" /><nd ref="-1524" /><nd ref="-1525" /><nd ref="-1526" /><nd ref="-1527" /><nd ref="-1528" /><nd ref="-1529" /><nd ref="-1530" /><nd ref="-1531" /><tag k="highway" v="unclassified" /><tag k="name" v="نهج الهادي شاكر" /><tag k="name:ar" v="نهج الهادي شاكر" /><tag k="name:fr" v="Rue Hédi Chaker" /></way><way id="45856427"><nd ref="-1111" /><nd ref="-1532" /><nd ref="-1533" /><nd ref="-1534" /><nd ref="-1535" /><nd ref="-1220" /><nd ref="-1536" /><nd ref="-1537" /><nd ref="-1538" /><nd ref="-1198" /><nd ref="-1539" /><nd ref="-1540" /><nd ref="-801" /><nd ref="-1541" /><nd ref="-1255" /><nd ref="-1542" /><nd ref="-1543" /><nd ref="-1544" /><nd ref="-1545" /><nd ref="-1546" /><tag k="highway" v="secondary" /><tag k="loc_name" v="Kassas N°5" /><tag k="name" v="شارع البستان" /><tag k="name:ar" v="شارع البستان" /><tag k="name:fr" v="Avenue El Boustène" /><tag k="old_name" v="Kassas N°5" /><tag k="street_number" v="228" /></way><way id="45858499"><nd ref="-1547" /><nd ref="-1548" /><tag k="highway" v="residential" /><tag k="oneway" v="no" /></way><way id="45858500"><nd ref="-1549" /><nd ref="-1550" /><tag k="bridge" v="yes" /><tag k="highway" v="residential" /><tag k="lanes" v="1" /><tag k="layer" v="1" /><tag k="oneway" v="yes" /></way><way id="45873128"><nd ref="-1551" /><nd ref="-1552" /><nd ref="-1553" /><nd ref="-1554" /><nd ref="-1555" /><nd ref="-1556" /><nd ref="-1557" /><nd ref="-1558" /><nd ref="-1559" /><nd ref="-1560" /><nd ref="-1561" /><nd ref="-1562" /><nd ref="-1563" /><nd ref="-1564" /><nd ref="-1565" /><nd ref="-1566" /><nd ref="-1567" /><nd ref="-1568" /><nd ref="-1569" /><nd ref="-1570" /><nd ref="-1571" /><nd ref="-1572" /><nd ref="-1573" /><nd ref="-1574" /><nd ref="-1575" /><nd ref="-1576" /><nd ref="-1577" /><nd ref="-1578" /><nd ref="-1579" /><nd ref="-1580" /><nd ref="-1581" /><nd ref="-1582" /><nd ref="-1583" /><nd ref="-1584" /><nd ref="-1585" /><nd ref="-1586" /><nd ref="-1587" /><nd ref="-1588" /><nd ref="-1589" /><nd ref="-1590" /><nd ref="-1591" /><nd ref="-1592" /><tag k="highway" v="residential" /><tag k="name" v="نهج الزيتون" /><tag k="name:ar" v="نهج الزيتون" /><tag k="name:fr" v="Rue Azzaytoun" /></way><way id="61651583"><nd ref="-1593" /><nd ref="-1594" /><nd ref="-1595" /><nd ref="-1596" /><nd ref="-1597" /><nd ref="-1598" /><nd ref="-1599" /><nd ref="-1600" /><nd ref="-1108" /><tag k="highway" v="residential" /><tag k="name" v="نهج النسيم" /><tag k="name:ar" v="نهج النسيم" /><tag k="name:fr" v="Rue de la Brise" /></way><way id="84622170"><nd ref="-1601" /><nd ref="-1602" /><tag k="highway" v="residential" /><tag k="lanes" v="2" /></way><way id="84622171"><nd ref="-1603" /><nd ref="-1604" /><nd ref="-1605" /><nd ref="-1606" /><nd ref="-1607" /><nd ref="-1608" /><nd ref="-1609" /><nd ref="-1610" /><nd ref="-1611" /><nd ref="-1612" /><tag k="highway" v="residential" /><tag k="lanes" v="2" /></way><way id="84622172"><nd ref="-1613" /><nd ref="-1614" /><tag k="highway" v="residential" /><tag k="lanes" v="2" /><tag k="name" v="نهج 5058" /><tag k="name:ar" v="نهج 5058" /><tag k="name:fr" v="Rue 5058" /></way><way id="84622176"><nd ref="-1570" /><nd ref="-1615" /><nd ref="-1616" /><nd ref="-1617" /><nd ref="-1618" /><tag k="highway" v="residential" /><tag k="lanes" v="2" /></way><way id="84622178"><nd ref="-1560" /><nd ref="-1619" /><nd ref="-1620" /><tag k="highway" v="residential" /><tag k="lanes" v="2" /><tag k="name" v="نهج الشهيد علي النوري" /><tag k="name:ar" v="نهج الشهيد علي النوري" /><tag k="name:fr" v="Rue du Martyr Ali Ennouri" /></way><way id="84622179"><nd ref="-1621" /><nd ref="-1602" /><nd ref="-1619" /><tag k="highway" v="residential" /><tag k="lanes" v="2" /><tag k="name" v="نهج محمد الحداد" /><tag k="name:ar" v="نهج محمد الحداد" /><tag k="name:fr" v="Rue Mohamed Hadded" /></way><way id="84622180"><nd ref="-1622" /><nd ref="-1536" /><tag k="highway" v="residential" /><tag k="lanes" v="2" /><tag k="name" v="نهج علي الزاهي" /><tag k="name:ar" v="نهج علي الزاهي" /><tag k="name:fr" v="Rue de Ali Zahi" /></way><way id="84622181"><nd ref="-1623" /><nd ref="-1624" /><nd ref="-1625" /><nd ref="-1626" /><nd ref="-1627" /><nd ref="-1628" /><nd ref="-1622" /><nd ref="-1629" /><nd ref="-1630" /><nd ref="-1631" /><nd ref="-1632" /><nd ref="-1633" /><tag k="highway" v="residential" /><tag k="lanes" v="2" /><tag k="name" v="نهج إشبيلية" /><tag k="name:ar" v="نهج إشبيلية" /><tag k="name:fr" v="Rue de Séville" /></way><way id="84622182"><nd ref="-1564" /><nd ref="-1603" /><nd ref="-1634" /><nd ref="-1635" /><nd ref="-1636" /><nd ref="-1612" /><nd ref="-1613" /><nd ref="-1637" /><nd ref="-1631" /><nd ref="-1638" /><nd ref="-1639" /><nd ref="-1640" /><nd ref="-1641" /><tag k="highway" v="residential" /><tag k="lanes" v="2" /><tag k="name" v="نهج طارق بن زياد" /><tag k="name:ar" v="نهج طارق بن زياد" /><tag k="name:fr" v="Rue Tarek Ibn Zied" /></way><way id="84622183"><nd ref="-1642" /><nd ref="-1629" /><tag k="highway" v="residential" /><tag k="lanes" v="2" /><tag k="name" v="نهج قرطبة" /><tag k="name:ar" v="نهج قرطبة" /><tag k="name:fr" v="Rue de Cordoue" /></way><way id="84622184"><nd ref="-1643" /><nd ref="-1644" /><nd ref="-1624" /><tag k="highway" v="residential" /><tag k="lanes" v="1" /></way><way id="84622185"><nd ref="-1630" /><nd ref="-1645" /><nd ref="-1534" /><tag k="highway" v="residential" /><tag k="lanes" v="2" /><tag k="name" v="نهج الزهراء" /><tag k="name:ar" v="نهج الزهراء" /><tag k="name:fr" v="Rue Ezzahra" /></way><way id="84622186"><nd ref="-1639" /><nd ref="-1533" /><tag k="highway" v="residential" /><tag k="lanes" v="2" /><tag k="name" v="نهج علي ابن حازم" /><tag k="name:ar" v="نهج علي ابن حازم" /><tag k="name:fr" v="Rue Ali Ibn Hazem" /></way><way id="84622241"><nd ref="-1646" /><nd ref="-1647" /><nd ref="-1648" /><nd ref="-1649" /><nd ref="-1650" /><nd ref="-1651" /><nd ref="-1652" /><nd ref="-1653" /><nd ref="-1654" /><nd ref="-1655" /><nd ref="-1656" /><nd ref="-1657" /><nd ref="-1658" /><nd ref="-1659" /><nd ref="-1660" /><nd ref="-1661" /><nd ref="-1662" /><nd ref="-1663" /><nd ref="-1664" /><nd ref="-1665" /><nd ref="-1666" /><nd ref="-1667" /><nd ref="-1668" /><nd ref="-1669" /><nd ref="-1670" /><nd ref="-1671" /><nd ref="-1672" /><nd ref="-1673" /><nd ref="-1674" /><nd ref="-1675" /><nd ref="-1676" /><nd ref="-1677" /><nd ref="-1678" /><tag k="highway" v="residential" /><tag k="lanes" v="1" /><tag k="name" v="نهج الأرز" /><tag k="name:ar" v="نهج الأرز" /><tag k="name:fr" v="Rue du Cèdre" /></way><way id="84622243"><nd ref="-1667" /><nd ref="-1679" /><nd ref="-1680" /><nd ref="-1681" /><nd ref="-1682" /><nd ref="-1683" /><nd ref="-1684" /><nd ref="-1685" /><nd ref="-1686" /><nd ref="-1687" /><nd ref="-1688" /><nd ref="-1689" /><nd ref="-1690" /><tag k="highway" v="residential" /><tag k="lanes" v="1" /><tag k="name" v="نهج 559" /><tag k="name:ar" v="نهج 559" /><tag k="name:fr" v="Rue 559" /></way><way id="84622821"><nd ref="-1691" /><nd ref="-1692" /><nd ref="-1693" /><nd ref="-1694" /><nd ref="-1695" /><nd ref="-1696" /><nd ref="-1697" /><nd ref="-1698" /><nd ref="-1699" /><nd ref="-1700" /><nd ref="-1701" /><nd ref="-1702" /><nd ref="-1703" /><nd ref="-1704" /><nd ref="-1705" /><nd ref="-1706" /><nd ref="-1707" /><nd ref="-1708" /><nd ref="-1709" /><nd ref="-1710" /><tag k="highway" v="residential" /><tag k="name" v="نهج الرمان" /><tag k="name:ar" v="نهج الرمان" /><tag k="name:fr" v="Rue du Grenade" /></way><way id="84622823"><nd ref="-1583" /><nd ref="-1711" /><nd ref="-1712" /><nd ref="-1713" /><nd ref="-1714" /><nd ref="-1715" /><nd ref="-1716" /><nd ref="-1717" /><nd ref="-1718" /><nd ref="-1719" /><nd ref="-1720" /><nd ref="-1721" /><nd ref="-1722" /><nd ref="-1723" /><tag k="highway" v="residential" /><tag k="name" v="نهج عطين" /><tag k="name:ar" v="نهج عطين" /><tag k="name:fr" v="Rue Attin" /></way><way id="84622825"><nd ref="-1194" /><nd ref="-1724" /><tag k="highway" v="residential" /></way><way id="84622830"><nd ref="-1725" /><nd ref="-1726" /><nd ref="-1727" /><nd ref="-1728" /><nd ref="-1729" /><nd ref="-1730" /><nd ref="-1731" /><nd ref="-1732" /><nd ref="-1733" /><nd ref="-1734" /><nd ref="-1735" /><nd ref="-1736" /><nd ref="-1737" /><nd ref="-1738" /><nd ref="-1739" /><nd ref="-1740" /><nd ref="-1691" /><nd ref="-1741" /><tag k="highway" v="residential" /><tag k="name" v="نهج التوت" /><tag k="name:ar" v="نهج التوت" /><tag k="name:fr" v="Rue des Mûriers" /></way><way id="84623783"><nd ref="-1742" /><nd ref="-1743" /><nd ref="-1744" /><nd ref="-1745" /><nd ref="-1746" /><nd ref="-1747" /><nd ref="-1748" /><nd ref="-1749" /><nd ref="-1750" /><nd ref="-1751" /><nd ref="-1569" /><tag k="highway" v="residential" /></way><way id="84623788"><nd ref="-1752" /><nd ref="-1753" /><nd ref="-1754" /><nd ref="-1755" /><nd ref="-1756" /><tag k="highway" v="residential" /><tag k="name" v="نهج 634" /><tag k="name:ar" v="نهج 634" /><tag k="name:fr" v="Rue 634" /></way><way id="84623789"><nd ref="-1757" /><nd ref="-1758" /><nd ref="-1759" /><nd ref="-1760" /><nd ref="-1761" /><nd ref="-1762" /><tag k="highway" v="residential" /><tag k="name" v="نهج 543" /><tag k="name:ar" v="نهج 543" /><tag k="name:fr" v="Rue 543" /></way><way id="84623790"><nd ref="-1756" /><nd ref="-1763" /><nd ref="-1764" /><nd ref="-1765" /><nd ref="-1766" /><nd ref="-1767" /><nd ref="-1768" /><nd ref="-1769" /><nd ref="-1770" /><nd ref="-1771" /><nd ref="-1772" /><nd ref="-1773" /><nd ref="-1774" /><nd ref="-1775" /><nd ref="-1776" /><tag k="highway" v="residential" /><tag k="name" v="نهج حب الملوك" /><tag k="name:ar" v="نهج حب الملوك" /><tag k="name:fr" v="Rue des Cerises" /></way><way id="84730660"><nd ref="-1777" /><nd ref="-1778" /><nd ref="-1779" /><nd ref="-1780" /><nd ref="-1781" /><nd ref="-1782" /><nd ref="-1783" /><nd ref="-1784" /><nd ref="-1785" /><nd ref="-1786" /><nd ref="-1787" /><tag k="highway" v="residential" /></way><way id="84841931"><nd ref="-1788" /><nd ref="-1789" /><tag k="highway" v="residential" /><tag k="oneway" v="yes" /></way><way id="84841977"><nd ref="-1790" /><nd ref="-1791" /><nd ref="-1792" /><nd ref="-1793" /><nd ref="-1794" /><nd ref="-1795" /><nd ref="-1796" /><nd ref="-1797" /><nd ref="-1798" /><nd ref="-1799" /><nd ref="-1800" /><nd ref="-1801" /><nd ref="-1802" /><nd ref="-1584" /><tag k="highway" v="residential" /></way><way id="85182797"><nd ref="-1803" /><nd ref="-1804" /><nd ref="-1805" /><nd ref="-1806" /><nd ref="-1807" /><tag k="highway" v="residential" /></way><way id="85182829"><nd ref="-1808" /><nd ref="-1809" /><tag k="highway" v="living_street" /></way><way id="85182839"><nd ref="-1810" /><nd ref="-1803" /><nd ref="-1811" /><nd ref="-1812" /><nd ref="-1813" /><nd ref="-1814" /><nd ref="-1815" /><nd ref="-1816" /><tag k="highway" v="living_street" /></way><way id="96141485"><nd ref="-1817" /><nd ref="-1818" /><nd ref="-1819" /><nd ref="-1820" /><nd ref="-1821" /><nd ref="-1822" /><nd ref="-1823" /><nd ref="-1824" /><nd ref="-1825" /><nd ref="-1826" /><nd ref="-1592" /><tag k="highway" v="residential" /></way><way id="96141782"><nd ref="-1827" /><nd ref="-1828" /><nd ref="-1829" /><nd ref="-1830" /><nd ref="-1831" /><nd ref="-1832" /><nd ref="-1833" /><nd ref="-1834" /><nd ref="-1796" /><tag k="highway" v="residential" /></way><way id="96141933"><nd ref="-1835" /><nd ref="-1836" /><nd ref="-1837" /><nd ref="-1838" /><nd ref="-1839" /><nd ref="-1840" /><nd ref="-1841" /><nd ref="-1842" /><nd ref="-1843" /><nd ref="-1844" /><nd ref="-1834" /><tag k="highway" v="residential" /></way><way id="96141987"><nd ref="-1845" /><nd ref="-1846" /><nd ref="-1794" /><tag k="highway" v="residential" /></way><way id="96142496"><nd ref="-1847" /><nd ref="-1848" /><nd ref="-1827" /><nd ref="-1849" /><nd ref="-1850" /><nd ref="-1587" /><tag k="highway" v="residential" /></way><way id="96142574"><nd ref="-1851" /><nd ref="-1852" /><nd ref="-1853" /><nd ref="-1854" /><nd ref="-1561" /><tag k="highway" v="residential" /></way><way id="96142601"><nd ref="-1855" /><nd ref="-1856" /><nd ref="-1857" /><nd ref="-1858" /><nd ref="-1859" /><nd ref="-1860" /><nd ref="-1861" /><nd ref="-1862" /><tag k="highway" v="residential" /></way><way id="96142645"><nd ref="-1863" /><nd ref="-1864" /><nd ref="-1865" /><nd ref="-1563" /><tag k="highway" v="residential" /></way><way id="96142674"><nd ref="-1866" /><nd ref="-1867" /><nd ref="-1868" /><nd ref="-1869" /><nd ref="-1870" /><nd ref="-1578" /><tag k="highway" v="residential" /></way><way id="96142699"><nd ref="-1871" /><nd ref="-1872" /><nd ref="-1873" /><nd ref="-1874" /><nd ref="-1875" /><nd ref="-1876" /><nd ref="-1866" /><tag k="highway" v="residential" /></way><way id="96142737"><nd ref="-1874" /><nd ref="-1877" /><nd ref="-1878" /><nd ref="-1582" /><tag k="highway" v="residential" /></way><way id="96142790"><nd ref="-1879" /><nd ref="-1880" /><nd ref="-1581" /><tag k="highway" v="residential" /></way><way id="96143050"><nd ref="-1881" /><nd ref="-1882" /><nd ref="-1883" /><nd ref="-1884" /><nd ref="-1885" /><nd ref="-1886" /><nd ref="-1887" /><nd ref="-1888" /><nd ref="-1660" /><tag k="highway" v="residential" /><tag k="name" v="نهج 557" /><tag k="name:ar" v="نهج 557" /><tag k="name:fr" v="Rue 557" /></way><way id="96143052"><nd ref="-1889" /><nd ref="-1890" /><nd ref="-1891" /><nd ref="-1892" /><nd ref="-1893" /><nd ref="-1894" /><nd ref="-1895" /><nd ref="-1896" /><nd ref="-1897" /><nd ref="-1898" /><nd ref="-1899" /><nd ref="-1900" /><nd ref="-1901" /><nd ref="-1902" /><nd ref="-1855" /><nd ref="-1903" /><nd ref="-1904" /><nd ref="-1905" /><nd ref="-1906" /><nd ref="-1742" /><nd ref="-1907" /><nd ref="-1908" /><nd ref="-1776" /><nd ref="-1909" /><nd ref="-1910" /><nd ref="-1911" /><nd ref="-1912" /><nd ref="-1913" /><nd ref="-1762" /><nd ref="-1914" /><nd ref="-1915" /><nd ref="-1916" /><nd ref="-1917" /><nd ref="-1918" /><nd ref="-1835" /><nd ref="-1919" /><nd ref="-1920" /><nd ref="-1921" /><nd ref="-1922" /><nd ref="-1690" /><nd ref="-1923" /><nd ref="-1924" /><nd ref="-1925" /><nd ref="-1926" /><nd ref="-1927" /><nd ref="-1928" /><nd ref="-1929" /><nd ref="-1930" /><nd ref="-1931" /><nd ref="-1932" /><nd ref="-1933" /><nd ref="-1934" /><nd ref="-1935" /><nd ref="-1936" /><nd ref="-1937" /><nd ref="-1938" /><nd ref="-1939" /><nd ref="-1940" /><nd ref="-1941" /><nd ref="-1942" /><nd ref="-1943" /><nd ref="-1944" /><nd ref="-1945" /><nd ref="-1946" /><nd ref="-1947" /><nd ref="-1948" /><nd ref="-1949" /><nd ref="-1950" /><nd ref="-1951" /><nd ref="-1952" /><nd ref="-1953" /><nd ref="-1954" /><nd ref="-1955" /><tag k="highway" v="residential" /><tag k="lanes" v="1" /><tag k="name" v="نهج الصفصاف" /><tag k="name:ar" v="نهج الصفصاف" /><tag k="name:fr" v="Rue du Saule" /></way><way id="96143053"><nd ref="-1671" /><nd ref="-1956" /><nd ref="-1957" /><nd ref="-1958" /><tag k="highway" v="residential" /><tag k="name" v="نهج 699" /><tag k="name:ar" v="نهج 699" /><tag k="name:fr" v="Rue 699" /></way><way id="96143091"><nd ref="-1959" /><nd ref="-1960" /><nd ref="-1961" /><nd ref="-1962" /><nd ref="-1963" /><nd ref="-1964" /><nd ref="-1965" /><nd ref="-1966" /><nd ref="-1958" /><tag k="highway" v="residential" /><tag k="name" v="نهج السرول" /><tag k="name:ar" v="نهج السرول" /><tag k="name:fr" v="Rue du Cyprès" /></way><way id="96143418"><nd ref="-1967" /><nd ref="-1968" /><nd ref="-1969" /><nd ref="-1970" /><nd ref="-1971" /><nd ref="-1972" /><nd ref="-1973" /><nd ref="-1974" /><nd ref="-1975" /><nd ref="-1976" /><nd ref="-1977" /><nd ref="-1978" /><nd ref="-1693" /><tag k="highway" v="residential" /><tag k="name" v="نهج 701" /><tag k="name:ar" v="نهج 701" /><tag k="name:fr" v="Rue 701" /></way><way id="96143872"><nd ref="-1973" /><nd ref="-1979" /><nd ref="-1980" /><nd ref="-1981" /><tag k="highway" v="residential" /><tag k="name" v="نهج 653" /><tag k="name:ar" v="نهج 653" /><tag k="name:fr" v="Rue 653" /></way><way id="96143928"><nd ref="-1982" /><nd ref="-1983" /><nd ref="-1984" /><tag k="highway" v="residential" /></way><way id="96144162"><nd ref="-1198" /><nd ref="-1623" /><nd ref="-1985" /><nd ref="-1986" /><nd ref="-1987" /><nd ref="-1988" /><nd ref="-1621" /><nd ref="-1989" /><nd ref="-1990" /><nd ref="-1559" /><nd ref="-1991" /><nd ref="-1992" /><nd ref="-1993" /><nd ref="-1896" /><nd ref="-1994" /><nd ref="-1995" /><nd ref="-1996" /><nd ref="-1997" /><nd ref="-1998" /><nd ref="-1999" /><nd ref="-2000" /><nd ref="-2001" /><nd ref="-2002" /><nd ref="-2003" /><nd ref="-2004" /><nd ref="-1752" /><nd ref="-2005" /><nd ref="-2006" /><nd ref="-1648" /><nd ref="-2007" /><nd ref="-2008" /><nd ref="-2009" /><nd ref="-2010" /><nd ref="-2011" /><nd ref="-2012" /><nd ref="-2013" /><nd ref="-2014" /><nd ref="-2015" /><nd ref="-1984" /><nd ref="-2016" /><nd ref="-2017" /><nd ref="-1725" /><nd ref="-2018" /><nd ref="-2019" /><nd ref="-2020" /><nd ref="-2021" /><nd ref="-2022" /><nd ref="-2023" /><nd ref="-2024" /><nd ref="-2025" /><nd ref="-2026" /><nd ref="-2027" /><nd ref="-2028" /><nd ref="-2029" /><nd ref="-2030" /><nd ref="-2031" /><nd ref="-2032" /><tag k="highway" v="unclassified" /><tag k="lanes" v="2" /><tag k="name" v="نهج مراكش" /><tag k="name:ar" v="نهج مراكش" /><tag k="name:fr" v="Rue Marrakech" /></way><way id="96144884"><nd ref="-2033" /><nd ref="-2034" /><nd ref="-2035" /><nd ref="-2036" /><nd ref="-2037" /><nd ref="-2038" /><nd ref="-2039" /><nd ref="-2040" /><tag k="highway" v="residential" /><tag k="name" v="نهج جابر بن حيان" /><tag k="name:ar" v="نهج جابر بن حيان" /><tag k="name:fr" v="Rue Jaber Ibn Hayène" /></way><way id="96144976"><nd ref="-2041" /><nd ref="-2042" /><nd ref="-2043" /><nd ref="-2044" /><nd ref="-2045" /><tag k="highway" v="residential" /></way><way id="96146090"><nd ref="-2046" /><nd ref="-2044" /><tag k="highway" v="residential" /></way><way id="96146166"><nd ref="-2047" /><nd ref="-2048" /><nd ref="-2049" /><nd ref="-2050" /><nd ref="-2051" /><tag k="highway" v="living_street" /><tag k="name" v="نهج حسن المراكشي" /><tag k="name:ar" v="نهج حسن المراكشي" /><tag k="name:fr" v="Rue Hassen El Marrakchi" /></way><way id="96146304"><nd ref="-2052" /><nd ref="-2053" /><tag k="highway" v="residential" /></way><way id="96146648"><nd ref="-2054" /><nd ref="-2055" /><nd ref="-2056" /><nd ref="-2057" /><nd ref="-2058" /><nd ref="-2059" /><nd ref="-2060" /><nd ref="-2061" /><nd ref="-2062" /><nd ref="-2063" /><nd ref="-2064" /><nd ref="-2065" /><nd ref="-2066" /><nd ref="-2067" /><nd ref="-2068" /><nd ref="-2069" /><nd ref="-2070" /><nd ref="-174" /><tag k="highway" v="residential" /><tag k="lanes" v="1" /><tag k="name" v="نهج كريستوف كولومب" /><tag k="name:ar" v="نهج كريستوف كولومب" /><tag k="name:fr" v="Rue Christophe Colomb" /></way><way id="96146966"><nd ref="-2071" /><nd ref="-2072" /><nd ref="-2073" /><nd ref="-2074" /><nd ref="-2075" /><nd ref="-2076" /><nd ref="-2077" /><nd ref="-2078" /><nd ref="-2079" /><nd ref="-2080" /><nd ref="-2081" /><nd ref="-2082" /><nd ref="-2083" /><nd ref="-2084" /><nd ref="-2085" /><nd ref="-2086" /><nd ref="-2087" /><nd ref="-2088" /><nd ref="-2072" /><tag k="highway" v="residential" /><tag k="name" v="نهج الكافي السلامي" /><tag k="name:ar" v="نهج الكافي السلامي" /><tag k="name:fr" v="Rue El Kafi Sallami" /></way><way id="96146991"><nd ref="-2089" /><nd ref="-2090" /><nd ref="-2091" /><nd ref="-2092" /><nd ref="-2093" /><nd ref="-2094" /><nd ref="-2095" /><nd ref="-2096" /><nd ref="-2097" /><nd ref="-2098" /><nd ref="-2099" /><nd ref="-2100" /><nd ref="-2101" /><nd ref="-2102" /><nd ref="-2103" /><tag k="highway" v="residential" /><tag k="name" v="نهج علي بن النفيس" /><tag k="name:ar" v="نهج علي بن النفيس" /><tag k="name:fr" v="Rue Ali Ibn Nafiss" /></way><way id="96147104"><nd ref="-2104" /><nd ref="-2105" /><nd ref="-2106" /><nd ref="-2107" /><tag k="highway" v="living_street" /></way><way id="96147493"><nd ref="-2108" /><nd ref="-2109" /><nd ref="-2110" /><nd ref="-2111" /><nd ref="-2112" /><nd ref="-2113" /><tag k="highway" v="residential" /></way><way id="96147533"><nd ref="-2114" /><nd ref="-2115" /><nd ref="-2116" /><nd ref="-2117" /><tag k="highway" v="residential" /></way><way id="96147548"><nd ref="-2118" /><nd ref="-2119" /><nd ref="-2107" /><nd ref="-2120" /><nd ref="-2121" /><nd ref="-2033" /><nd ref="-2045" /><nd ref="-2122" /><nd ref="-2123" /><nd ref="-2124" /><nd ref="-2125" /><nd ref="-2126" /><nd ref="-2127" /><nd ref="-2128" /><nd ref="-2129" /><nd ref="-2130" /><nd ref="-2131" /><nd ref="-2132" /><nd ref="-2133" /><nd ref="-2134" /><nd ref="-2135" /><nd ref="-2136" /><tag k="highway" v="residential" /></way><way id="96147577"><nd ref="-2137" /><nd ref="-2138" /><tag k="highway" v="residential" /></way><way id="96147589"><nd ref="-2137" /><nd ref="-2130" /><tag k="highway" v="residential" /></way><way id="96147657"><nd ref="-2139" /><nd ref="-2036" /><tag k="highway" v="residential" /><tag k="name" v="نهج ثابت بن قرة" /><tag k="name:ar" v="نهج ثابت بن قرة" /><tag k="name:fr" v="Rue Thabet Ibn Korra" /></way><way id="96147685"><nd ref="-2140" /><nd ref="-2141" /><nd ref="-2142" /><nd ref="-2143" /><nd ref="-2144" /><nd ref="-2145" /><nd ref="-2146" /><nd ref="-2147" /><nd ref="-2148" /><nd ref="-2149" /><nd ref="-2150" /><nd ref="-2151" /><nd ref="-2152" /><tag k="highway" v="residential" /></way><way id="96147833"><nd ref="-148" /><nd ref="-2153" /><nd ref="-2154" /><nd ref="-2155" /><nd ref="-2156" /><nd ref="-2157" /><nd ref="-2158" /><nd ref="-2159" /><nd ref="-2160" /><nd ref="-2161" /><nd ref="-2162" /><nd ref="-2163" /><nd ref="-2164" /><nd ref="-2165" /><nd ref="-2166" /><nd ref="-2167" /><nd ref="-2168" /><tag k="highway" v="residential" /><tag k="name" v="نهج بورسعيد" /><tag k="name:ar" v="نهج بورسعيد" /><tag k="name:fr" v="Rue de Port-Saïd" /></way><way id="96147859"><nd ref="-2168" /><nd ref="-2169" /><nd ref="-2170" /><nd ref="-2171" /><nd ref="-2172" /><nd ref="-2173" /><nd ref="-2174" /><nd ref="-2175" /><nd ref="-2176" /><tag k="highway" v="residential" /><tag k="name" v="نهج الاقصر" /><tag k="name:ar" v="نهج الاقصر" /><tag k="name:fr" v="Rue Luxor" /></way><way id="96147900"><nd ref="-2177" /><nd ref="-2178" /><nd ref="-2179" /><nd ref="-2180" /><nd ref="-2181" /><nd ref="-2182" /><nd ref="-2183" /><tag k="highway" v="residential" /><tag k="name" v="نهج مصطفى رضوان" /><tag k="name:ar" v="نهج مصطفى رضوان" /><tag k="name:fr" v="Rue Mustapha Radhouane" /></way><way id="96147980"><nd ref="-2184" /><nd ref="-2185" /><nd ref="-2186" /><nd ref="-2187" /><nd ref="-2188" /><nd ref="-2179" /><tag k="highway" v="residential" /></way><way id="96148000"><nd ref="-2189" /><nd ref="-2190" /><nd ref="-2191" /><nd ref="-2192" /><nd ref="-2193" /><nd ref="-2194" /><nd ref="-2186" /><tag k="highway" v="residential" /></way><way id="96148023"><nd ref="-2195" /><nd ref="-2180" /><tag k="highway" v="residential" /></way><way id="96148076"><nd ref="-2196" /><nd ref="-2181" /><tag k="highway" v="residential" /></way><way id="96148125"><nd ref="-2197" /><nd ref="-2198" /><nd ref="-2199" /><nd ref="-2200" /><nd ref="-2201" /><nd ref="-2202" /><nd ref="-2203" /><nd ref="-2157" /><nd ref="-2204" /><nd ref="-1311" /><tag k="highway" v="residential" /><tag k="name" v="نهج فاس" /><tag k="name:ar" v="نهج فاس" /><tag k="name:fr" v="Rue de Fès" /></way><way id="96148263"><nd ref="-2205" /><nd ref="-2162" /><tag k="highway" v="residential" /></way><way id="96148301"><nd ref="-2163" /><nd ref="-2206" /><nd ref="-2207" /><nd ref="-2208" /><nd ref="-2209" /><nd ref="-2210" /><nd ref="-2211" /><nd ref="-2212" /><nd ref="-1307" /><tag k="highway" v="residential" /></way><way id="96148422"><nd ref="-2213" /><nd ref="-2214" /><nd ref="-2215" /><nd ref="-2216" /><nd ref="-2217" /><nd ref="-2218" /><nd ref="-2219" /><nd ref="-2220" /><nd ref="-2197" /><tag k="highway" v="residential" /></way><way id="96148438"><nd ref="-2221" /><nd ref="-2222" /><nd ref="-2223" /><nd ref="-2224" /><nd ref="-2225" /><nd ref="-2226" /><nd ref="-2136" /><tag k="highway" v="residential" /></way><way id="96148462"><nd ref="-2117" /><nd ref="-2227" /><nd ref="-2228" /><nd ref="-2229" /><nd ref="-2230" /><nd ref="-2231" /><nd ref="-2232" /><nd ref="-2233" /><nd ref="-2223" /><tag k="highway" v="residential" /></way><way id="96148481"><nd ref="-2232" /><nd ref="-2234" /><nd ref="-2235" /><nd ref="-2135" /><tag k="highway" v="residential" /></way><way id="96148495"><nd ref="-2231" /><nd ref="-2236" /><nd ref="-2237" /><nd ref="-2238" /><nd ref="-2239" /><nd ref="-2240" /><nd ref="-2234" /><nd ref="-2225" /><tag k="highway" v="residential" /></way><way id="96148549"><nd ref="-2241" /><nd ref="-2242" /><nd ref="-2243" /><nd ref="-2244" /><nd ref="-2245" /><nd ref="-2246" /><nd ref="-2247" /><nd ref="-2248" /><nd ref="-2115" /><tag k="highway" v="residential" /></way><way id="96148591"><nd ref="-2042" /><nd ref="-2249" /><nd ref="-2250" /><nd ref="-2251" /><nd ref="-2252" /><nd ref="-2253" /><nd ref="-2254" /><nd ref="-2255" /><nd ref="-2116" /><tag k="highway" v="residential" /></way><way id="96148639"><nd ref="-2256" /><nd ref="-2257" /><nd ref="-2258" /><nd ref="-2259" /><nd ref="-2260" /><nd ref="-2261" /><nd ref="-2262" /><nd ref="-2263" /><nd ref="-2264" /><nd ref="-2265" /><nd ref="-2266" /><tag k="highway" v="residential" /><tag k="name" v="نهج احمد ابو شادي" /><tag k="name:ar" v="نهج احمد ابو شادي" /><tag k="name:fr" v="Rue Ahmed Abou Chedi" /></way><way id="96148988"><nd ref="-2267" /><nd ref="-2161" /><tag k="highway" v="residential" /></way><way id="96149119"><nd ref="-2268" /><nd ref="-2269" /><tag k="highway" v="residential" /></way><way id="96149618"><nd ref="-2138" /><nd ref="-2131" /><tag k="highway" v="residential" /></way><way id="96150127"><nd ref="-2119" /><nd ref="-2270" /><nd ref="-2271" /><nd ref="-2272" /><nd ref="-2273" /><nd ref="-2274" /><nd ref="-2275" /><nd ref="-2276" /><nd ref="-2277" /><nd ref="-2278" /><nd ref="-2120" /><tag k="highway" v="living_street" /></way><way id="104146095"><nd ref="-2279" /><nd ref="-2280" /><nd ref="-2281" /><nd ref="-2282" /><nd ref="-2283" /><nd ref="-2284" /><nd ref="-2285" /><nd ref="-2286" /><nd ref="-2287" /><nd ref="-2288" /><nd ref="-2289" /><nd ref="-2290" /><nd ref="-2291" /><nd ref="-2292" /><nd ref="-2293" /><nd ref="-2294" /><nd ref="-2295" /><nd ref="-2296" /><nd ref="-2297" /><nd ref="-2298" /><nd ref="-2299" /><nd ref="-2300" /><nd ref="-2301" /><nd ref="-2302" /><nd ref="-2303" /><nd ref="-2304" /><nd ref="-2305" /><nd ref="-2306" /><nd ref="-2307" /><nd ref="-2308" /><nd ref="-2309" /><nd ref="-2310" /><nd ref="-2311" /><nd ref="-2312" /><nd ref="-2313" /><tag k="highway" v="residential" /></way><way id="104959688"><nd ref="-2314" /><nd ref="-2315" /><nd ref="-2316" /><nd ref="-2317" /><nd ref="-2318" /><nd ref="-2319" /><nd ref="-2320" /><nd ref="-2321" /><nd ref="-2322" /><tag k="highway" v="secondary" /><tag k="lanes" v="1" /><tag k="maxspeed" v="50" /><tag k="name" v="شارع المختار الزيادي" /><tag k="name:ar" v="شارع المختار الزيادي" /><tag k="name:fr" v="Avenue Mokhtar Ziadi" /><tag k="oneway" v="yes" /><tag k="source" v="yahoo" /></way><way id="157222353"><nd ref="-71" /><nd ref="-2323" /><nd ref="-2324" /><nd ref="-2325" /><tag k="highway" v="primary" /><tag k="lanes" v="2" /><tag k="maxspeed" v="50" /><tag k="name" v="شارع الحبيب بوقطفة" /><tag k="name:ar" v="شارع الحبيب بوقطفة" /><tag k="name:fr" v="Avenue Habib Bougatfa" /><tag k="ref" v="RR82" /><tag k="surface" v="asphalt" /></way><way id="157222377"><nd ref="-71" /><nd ref="-1093" /><nd ref="-2326" /><nd ref="-2327" /><nd ref="-2328" /><nd ref="-2329" /><nd ref="-2330" /><nd ref="-2331" /><nd ref="-2332" /><tag k="highway" v="unclassified" /><tag k="name" v="T20MUN0011" /><tag k="sidewalk" v="both" /><tag k="smoothness" v="intermediate" /><tag k="source" v="yahoo" /><tag k="surface" v="asphalt" /></way><way id="162916373"><nd ref="-10" /><nd ref="-2333" /><nd ref="-2334" /><nd ref="-2335" /><nd ref="-2336" /><nd ref="-2337" /><nd ref="-2338" /><nd ref="-2339" /><nd ref="-2340" /><nd ref="-2341" /><nd ref="-2342" /><nd ref="-2343" /><nd ref="-2344" /><nd ref="-2345" /><tag k="highway" v="primary" /><tag k="lanes" v="1" /><tag k="name" v="شارع قرطاج" /><tag k="name:ar" v="شارع قرطاج" /><tag k="name:fr" v="Avenue de Carthage" /><tag k="oneway" v="yes" /><tag k="ref" v="RR81" /><tag k="sidewalk" v="both" /><tag k="smoothness" v="bad" /><tag k="start_date" v="2012" /><tag k="surface" v="asphalt" /></way><way id="173693444"><nd ref="-2346" /><nd ref="-2347" /><nd ref="-2348" /><nd ref="-2349" /><nd ref="-2350" /><nd ref="-2351" /><nd ref="-2352" /><nd ref="-2353" /><nd ref="-2354" /><nd ref="-2355" /><nd ref="-2356" /><nd ref="-2357" /><nd ref="-2358" /><nd ref="-2359" /><nd ref="-2360" /><nd ref="-2361" /><nd ref="-2362" /><nd ref="-2363" /><nd ref="-2364" /><nd ref="-2365" /><nd ref="-2366" /><nd ref="-2367" /><nd ref="-2368" /><nd ref="-2369" /><nd ref="-2370" /><nd ref="-2371" /><nd ref="-2372" /><nd ref="-2373" /><nd ref="-2374" /><nd ref="-2375" /><nd ref="-2376" /><nd ref="-2377" /><nd ref="-2378" /><nd ref="-2379" /><nd ref="-2380" /><nd ref="-2381" /><nd ref="-2382" /><nd ref="-2383" /><nd ref="-2384" /><nd ref="-2385" /><nd ref="-2386" /><nd ref="-2387" /><nd ref="-2388" /><nd ref="-2389" /><nd ref="-2390" /><nd ref="-2391" /><nd ref="-2392" /><nd ref="-2393" /><nd ref="-2394" /><nd ref="-2395" /><nd ref="-2396" /><nd ref="-2397" /><nd ref="-2398" /><nd ref="-2399" /><nd ref="-2400" /><nd ref="-2401" /><nd ref="-2402" /><nd ref="-2403" /><nd ref="-2404" /><nd ref="-2405" /><nd ref="-2406" /><nd ref="-2407" /><nd ref="-2408" /><nd ref="-2409" /><nd ref="-2410" /><nd ref="-2411" /><nd ref="-2412" /><nd ref="-2413" /><nd ref="-2414" /><nd ref="-2415" /><nd ref="-2416" /><nd ref="-2417" /><nd ref="-2418" /><nd ref="-2419" /><nd ref="-2420" /><nd ref="-2421" /><nd ref="-2422" /><nd ref="-2423" /><nd ref="-2424" /><nd ref="-2425" /><nd ref="-2426" /><nd ref="-2427" /><nd ref="-2428" /><nd ref="-2429" /><nd ref="-2430" /><nd ref="-2431" /><nd ref="-2432" /><nd ref="-2433" /><nd ref="-2434" /><nd ref="-2435" /><nd ref="-2436" /><nd ref="-2437" /><nd ref="-2438" /><nd ref="-2439" /><nd ref="-2440" /><nd ref="-2441" /><nd ref="-2442" /><nd ref="-2443" /><nd ref="-2444" /><nd ref="-2445" /><nd ref="-2446" /><nd ref="-2447" /><nd ref="-2448" /><nd ref="-2449" /><nd ref="-2450" /><nd ref="-2451" /><nd ref="-2452" /><nd ref="-2453" /><nd ref="-2454" /><nd ref="-2455" /><nd ref="-2456" /><nd ref="-2457" /><nd ref="-2458" /><nd ref="-2459" /><nd ref="-2460" /><nd ref="-2461" /><nd ref="-2462" /><nd ref="-2463" /><nd ref="-2464" /><nd ref="-2465" /><nd ref="-2466" /><nd ref="-2467" /><nd ref="-2468" /><nd ref="-2469" /><nd ref="-2470" /><nd ref="-2471" /><nd ref="-2472" /><nd ref="-2473" /><nd ref="-2474" /><nd ref="-2475" /><nd ref="-2476" /><nd ref="-2477" /><nd ref="-2478" /><nd ref="-2479" /><nd ref="-2480" /><nd ref="-2481" /><nd ref="-2482" /><nd ref="-2483" /><nd ref="-2484" /><nd ref="-2485" /><nd ref="-2486" /><nd ref="-2487" /><nd ref="-2488" /><nd ref="-2489" /><nd ref="-2490" /><nd ref="-2491" /><nd ref="-2492" /><nd ref="-2493" /><nd ref="-2494" /><nd ref="-2495" /><nd ref="-2496" /><nd ref="-2497" /><nd ref="-2498" /><nd ref="-2499" /><nd ref="-2500" /><nd ref="-2501" /><nd ref="-2502" /><nd ref="-2503" /><nd ref="-2504" /><nd ref="-2505" /><nd ref="-2506" /><nd ref="-2507" /><nd ref="-2508" /><nd ref="-2509" /><nd ref="-2510" /><nd ref="-2511" /><nd ref="-2512" /><nd ref="-2513" /><nd ref="-2514" /><nd ref="-2515" /><nd ref="-2516" /><nd ref="-2517" /><nd ref="-2518" /><nd ref="-2519" /><nd ref="-2520" /><nd ref="-2521" /><nd ref="-2522" /><nd ref="-2523" /><nd ref="-2524" /><nd ref="-2525" /><nd ref="-2526" /><nd ref="-2527" /><nd ref="-2528" /><nd ref="-2529" /><nd ref="-2530" /><nd ref="-2531" /><nd ref="-2532" /><nd ref="-2533" /><nd ref="-2534" /><nd ref="-2535" /><nd ref="-2536" /><nd ref="-2537" /><nd ref="-2538" /><nd ref="-2539" /><nd ref="-2540" /><nd ref="-2541" /><nd ref="-2542" /><nd ref="-2543" /><nd ref="-2544" /><nd ref="-2545" /><nd ref="-2546" /><nd ref="-2547" /><nd ref="-2548" /><nd ref="-2549" /><nd ref="-2550" /><nd ref="-2551" /><nd ref="-2552" /><nd ref="-2553" /><nd ref="-2554" /><nd ref="-2555" /><nd ref="-2556" /><nd ref="-2557" /><nd ref="-2558" /><nd ref="-2559" /><nd ref="-2560" /><nd ref="-2561" /><nd ref="-2562" /><nd ref="-2563" /><nd ref="-2564" /><nd ref="-2565" /><nd ref="-2566" /><nd ref="-2567" /><nd ref="-2568" /><nd ref="-2569" /><nd ref="-2570" /><nd ref="-2571" /><nd ref="-2572" /><nd ref="-2573" /><nd ref="-2574" /><nd ref="-2575" /><nd ref="-2576" /><nd ref="-2577" /><nd ref="-2578" /><nd ref="-2579" /><nd ref="-2580" /><nd ref="-2581" /><nd ref="-2582" /><nd ref="-2583" /><nd ref="-2584" /><nd ref="-2585" /><nd ref="-2586" /><nd ref="-2587" /><nd ref="-2588" /><nd ref="-2589" /><nd ref="-2590" /><nd ref="-2591" /><nd ref="-2592" /><nd ref="-2593" /><nd ref="-2594" /><nd ref="-2595" /><nd ref="-2596" /><nd ref="-2597" /><nd ref="-2598" /><nd ref="-2599" /><nd ref="-2600" /><nd ref="-2601" /><nd ref="-2602" /><nd ref="-2603" /><nd ref="-2604" /><nd ref="-2605" /><nd ref="-2606" /><nd ref="-2607" /><nd ref="-2608" /><nd ref="-2609" /><nd ref="-2610" /><nd ref="-2611" /><nd ref="-2612" /><nd ref="-2613" /><nd ref="-2614" /><nd ref="-2615" /><nd ref="-2616" /><nd ref="-2617" /><nd ref="-2618" /><nd ref="-2619" /><nd ref="-2620" /><nd ref="-2621" /><nd ref="-2622" /><nd ref="-2623" /><nd ref="-2624" /><nd ref="-2625" /><nd ref="-2626" /><nd ref="-2627" /><nd ref="-2628" /><nd ref="-2629" /><nd ref="-2630" /><nd ref="-2631" /><nd ref="-2632" /><nd ref="-2633" /><nd ref="-2634" /><nd ref="-2635" /><nd ref="-2636" /><nd ref="-2637" /><nd ref="-2638" /><nd ref="-2639" /><nd ref="-2640" /><nd ref="-2641" /><nd ref="-2642" /><nd ref="-2643" /><nd ref="-2644" /><nd ref="-2645" /><nd ref="-2646" /><nd ref="-2647" /><nd ref="-2648" /><nd ref="-2649" /><nd ref="-2650" /><nd ref="-2651" /><nd ref="-2652" /><nd ref="-2653" /><nd ref="-2654" /><nd ref="-2655" /><nd ref="-2656" /><nd ref="-2657" /><nd ref="-2658" /><nd ref="-2659" /><nd ref="-2660" /><nd ref="-2661" /><nd ref="-2662" /><nd ref="-2663" /><nd ref="-2664" /><nd ref="-2665" /><nd ref="-2666" /><nd ref="-2667" /><nd ref="-2668" /><nd ref="-2669" /><nd ref="-2670" /><nd ref="-2671" /><nd ref="-2672" /><nd ref="-2673" /><nd ref="-2674" /><nd ref="-2675" /><nd ref="-2676" /><nd ref="-2677" /><nd ref="-1458" /><tag k="highway" v="primary" /><tag k="int_ref" v="TAH 1" /><tag k="int_ref:ar" v="ط س 1" /><tag k="maxspeed" v="90" /><tag k="name" v="الطريق الوطنية تونس - رأس جدير" /><tag k="name:ar" v="الطريق الوطنية تونس - رأس جدير" /><tag k="name:fr" v="Route Nationale Tunis - Ras Jedir" /><tag k="ref" v="RN1" /><tag k="ref:ar" v="ط و 1" /></way><way id="183746421"><nd ref="-2678" /><nd ref="-2679" /><nd ref="-2680" /><nd ref="-2681" /><nd ref="-2682" /><nd ref="-2683" /><nd ref="-2684" /><nd ref="-2685" /><nd ref="-2686" /><nd ref="-2687" /><nd ref="-2688" /><nd ref="-2689" /><nd ref="-2690" /><nd ref="-2691" /><tag k="highway" v="residential" /></way><way id="183746513"><nd ref="-2689" /><nd ref="-2692" /><tag k="highway" v="residential" /></way><way id="183746550"><nd ref="-2693" /><nd ref="-2694" /><nd ref="-2695" /><nd ref="-2696" /><nd ref="-2697" /><nd ref="-2698" /><nd ref="-2691" /><tag k="highway" v="residential" /></way><way id="183746620"><nd ref="-2699" /><nd ref="-2700" /><nd ref="-2701" /><nd ref="-2702" /><nd ref="-2703" /><nd ref="-2704" /><tag k="highway" v="residential" /><tag k="oneway" v="yes" /></way><way id="183746633"><nd ref="-2704" /><nd ref="-2705" /><nd ref="-2706" /><nd ref="-2707" /><nd ref="-2708" /><tag k="highway" v="residential" /><tag k="oneway" v="yes" /></way><way id="183747343"><nd ref="-2709" /><nd ref="-2710" /><nd ref="-2711" /><nd ref="-2712" /><nd ref="-2713" /><nd ref="-2714" /><nd ref="-2715" /><nd ref="-2716" /><nd ref="-2717" /><nd ref="-2718" /><nd ref="-2719" /><nd ref="-2720" /><nd ref="-2721" /><nd ref="-402" /><tag k="highway" v="residential" /><tag k="lanes" v="2" /><tag k="oneway" v="no" /></way><way id="183747423"><nd ref="-2722" /><nd ref="-2723" /><nd ref="-2724" /><nd ref="-2725" /><nd ref="-2726" /><nd ref="-2727" /><nd ref="-2728" /><tag k="highway" v="residential" /></way><way id="183748347"><nd ref="-393" /><nd ref="-2729" /><nd ref="-2730" /><nd ref="-2731" /><tag k="highway" v="residential" /></way><way id="183748348"><nd ref="-394" /><nd ref="-2732" /><nd ref="-2733" /><tag k="highway" v="residential" /></way><way id="183993898"><nd ref="-2734" /><nd ref="-2735" /><nd ref="-2736" /><nd ref="-2737" /><nd ref="-2738" /><nd ref="-2739" /><nd ref="-2740" /><nd ref="-2741" /><nd ref="-2742" /><nd ref="-2743" /><nd ref="-2744" /><nd ref="-2745" /><nd ref="-2746" /><nd ref="-2747" /><nd ref="-2748" /><nd ref="-2749" /><nd ref="-2750" /><nd ref="-2751" /><nd ref="-2752" /><nd ref="-2753" /><nd ref="-2754" /><nd ref="-2755" /><nd ref="-2756" /><nd ref="-2757" /><nd ref="-2758" /><nd ref="-2759" /><nd ref="-2760" /><nd ref="-2761" /><nd ref="-2762" /><nd ref="-2763" /><nd ref="-2764" /><nd ref="-2765" /><nd ref="-2766" /><tag k="highway" v="unclassified" /><tag k="name" v="زنقة بوحامد" /><tag k="name:ar" v="زنقة بوحامد" /><tag k="name:fr" v="Impasse Bouhamed" /></way><way id="186504636"><nd ref="-2322" /><nd ref="-2767" /><nd ref="-2768" /><nd ref="-2769" /><nd ref="-2770" /><nd ref="-2771" /><nd ref="-2772" /><nd ref="-2314" /><tag k="highway" v="secondary" /><tag k="lanes" v="1" /><tag k="maxspeed" v="50" /><tag k="name" v="شارع المختار الزيادي" /><tag k="name:ar" v="شارع المختار الزيادي" /><tag k="name:fr" v="Avenue Mokhtar Ziadi" /><tag k="oneway" v="yes" /></way><way id="186505366"><nd ref="-2773" /><nd ref="-2774" /><nd ref="-2775" /><nd ref="-2776" /><nd ref="-2777" /><nd ref="-2778" /><nd ref="-2779" /><nd ref="-2780" /><tag k="highway" v="residential" /></way><way id="186506467"><nd ref="-2781" /><nd ref="-2782" /><nd ref="-2783" /><nd ref="-2784" /><tag k="highway" v="residential" /></way><way id="186506468"><nd ref="-2785" /><nd ref="-2786" /><nd ref="-2787" /><nd ref="-2788" /><nd ref="-2789" /><nd ref="-2790" /><nd ref="-2781" /><nd ref="-2791" /><nd ref="-2792" /><nd ref="-2793" /><nd ref="-2794" /><nd ref="-2795" /><tag k="highway" v="residential" /></way><way id="186507080"><nd ref="-2796" /><nd ref="-2797" /><nd ref="-2798" /><tag k="highway" v="residential" /></way><way id="186507081"><nd ref="-2799" /><nd ref="-2800" /><nd ref="-2801" /><nd ref="-2802" /><tag k="highway" v="residential" /></way><way id="186507083"><nd ref="-2803" /><nd ref="-2804" /><nd ref="-2805" /><nd ref="-2806" /><nd ref="-2807" /><tag k="highway" v="residential" /><tag k="name" v="نهج علي البلهوان" /><tag k="name:ar" v="نهج علي البلهوان" /><tag k="name:fr" v="Rue Ali Belhouane" /></way><way id="186507084"><nd ref="-2808" /><nd ref="-2809" /><nd ref="-2810" /><nd ref="-2811" /><nd ref="-2812" /><nd ref="-2813" /><nd ref="-2814" /><nd ref="-2815" /><nd ref="-2802" /><tag k="highway" v="residential" /></way><way id="186508119"><nd ref="-2816" /><nd ref="-2817" /><nd ref="-2818" /><tag k="highway" v="residential" /><tag k="lanes" v="2" /></way><way id="186508122"><nd ref="-2819" /><nd ref="-2820" /><nd ref="-2821" /><nd ref="-2822" /><tag k="highway" v="residential" /></way><way id="186508123"><nd ref="-2823" /><nd ref="-2824" /><nd ref="-2825" /><nd ref="-2826" /><nd ref="-2827" /><nd ref="-2828" /><nd ref="-2818" /><tag k="highway" v="residential" /><tag k="lanes" v="2" /></way><way id="189670570"><nd ref="-2829" /><nd ref="-2830" /><nd ref="-2831" /><nd ref="-1041" /><nd ref="-2832" /><nd ref="-354" /><nd ref="-748" /><nd ref="-355" /><nd ref="-365" /><nd ref="-2833" /><nd ref="-303" /><nd ref="-2834" /><nd ref="-276" /><nd ref="-2835" /><nd ref="-271" /><nd ref="-2836" /><nd ref="-2837" /><tag k="highway" v="secondary" /><tag k="name" v="شارع 5 أوت" /><tag k="name:ar" v="شارع 5 أوت" /><tag k="name:fr" v="Avenue 5 Août" /></way><way id="189714439"><nd ref="-2838" /><nd ref="-2839" /><nd ref="-2840" /><nd ref="-2841" /><tag k="highway" v="tertiary" /><tag k="name" v="نهج التضامن" /><tag k="name:ar" v="نهج التضامن" /><tag k="name:fr" v="Rue de la Solidarité" /><tag k="oneway" v="yes" /></way><way id="189714441"><nd ref="-2842" /><nd ref="-2843" /><nd ref="-2844" /><nd ref="-2845" /><nd ref="-2846" /><tag k="highway" v="tertiary" /><tag k="name" v="نهج التضامن" /><tag k="name:ar" v="نهج التضامن" /><tag k="name:fr" v="Rue de la Solidarité" /><tag k="oneway" v="yes" /></way><way id="189714520"><nd ref="-2847" /><nd ref="-2848" /><nd ref="-2849" /><nd ref="-2028" /><tag k="highway" v="residential" /><tag k="oneway" v="yes" /></way><way id="189714522"><nd ref="-2023" /><nd ref="-2850" /><nd ref="-2851" /><tag k="highway" v="residential" /><tag k="oneway" v="yes" /></way><way id="189714524"><nd ref="-2031" /><nd ref="-2852" /><tag k="highway" v="unclassified" /><tag k="lanes" v="1" /><tag k="name" v="نهج مراكش" /><tag k="name:ar" v="نهج مراكش" /><tag k="name:fr" v="Rue Marrakech" /></way><way id="189714526"><nd ref="-2853" /><nd ref="-2854" /><nd ref="-2855" /><tag k="highway" v="residential" /></way><way id="189714528"><nd ref="-2856" /><nd ref="-2857" /><nd ref="-2858" /><nd ref="-2859" /><nd ref="-2860" /><nd ref="-1030" /><nd ref="-2861" /><tag k="highway" v="residential" /></way><way id="189714530"><nd ref="-2862" /><nd ref="-2863" /><nd ref="-2855" /><tag k="highway" v="residential" /><tag k="oneway" v="yes" /></way><way id="189714531"><nd ref="-2864" /><nd ref="-2865" /><nd ref="-2866" /><nd ref="-2867" /><nd ref="-2868" /><nd ref="-2869" /><nd ref="-2870" /><nd ref="-2871" /><nd ref="-2872" /><nd ref="-2873" /><nd ref="-2874" /><nd ref="-2875" /><nd ref="-2876" /><nd ref="-2877" /><nd ref="-2878" /><nd ref="-2879" /><nd ref="-2880" /><nd ref="-2881" /><nd ref="-2882" /><nd ref="-2883" /><nd ref="-2884" /><nd ref="-2885" /><nd ref="-2886" /><nd ref="-2887" /><nd ref="-2888" /><nd ref="-2889" /><nd ref="-2890" /><nd ref="-2891" /><nd ref="-2892" /><nd ref="-2893" /><nd ref="-2894" /><nd ref="-2895" /><nd ref="-2896" /><nd ref="-2897" /><nd ref="-2898" /><nd ref="-2899" /><nd ref="-2900" /><nd ref="-2901" /><nd ref="-2902" /><nd ref="-2903" /><nd ref="-2904" /><nd ref="-2905" /><nd ref="-2906" /><nd ref="-2907" /><nd ref="-2908" /><nd ref="-2909" /><nd ref="-2910" /><nd ref="-2911" /><nd ref="-2912" /><nd ref="-2913" /><nd ref="-2914" /><nd ref="-2915" /><nd ref="-2916" /><tag k="highway" v="residential" /><tag k="lanes" v="2" /><tag k="maxspeed" v="50" /><tag k="name" v="زنقة الشيخ اللجمي" /><tag k="name:ar" v="نهج الحبيب ثامر" /><tag k="name:fr" v="Rue Habib Thameur Zanket Chikh" /><tag k="surface" v="asphalt" /></way><way id="189714532"><nd ref="-2917" /><nd ref="-2918" /><nd ref="-2919" /><nd ref="-2920" /><nd ref="-2921" /><nd ref="-2922" /><nd ref="-2923" /><nd ref="-2924" /><nd ref="-2925" /><nd ref="-2926" /><nd ref="-2927" /><nd ref="-2928" /><nd ref="-2929" /><nd ref="-2930" /><nd ref="-2931" /><nd ref="-2932" /><nd ref="-2933" /><nd ref="-2934" /><nd ref="-2935" /><nd ref="-2936" /><nd ref="-2937" /><nd ref="-2938" /><nd ref="-2939" /><nd ref="-2940" /><nd ref="-2941" /><nd ref="-2942" /><nd ref="-2943" /><nd ref="-2944" /><nd ref="-2945" /><tag k="highway" v="residential" /><tag k="name" v="نهج علي بن غذاهم" /><tag k="name:ar" v="نهج علي بن غذاهم" /><tag k="name:fr" v="Rue Ali Ben Ghedhahem" /></way><way id="189714550"><nd ref="-2946" /><nd ref="-2861" /><nd ref="-2947" /><nd ref="-477" /><tag k="highway" v="unclassified" /><tag k="oneway" v="yes" /></way><way id="189714556"><nd ref="-2948" /><nd ref="-2949" /><nd ref="-2950" /><nd ref="-2951" /><nd ref="-2952" /><nd ref="-2953" /><nd ref="-2954" /><nd ref="-2955" /><nd ref="-2956" /><nd ref="-2957" /><nd ref="-2958" /><nd ref="-2959" /><nd ref="-2960" /><nd ref="-2961" /><nd ref="-2962" /><nd ref="-2847" /><nd ref="-2963" /><nd ref="-2964" /><nd ref="-2965" /><nd ref="-2966" /><nd ref="-2967" /><nd ref="-2968" /><nd ref="-2027" /><tag k="highway" v="residential" /><tag k="oneway" v="yes" /></way><way id="189714558"><nd ref="-2025" /><nd ref="-2969" /><nd ref="-2970" /><nd ref="-2971" /><nd ref="-2851" /><nd ref="-2972" /><nd ref="-2973" /><nd ref="-2974" /><nd ref="-2975" /><nd ref="-2976" /><nd ref="-2977" /><nd ref="-2978" /><nd ref="-2979" /><nd ref="-2980" /><nd ref="-2981" /><nd ref="-2982" /><nd ref="-2983" /><nd ref="-2984" /><nd ref="-2985" /><nd ref="-2986" /><nd ref="-2987" /><nd ref="-2988" /><nd ref="-2989" /><nd ref="-2990" /><tag k="highway" v="residential" /><tag k="oneway" v="yes" /></way><way id="189714629"><nd ref="-2991" /><nd ref="-2992" /><nd ref="-2993" /><nd ref="-2856" /><nd ref="-2994" /><nd ref="-2995" /><nd ref="-2996" /><nd ref="-2997" /><nd ref="-2998" /><nd ref="-2999" /><nd ref="-3000" /><nd ref="-3001" /><nd ref="-3002" /><nd ref="-3003" /><nd ref="-3004" /><nd ref="-3005" /><nd ref="-2862" /><nd ref="-3006" /><nd ref="-3007" /><nd ref="-3008" /><nd ref="-3009" /><nd ref="-3010" /><nd ref="-3011" /><nd ref="-521" /><nd ref="-3012" /><nd ref="-3013" /><nd ref="-3014" /><nd ref="-3015" /><nd ref="-3016" /><nd ref="-3017" /><nd ref="-55" /><nd ref="-63" /><nd ref="-923" /><nd ref="-3018" /><nd ref="-3019" /><nd ref="-3020" /><nd ref="-3021" /><nd ref="-3022" /><nd ref="-3023" /><nd ref="-3024" /><nd ref="-3025" /><nd ref="-3026" /><nd ref="-3027" /><nd ref="-3028" /><nd ref="-3029" /><nd ref="-3030" /><nd ref="-3031" /><nd ref="-3032" /><nd ref="-3033" /><nd ref="-3034" /><nd ref="-3035" /><nd ref="-3036" /><nd ref="-3037" /><nd ref="-3038" /><nd ref="-3039" /><nd ref="-3040" /><nd ref="-3041" /><nd ref="-3042" /><nd ref="-3043" /><nd ref="-3044" /><nd ref="-3045" /><nd ref="-3046" /><nd ref="-1478" /><tag k="highway" v="primary" /><tag k="int_ref" v="TAH 1" /><tag k="lanes" v="2" /><tag k="maxspeed" v="50" /><tag k="name" v="الطريق الوطنية تونس - رأس جدير" /><tag k="name:ar" v="الطريق الوطنية تونس - رأس جدير" /><tag k="name:fr" v="Route Nationale Tunis - Ras Jedir" /><tag k="ref" v="RN1" /></way><way id="189714633"><nd ref="-3047" /><nd ref="-3048" /><nd ref="-3049" /><nd ref="-3050" /><tag k="highway" v="primary" /><tag k="int_ref" v="TAH 1" /><tag k="lanes" v="1" /><tag k="maxspeed" v="50" /><tag k="name" v="الطريق الوطنية تونس - رأس جدير" /><tag k="name:ar" v="الطريق الوطنية تونس - رأس جدير" /><tag k="name:fr" v="Route Nationale Tunis - Ras Jedir" /><tag k="oneway" v="yes" /><tag k="ref" v="RN1" /></way><way id="189714636"><nd ref="-3051" /><nd ref="-3052" /><nd ref="-3053" /><nd ref="-3054" /><nd ref="-3055" /><nd ref="-3056" /><nd ref="-3057" /><tag k="highway" v="primary" /><tag k="int_ref" v="TAH 1" /><tag k="lanes" v="1" /><tag k="maxspeed" v="50" /><tag k="name" v="الطريق الوطنية تونس - رأس جدير" /><tag k="name:ar" v="الطريق الوطنية تونس - رأس جدير" /><tag k="name:fr" v="Route Nationale Tunis - Ras Jedir" /><tag k="oneway" v="yes" /><tag k="ref" v="RN1" /></way><way id="189714638"><nd ref="-3058" /><nd ref="-3059" /><nd ref="-3060" /><nd ref="-3061" /><nd ref="-3062" /><nd ref="-2991" /><tag k="highway" v="primary" /><tag k="int_ref" v="TAH 1" /><tag k="lanes" v="1" /><tag k="maxspeed" v="50" /><tag k="name" v="الطريق الوطنية تونس - رأس جدير" /><tag k="name:ar" v="الطريق الوطنية تونس - رأس جدير" /><tag k="name:fr" v="Route Nationale Tunis - Ras Jedir" /><tag k="oneway" v="yes" /><tag k="ref" v="RN1" /></way><way id="189714643"><nd ref="-3063" /><nd ref="-3064" /><nd ref="-3065" /><nd ref="-3066" /><nd ref="-3067" /><tag k="highway" v="primary" /><tag k="int_ref" v="TAH 1" /><tag k="lanes" v="1" /><tag k="maxspeed" v="50" /><tag k="name" v="الطريق الوطنية تونس - رأس جدير" /><tag k="name:ar" v="الطريق الوطنية تونس - رأس جدير" /><tag k="name:fr" v="Route Nationale Tunis - Ras Jedir" /><tag k="oneway" v="yes" /><tag k="ref" v="RN1" /></way><way id="205933161"><nd ref="-3068" /><nd ref="-3069" /><nd ref="-3070" /><nd ref="-3071" /><nd ref="-3072" /><nd ref="-3073" /><nd ref="-3074" /><nd ref="-3075" /><nd ref="-3076" /><nd ref="-3077" /><nd ref="-3078" /><nd ref="-3079" /><tag k="highway" v="residential" /><tag k="oneway" v="yes" /></way><way id="205935262"><nd ref="-3080" /><nd ref="-3081" /><nd ref="-3082" /><nd ref="-3083" /><nd ref="-3084" /><nd ref="-3085" /><nd ref="-3086" /><nd ref="-3087" /><nd ref="-3088" /><nd ref="-3089" /><nd ref="-3090" /><nd ref="-3091" /><nd ref="-3092" /><nd ref="-3093" /><nd ref="-3094" /><tag k="highway" v="residential" /></way><way id="205935405"><nd ref="-3004" /><nd ref="-3095" /><nd ref="-3096" /><nd ref="-3097" /><nd ref="-3098" /><nd ref="-3099" /><nd ref="-3100" /><nd ref="-3080" /><nd ref="-3101" /><nd ref="-3102" /><nd ref="-3103" /><nd ref="-3104" /><nd ref="-3105" /><nd ref="-3106" /><nd ref="-3107" /><nd ref="-3108" /><nd ref="-951" /><tag k="highway" v="residential" /><tag k="name" v="نهج الهند" /><tag k="name:ar" v="نهج الهند" /><tag k="name:fr" v="Rue de l'Inde" /></way><way id="245250305"><nd ref="-839" /><nd ref="-3109" /><nd ref="-3110" /><nd ref="-3111" /><nd ref="-3112" /><nd ref="-3113" /><nd ref="-3114" /><nd ref="-3115" /><nd ref="-3116" /><nd ref="-1286" /><nd ref="-3117" /><nd ref="-1287" /><nd ref="-1269" /><nd ref="-1293" /><nd ref="-1261" /><nd ref="-3118" /><nd ref="-1271" /><nd ref="-1302" /><nd ref="-3119" /><nd ref="-802" /><nd ref="-3120" /><nd ref="-1259" /><nd ref="-1256" /><nd ref="-3121" /><nd ref="-3122" /><nd ref="-1367" /><nd ref="-1546" /><nd ref="-1329" /><nd ref="-1330" /><nd ref="-3123" /><nd ref="-3124" /><nd ref="-3125" /><nd ref="-3126" /><nd ref="-3127" /><nd ref="-3128" /><nd ref="-2176" /><nd ref="-1551" /><nd ref="-3129" /><nd ref="-2183" /><nd ref="-3130" /><nd ref="-3131" /><nd ref="-3132" /><nd ref="-3133" /><nd ref="-1889" /><nd ref="-3134" /><nd ref="-3135" /><nd ref="-3136" /><nd ref="-3137" /><nd ref="-3138" /><nd ref="-3139" /><nd ref="-2152" /><nd ref="-3140" /><nd ref="-3141" /><nd ref="-3142" /><nd ref="-2040" /><nd ref="-1646" /><nd ref="-2051" /><nd ref="-2053" /><nd ref="-3143" /><nd ref="-2266" /><nd ref="-3144" /><nd ref="-2071" /><nd ref="-3145" /><nd ref="-3146" /><nd ref="-3147" /><nd ref="-3148" /><nd ref="-3149" /><nd ref="-3150" /><nd ref="-3151" /><nd ref="-3050" /><tag k="highway" v="primary" /><tag k="int_ref" v="TAH 1" /><tag k="lanes" v="2" /><tag k="maxspeed" v="50" /><tag k="name" v="الطريق الوطنية تونس - رأس جدير" /><tag k="name:ar" v="الطريق الوطنية تونس - رأس جدير" /><tag k="name:fr" v="Route Nationale Tunis - Ras Jedir" /><tag k="ref" v="RN1" /></way><way id="245316913"><nd ref="-3152" /><nd ref="-3153" /><nd ref="-3154" /><nd ref="-3155" /><nd ref="-3156" /><nd ref="-3157" /><nd ref="-3158" /><nd ref="-3159" /><nd ref="-3160" /><nd ref="-3161" /><nd ref="-3051" /><nd ref="-3162" /><nd ref="-3163" /><nd ref="-3164" /><nd ref="-3165" /><nd ref="-3166" /><nd ref="-3167" /><nd ref="-3168" /><nd ref="-3169" /><nd ref="-3170" /><nd ref="-3171" /><nd ref="-3172" /><nd ref="-3047" /><nd ref="-3152" /><tag k="highway" v="primary" /><tag k="junction" v="roundabout" /><tag k="lanes" v="1" /><tag k="maxspeed" v="30" /><tag k="oneway" v="yes" /><tag k="ref" v="RN1" /></way><way id="245316954"><nd ref="-3057" /><nd ref="-3173" /><nd ref="-3174" /><nd ref="-3175" /><nd ref="-3176" /><nd ref="-3177" /><tag k="highway" v="primary" /><tag k="int_ref" v="TAH 1" /><tag k="lanes" v="2" /><tag k="maxspeed" v="50" /><tag k="name" v="الطريق الوطنية تونس - رأس جدير" /><tag k="name:ar" v="الطريق الوطنية تونس - رأس جدير" /><tag k="name:fr" v="Route Nationale Tunis - Ras Jedir" /><tag k="ref" v="RN1" /></way><way id="246625392"><nd ref="-1478" /><nd ref="-3178" /><nd ref="-3179" /><nd ref="-3180" /><nd ref="-3181" /><nd ref="-3182" /><nd ref="-3183" /><nd ref="-3184" /><nd ref="-3185" /><tag k="highway" v="primary" /><tag k="int_ref" v="TAH 1" /><tag k="lanes" v="1" /><tag k="maxspeed" v="50" /><tag k="name" v="الطريق الوطنية تونس - رأس جدير" /><tag k="name:ar" v="الطريق الوطنية تونس - رأس جدير" /><tag k="name:fr" v="Route Nationale Tunis - Ras Jedir" /><tag k="oneway" v="yes" /><tag k="ref" v="RN1" /></way><way id="248819848"><nd ref="-3050" /><nd ref="-3186" /><nd ref="-3187" /><nd ref="-3188" /><nd ref="-3156" /><tag k="highway" v="primary" /><tag k="int_ref" v="TAH 1" /><tag k="lanes" v="1" /><tag k="maxspeed" v="50" /><tag k="name" v="الطريق الوطنية تونس - رأس جدير" /><tag k="name:ar" v="الطريق الوطنية تونس - رأس جدير" /><tag k="name:fr" v="Route Nationale Tunis - Ras Jedir" /><tag k="oneway" v="yes" /><tag k="ref" v="RN1" /></way><way id="248819849"><nd ref="-3057" /><nd ref="-3189" /><nd ref="-3190" /><nd ref="-3191" /><nd ref="-3166" /><tag k="highway" v="primary" /><tag k="int_ref" v="TAH 1" /><tag k="lanes" v="1" /><tag k="maxspeed" v="50" /><tag k="name" v="الطريق الوطنية تونس - رأس جدير" /><tag k="name:ar" v="الطريق الوطنية تونس - رأس جدير" /><tag k="name:fr" v="Route Nationale Tunis - Ras Jedir" /><tag k="oneway" v="yes" /><tag k="ref" v="RN1" /></way><way id="248819850"><nd ref="-3067" /><nd ref="-3192" /><nd ref="-3193" /><nd ref="-3194" /><tag k="highway" v="primary" /><tag k="int_ref" v="TAH 1" /><tag k="lanes" v="1" /><tag k="maxspeed" v="50" /><tag k="name" v="الطريق الوطنية تونس - رأس جدير" /><tag k="name:ar" v="الطريق الوطنية تونس - رأس جدير" /><tag k="name:fr" v="Route Nationale Tunis - Ras Jedir" /><tag k="oneway" v="yes" /><tag k="ref" v="RN1" /></way><way id="248819853"><nd ref="-2991" /><nd ref="-3195" /><nd ref="-3196" /><nd ref="-3197" /><nd ref="-3198" /><nd ref="-3199" /><nd ref="-3200" /><tag k="highway" v="primary" /><tag k="int_ref" v="TAH 1" /><tag k="lanes" v="1" /><tag k="maxspeed" v="50" /><tag k="name" v="الطريق الوطنية تونس - رأس جدير" /><tag k="name:ar" v="الطريق الوطنية تونس - رأس جدير" /><tag k="name:fr" v="Route Nationale Tunis - Ras Jedir" /><tag k="oneway" v="yes" /><tag k="ref" v="RN1" /></way><way id="252965647"><nd ref="-2708" /><nd ref="-3201" /><nd ref="-3202" /><nd ref="-3203" /><nd ref="-3204" /><nd ref="-2769" /><tag k="highway" v="unclassified" /><tag k="name" v="نهج عبيد الله المهدي" /><tag k="name:ar" v="نهج عبيد الله المهدي" /><tag k="name:fr" v="Rue Oubeid Allah El Mehdi" /><tag k="oneway" v="yes" /></way><way id="252965706"><nd ref="-2314" /><nd ref="-3205" /><nd ref="-3206" /><nd ref="-3207" /><nd ref="-3208" /><nd ref="-2808" /><nd ref="-3209" /><nd ref="-3210" /><nd ref="-3211" /><nd ref="-3212" /><nd ref="-3213" /><nd ref="-3214" /><nd ref="-3215" /><nd ref="-3216" /><nd ref="-3217" /><nd ref="-3218" /><nd ref="-2807" /><nd ref="-3219" /><nd ref="-3220" /><nd ref="-3221" /><nd ref="-3222" /><nd ref="-3223" /><nd ref="-3224" /><nd ref="-3225" /><nd ref="-3226" /><nd ref="-3227" /><nd ref="-3228" /><nd ref="-3229" /><nd ref="-3230" /><nd ref="-3231" /><nd ref="-3232" /><nd ref="-3233" /><nd ref="-3234" /><nd ref="-3235" /><nd ref="-3236" /><nd ref="-3237" /><nd ref="-3238" /><nd ref="-3239" /><nd ref="-3240" /><nd ref="-3241" /><nd ref="-3242" /><nd ref="-3243" /><nd ref="-3244" /><nd ref="-3245" /><nd ref="-3246" /><nd ref="-3247" /><nd ref="-3248" /><nd ref="-3249" /><nd ref="-3250" /><nd ref="-3251" /><nd ref="-3252" /><nd ref="-3253" /><nd ref="-3254" /><nd ref="-3255" /><nd ref="-3256" /><nd ref="-3257" /><nd ref="-3258" /><nd ref="-3259" /><nd ref="-3260" /><nd ref="-3261" /><nd ref="-3262" /><nd ref="-3263" /><nd ref="-3264" /><nd ref="-3265" /><nd ref="-3266" /><nd ref="-3267" /><nd ref="-3268" /><nd ref="-3269" /><nd ref="-3270" /><nd ref="-3271" /><nd ref="-3272" /><tag k="highway" v="secondary" /><tag k="lanes" v="2" /><tag k="maxspeed" v="50" /><tag k="name" v="شارع المختار الزيادي" /><tag k="name:ar" v="شارع المختار الزيادي" /><tag k="name:fr" v="Avenue Mokhtar Ziadi" /><tag k="source" v="yahoo" /></way><way id="252981203"><nd ref="-3273" /><nd ref="-3274" /><tag k="highway" v="residential" /><tag k="lanes" v="2" /></way><way id="252981204"><nd ref="-3275" /><nd ref="-1636" /><tag k="highway" v="residential" /><tag k="lanes" v="2" /><tag k="name" v="نهج 5057" /><tag k="name:ar" v="نهج 5057" /><tag k="name:fr" v="Rue 5057" /></way><way id="252981207"><nd ref="-3276" /><nd ref="-3277" /><nd ref="-3278" /><nd ref="-3279" /><nd ref="-3280" /><nd ref="-3281" /><nd ref="-3282" /><nd ref="-3283" /><nd ref="-3284" /><nd ref="-3285" /><nd ref="-3286" /><nd ref="-3287" /><tag k="highway" v="residential" /></way><way id="252981214"><nd ref="-1669" /><nd ref="-3288" /><tag k="highway" v="residential" /><tag k="lanes" v="1" /><tag k="name" v="نهج 689" /><tag k="name:ar" v="نهج 689" /><tag k="name:fr" v="Rue 689" /></way><way id="252981219"><nd ref="-3289" /><nd ref="-3290" /><tag k="highway" v="residential" /><tag k="lanes" v="1" /></way><way id="252981221"><nd ref="-3291" /><nd ref="-3292" /><nd ref="-1628" /><tag k="highway" v="residential" /><tag k="lanes" v="1" /></way><way id="252981234"><nd ref="-1666" /><nd ref="-3293" /><nd ref="-3294" /><tag k="highway" v="residential" /><tag k="lanes" v="1" /></way><way id="252981241"><nd ref="-1668" /><nd ref="-3295" /><nd ref="-3296" /><nd ref="-3297" /><nd ref="-3298" /><nd ref="-3299" /><nd ref="-3300" /><tag k="highway" v="residential" /><tag k="lanes" v="1" /></way><way id="252981243"><nd ref="-1670" /><nd ref="-3301" /><tag k="highway" v="residential" /><tag k="lanes" v="1" /><tag k="name" v="نهج 693" /><tag k="name:ar" v="نهج 693" /><tag k="name:fr" v="Rue 693" /></way><way id="252981251"><nd ref="-1634" /><nd ref="-1618" /><tag k="highway" v="residential" /><tag k="lanes" v="1" /></way><way id="252981263"><nd ref="-3302" /><nd ref="-3303" /><nd ref="-3304" /><nd ref="-1625" /><tag k="highway" v="residential" /><tag k="lanes" v="1" /></way><way id="252981280"><nd ref="-1665" /><nd ref="-3305" /><nd ref="-3306" /><nd ref="-3307" /><nd ref="-3308" /><nd ref="-3309" /><tag k="highway" v="residential" /><tag k="lanes" v="1" /><tag k="name" v="نهج 647" /><tag k="name:ar" v="نهج 647" /><tag k="name:fr" v="Rue 647" /></way><way id="252981293"><nd ref="-3310" /><nd ref="-3311" /><nd ref="-3312" /><nd ref="-3313" /><nd ref="-3314" /><nd ref="-3315" /><nd ref="-1633" /><nd ref="-3316" /><nd ref="-3317" /><tag k="highway" v="residential" /><tag k="lanes" v="2" /><tag k="name" v="نهج غرناطة" /><tag k="name:ar" v="نهج غرناطة" /><tag k="name:fr" v="Rue de Grenade" /></way><way id="252981298"><nd ref="-1580" /><nd ref="-3318" /><nd ref="-3319" /><nd ref="-3320" /><nd ref="-3321" /><nd ref="-3322" /><nd ref="-3323" /><nd ref="-3324" /><nd ref="-3274" /><nd ref="-3325" /><nd ref="-3326" /><nd ref="-3327" /><nd ref="-3328" /><nd ref="-3329" /><nd ref="-3330" /><nd ref="-3331" /><tag k="highway" v="residential" /><tag k="lanes" v="2" /><tag k="name" v="نهج السنابل" /><tag k="name:ar" v="نهج السنابل" /><tag k="name:fr" v="Rue Essanabel" /></way><way id="262507916"><nd ref="-3332" /><nd ref="-3333" /><nd ref="-3334" /><nd ref="-3335" /><nd ref="-3336" /><nd ref="-3337" /><nd ref="-3338" /><tag k="highway" v="residential" /></way><way id="262507917"><nd ref="-2224" /><nd ref="-3339" /><nd ref="-3340" /><nd ref="-3341" /><tag k="highway" v="residential" /></way><way id="262507918"><nd ref="-2226" /><nd ref="-3342" /><nd ref="-3343" /><nd ref="-3344" /><nd ref="-3345" /><nd ref="-3341" /><tag k="highway" v="residential" /></way><way id="262507919"><nd ref="-3345" /><nd ref="-3346" /><nd ref="-3347" /><nd ref="-3348" /><nd ref="-3349" /><tag k="highway" v="residential" /></way><way id="262508560"><nd ref="-1906" /><nd ref="-3350" /><nd ref="-3351" /><nd ref="-3352" /><nd ref="-3353" /><nd ref="-3354" /><nd ref="-3355" /><nd ref="-3356" /><nd ref="-3357" /><nd ref="-3358" /><tag k="highway" v="residential" /></way><way id="262508562"><nd ref="-2001" /><nd ref="-3358" /><tag k="highway" v="residential" /><tag k="name" v="نهج 582" /><tag k="name:ar" v="نهج 582" /><tag k="name:fr" v="Rue 582" /></way><way id="320038566"><nd ref="-2032" /><nd ref="-3359" /><nd ref="-3360" /><nd ref="-3361" /><nd ref="-3362" /><nd ref="-3363" /><nd ref="-2852" /><nd ref="-3364" /><nd ref="-3365" /><tag k="highway" v="tertiary" /><tag k="name" v="نهج التضامن" /><tag k="name:ar" v="نهج التضامن" /><tag k="name:fr" v="Rue de la Solidarité" /></way><way id="320039138"><nd ref="-3366" /><nd ref="-3367" /><nd ref="-3368" /><nd ref="-3369" /><tag k="highway" v="residential" /></way><way id="320039427"><nd ref="-3370" /><nd ref="-3371" /><nd ref="-3372" /><nd ref="-3373" /><nd ref="-3374" /><nd ref="-3375" /><nd ref="-3376" /><nd ref="-3377" /><nd ref="-3378" /><nd ref="-3379" /><nd ref="-3380" /><nd ref="-3381" /><nd ref="-3382" /><nd ref="-3383" /><nd ref="-3384" /><tag k="highway" v="residential" /><tag k="name" v="نهج سيدي علي الكراي" /><tag k="name:ar" v="نهج سيدي علي الكراي" /><tag k="name:fr" v="Rue Sidi Ali El Karray" /></way><way id="320504994"><nd ref="-3385" /><nd ref="-3386" /><nd ref="-3387" /><nd ref="-3388" /><nd ref="-3389" /><nd ref="-3390" /><nd ref="-3391" /><nd ref="-3392" /><nd ref="-3393" /><nd ref="-3394" /><nd ref="-3395" /><nd ref="-3396" /><nd ref="-3397" /><nd ref="-3398" /><nd ref="-3399" /><nd ref="-3400" /><nd ref="-3401" /><nd ref="-3402" /><nd ref="-3403" /><nd ref="-3404" /><nd ref="-3405" /><nd ref="-3406" /><nd ref="-3407" /><nd ref="-3408" /><tag k="highway" v="residential" /></way><way id="320505898"><nd ref="-3409" /><nd ref="-3410" /><nd ref="-3411" /><nd ref="-3412" /><nd ref="-3413" /><nd ref="-3414" /><nd ref="-3415" /><nd ref="-3416" /><nd ref="-3417" /><nd ref="-3418" /><nd ref="-3419" /><nd ref="-3420" /><nd ref="-2754" /><tag k="highway" v="residential" /></way><way id="320505899"><nd ref="-3421" /><nd ref="-3422" /><nd ref="-3423" /><nd ref="-3424" /><nd ref="-3425" /><nd ref="-3426" /><nd ref="-3427" /><nd ref="-3428" /><nd ref="-3429" /><nd ref="-3430" /><nd ref="-3431" /><nd ref="-3432" /><nd ref="-3433" /><tag k="highway" v="living_street" /></way><way id="320505900"><nd ref="-631" /><nd ref="-3434" /><nd ref="-3435" /><tag k="highway" v="living_street" /></way><way id="320505901"><nd ref="-3436" /><nd ref="-3437" /><nd ref="-3438" /><nd ref="-3439" /><nd ref="-3440" /><nd ref="-3430" /><nd ref="-3441" /><tag k="highway" v="living_street" /></way><way id="320506309"><nd ref="-3178" /><nd ref="-3442" /><nd ref="-3443" /><nd ref="-3444" /><nd ref="-3445" /><nd ref="-3446" /><nd ref="-3447" /><nd ref="-3448" /><nd ref="-3449" /><nd ref="-3450" /><nd ref="-3451" /><nd ref="-3452" /><nd ref="-3453" /><nd ref="-3454" /><nd ref="-3455" /><nd ref="-3456" /><nd ref="-3457" /><nd ref="-3458" /><nd ref="-3459" /><nd ref="-3460" /><nd ref="-3461" /><nd ref="-3462" /><nd ref="-3463" /><nd ref="-3464" /><nd ref="-3465" /><nd ref="-3466" /><nd ref="-3467" /><nd ref="-3468" /><nd ref="-3469" /><nd ref="-3470" /><nd ref="-3471" /><nd ref="-3472" /><nd ref="-3473" /><nd ref="-3474" /><nd ref="-3475" /><nd ref="-3476" /><nd ref="-3477" /><nd ref="-3478" /><nd ref="-3479" /><nd ref="-3480" /><nd ref="-3481" /><nd ref="-3482" /><nd ref="-3483" /><nd ref="-3484" /><nd ref="-3485" /><nd ref="-3486" /><nd ref="-3487" /><nd ref="-3488" /><nd ref="-3489" /><nd ref="-3490" /><nd ref="-3491" /><nd ref="-3492" /><nd ref="-3493" /><nd ref="-3494" /><nd ref="-3495" /><nd ref="-3496" /><nd ref="-3497" /><nd ref="-3498" /><nd ref="-3499" /><nd ref="-3500" /><nd ref="-3501" /><nd ref="-3502" /><nd ref="-3503" /><nd ref="-3504" /><nd ref="-3505" /><nd ref="-3506" /><nd ref="-3507" /><nd ref="-3508" /><nd ref="-3509" /><nd ref="-3510" /><nd ref="-3511" /><nd ref="-3512" /><nd ref="-3513" /><nd ref="-3514" /><nd ref="-3515" /><nd ref="-3516" /><nd ref="-3517" /><nd ref="-3518" /><nd ref="-3519" /><nd ref="-3520" /><nd ref="-3521" /><nd ref="-3522" /><nd ref="-3523" /><nd ref="-3524" /><nd ref="-3525" /><nd ref="-3526" /><nd ref="-3527" /><nd ref="-3528" /><nd ref="-3529" /><nd ref="-3530" /><nd ref="-3531" /><nd ref="-3532" /><nd ref="-3533" /><nd ref="-3534" /><nd ref="-3535" /><nd ref="-3536" /><nd ref="-3537" /><nd ref="-3538" /><nd ref="-3539" /><nd ref="-3540" /><nd ref="-3541" /><nd ref="-3542" /><nd ref="-3543" /><nd ref="-3544" /><nd ref="-3545" /><nd ref="-3546" /><nd ref="-3547" /><nd ref="-3548" /><nd ref="-3549" /><nd ref="-3550" /><tag k="highway" v="unclassified" /></way><way id="320506491"><nd ref="-3551" /><nd ref="-3552" /><nd ref="-3553" /><nd ref="-3554" /><nd ref="-3555" /><nd ref="-3556" /><nd ref="-3557" /><nd ref="-3558" /><nd ref="-3559" /><nd ref="-3560" /><nd ref="-3561" /><nd ref="-3562" /><nd ref="-3563" /><nd ref="-3564" /><nd ref="-3565" /><nd ref="-3566" /><nd ref="-3567" /><nd ref="-3568" /><nd ref="-3569" /><nd ref="-3570" /><nd ref="-3571" /><nd ref="-3572" /><nd ref="-3573" /><nd ref="-3574" /><nd ref="-3575" /><nd ref="-3576" /><nd ref="-3577" /><nd ref="-3578" /><nd ref="-3579" /><nd ref="-3580" /><nd ref="-3581" /><nd ref="-3582" /><nd ref="-3583" /><nd ref="-3584" /><nd ref="-3585" /><nd ref="-3586" /><nd ref="-3587" /><nd ref="-3588" /><nd ref="-3589" /><nd ref="-3590" /><nd ref="-3591" /><nd ref="-3592" /><nd ref="-3593" /><nd ref="-3594" /><nd ref="-3595" /><nd ref="-3596" /><nd ref="-3597" /><nd ref="-3598" /><nd ref="-3599" /><nd ref="-3600" /><nd ref="-3601" /><nd ref="-3602" /><nd ref="-3603" /><nd ref="-3604" /><nd ref="-3605" /><nd ref="-3606" /><nd ref="-3607" /><nd ref="-3608" /><nd ref="-3609" /><nd ref="-3610" /><nd ref="-3611" /><nd ref="-3545" /><tag k="highway" v="residential" /></way><way id="320506754"><nd ref="-3551" /><nd ref="-2853" /><nd ref="-3612" /><nd ref="-3613" /><nd ref="-3614" /><nd ref="-3615" /><nd ref="-3616" /><nd ref="-3617" /><nd ref="-3618" /><nd ref="-3619" /><nd ref="-3620" /><nd ref="-3621" /><nd ref="-3622" /><nd ref="-3623" /><nd ref="-3624" /><nd ref="-3625" /><nd ref="-3626" /><nd ref="-3627" /><nd ref="-3628" /><nd ref="-3629" /><nd ref="-3630" /><nd ref="-3631" /><nd ref="-3632" /><nd ref="-3633" /><nd ref="-3634" /><nd ref="-3635" /><nd ref="-3636" /><nd ref="-3637" /><nd ref="-3638" /><nd ref="-3639" /><nd ref="-3640" /><nd ref="-3641" /><nd ref="-3642" /><tag k="highway" v="residential" /></way><way id="320506985"><nd ref="-3061" /><nd ref="-3643" /><nd ref="-3644" /><nd ref="-3645" /><nd ref="-3646" /><nd ref="-3647" /><nd ref="-3648" /><nd ref="-3624" /><tag k="highway" v="residential" /></way><way id="320506986"><nd ref="-3647" /><nd ref="-2993" /><tag k="highway" v="residential" /></way><way id="320507135"><nd ref="-3649" /><nd ref="-3650" /><nd ref="-3651" /><nd ref="-3652" /><nd ref="-3653" /><nd ref="-3654" /><nd ref="-3655" /><nd ref="-3656" /><nd ref="-3657" /><tag k="highway" v="living_street" /></way><way id="320507136"><nd ref="-3621" /><nd ref="-3658" /><nd ref="-3659" /><nd ref="-3660" /><nd ref="-3661" /><nd ref="-3662" /><nd ref="-3663" /><nd ref="-3664" /><nd ref="-3665" /><nd ref="-3666" /><nd ref="-3667" /><nd ref="-3668" /><nd ref="-3669" /><nd ref="-3670" /><nd ref="-3671" /><nd ref="-3672" /><nd ref="-3673" /><nd ref="-3674" /><nd ref="-3675" /><nd ref="-3676" /><nd ref="-3677" /><nd ref="-3678" /><nd ref="-3679" /><nd ref="-3680" /><nd ref="-3681" /><nd ref="-3682" /><nd ref="-3683" /><nd ref="-3684" /><nd ref="-3685" /><nd ref="-3686" /><nd ref="-3687" /><nd ref="-3688" /><nd ref="-3689" /><nd ref="-3690" /><nd ref="-3691" /><nd ref="-3692" /><nd ref="-3693" /><nd ref="-3694" /><nd ref="-3695" /><nd ref="-3696" /><nd ref="-3697" /><tag k="highway" v="residential" /><tag k="name" v="نهج الجريد" /><tag k="name:ar" v="نهج الجريد" /><tag k="name:fr" v="Rue El Jarid" /></way><way id="320507340"><nd ref="-3698" /><nd ref="-3699" /><nd ref="-3700" /><nd ref="-3701" /><nd ref="-3702" /><nd ref="-3703" /><nd ref="-3704" /><nd ref="-3705" /><nd ref="-3706" /><nd ref="-3707" /><nd ref="-3708" /><nd ref="-3709" /><nd ref="-743" /><tag k="highway" v="residential" /></way><way id="320507341"><nd ref="-639" /><nd ref="-3710" /><nd ref="-3703" /><tag k="highway" v="living_street" /></way><way id="320507342"><nd ref="-640" /><nd ref="-3711" /><nd ref="-3712" /><nd ref="-3713" /><nd ref="-3714" /><nd ref="-3715" /><nd ref="-3716" /><nd ref="-3717" /><nd ref="-3718" /><nd ref="-3719" /><nd ref="-3720" /><nd ref="-3721" /><nd ref="-3722" /><tag k="highway" v="living_street" /></way><way id="320507343"><nd ref="-647" /><nd ref="-3723" /><nd ref="-3724" /><nd ref="-3725" /><tag k="highway" v="living_street" /></way><way id="320507716"><nd ref="-2744" /><nd ref="-3726" /><nd ref="-3727" /><nd ref="-3728" /><nd ref="-3729" /><nd ref="-3417" /><tag k="highway" v="residential" /></way><way id="320507717"><nd ref="-2752" /><nd ref="-3730" /><nd ref="-3731" /><nd ref="-3732" /><nd ref="-3727" /><nd ref="-3733" /><nd ref="-3734" /><nd ref="-3735" /><nd ref="-3736" /><nd ref="-3737" /><nd ref="-3414" /><tag k="highway" v="residential" /></way><way id="320507720"><nd ref="-3738" /><nd ref="-3739" /><nd ref="-3740" /><nd ref="-3741" /><nd ref="-3742" /><nd ref="-3743" /><nd ref="-3744" /><tag k="highway" v="living_street" /></way><way id="320510077"><nd ref="-3705" /><nd ref="-3745" /><nd ref="-648" /><tag k="highway" v="living_street" /></way><way id="320510078"><nd ref="-3746" /><nd ref="-3747" /><nd ref="-3748" /><nd ref="-3749" /><nd ref="-3750" /><nd ref="-3751" /><nd ref="-650" /><tag k="highway" v="living_street" /></way><way id="320510553"><nd ref="-3752" /><nd ref="-3753" /><nd ref="-3754" /><nd ref="-3755" /><nd ref="-3706" /><tag k="highway" v="living_street" /></way><way id="320510554"><nd ref="-3756" /><nd ref="-3757" /><nd ref="-3758" /><nd ref="-3759" /><nd ref="-3760" /><nd ref="-3761" /><nd ref="-3762" /><tag k="highway" v="living_street" /></way><way id="320510555"><nd ref="-3763" /><nd ref="-3764" /><tag k="highway" v="living_street" /><tag k="surface" v="paving_stones" /></way><way id="320510556"><nd ref="-3765" /><nd ref="-3766" /><nd ref="-3767" /><tag k="highway" v="living_street" /></way><way id="320510571"><nd ref="-646" /><nd ref="-3768" /><nd ref="-3769" /><nd ref="-3770" /><nd ref="-3771" /><tag k="highway" v="living_street" /></way><way id="320510637"><nd ref="-3439" /><nd ref="-3772" /><nd ref="-3773" /><nd ref="-3774" /><nd ref="-3775" /><nd ref="-3423" /><tag k="highway" v="residential" /></way><way id="320510640"><nd ref="-3774" /><nd ref="-3776" /><tag k="highway" v="residential" /></way><way id="320510641"><nd ref="-3772" /><nd ref="-3777" /><nd ref="-3778" /><tag k="highway" v="living_street" /></way><way id="320511336"><nd ref="-3498" /><nd ref="-3779" /><nd ref="-3780" /><nd ref="-3781" /><nd ref="-3782" /><nd ref="-3783" /><nd ref="-3784" /><nd ref="-3785" /><nd ref="-3786" /><nd ref="-3787" /><nd ref="-3788" /><nd ref="-3789" /><nd ref="-3790" /><nd ref="-3791" /><nd ref="-3792" /><nd ref="-3793" /><nd ref="-3794" /><nd ref="-3795" /><nd ref="-3796" /><nd ref="-3797" /><nd ref="-3798" /><nd ref="-3799" /><nd ref="-3800" /><nd ref="-3801" /><nd ref="-3802" /><nd ref="-3803" /><nd ref="-3804" /><nd ref="-3805" /><nd ref="-3806" /><nd ref="-3807" /><nd ref="-3808" /><nd ref="-3809" /><nd ref="-3810" /><nd ref="-3811" /><nd ref="-3812" /><nd ref="-3813" /><nd ref="-3814" /><nd ref="-3815" /><nd ref="-3816" /><nd ref="-3817" /><nd ref="-3818" /><nd ref="-3819" /><nd ref="-3820" /><nd ref="-3821" /><nd ref="-3822" /><nd ref="-3823" /><nd ref="-3824" /><nd ref="-3825" /><nd ref="-3826" /><nd ref="-3827" /><nd ref="-3828" /><nd ref="-3829" /><nd ref="-3830" /><nd ref="-3831" /><nd ref="-3832" /><nd ref="-3833" /><nd ref="-3834" /><nd ref="-3835" /><nd ref="-3836" /><nd ref="-3837" /><nd ref="-3838" /><nd ref="-3839" /><nd ref="-3840" /><nd ref="-3841" /><nd ref="-3842" /><nd ref="-3843" /><nd ref="-3579" /><tag k="highway" v="residential" /></way><way id="320511584"><nd ref="-3844" /><nd ref="-3845" /><nd ref="-3846" /><nd ref="-3847" /><nd ref="-3848" /><nd ref="-3849" /><nd ref="-3850" /><nd ref="-3851" /><nd ref="-3852" /><nd ref="-3853" /><tag k="highway" v="residential" /><tag k="name" v="مدخل الحبيب" /><tag k="name:ar" v="مدخل الحبيب" /><tag k="sidewalk" v="no" /><tag k="smoothness" v="bad" /><tag k="surface" v="ground" /></way><way id="320511585"><nd ref="-3854" /><nd ref="-3855" /><nd ref="-3856" /><nd ref="-3857" /><nd ref="-3858" /><nd ref="-3859" /><nd ref="-3860" /><nd ref="-3861" /><nd ref="-3862" /><nd ref="-3863" /><tag k="highway" v="residential" /><tag k="name" v="نهج الإدريس الأكبر" /><tag k="name:ar" v="نهج الإدريس الأكبر" /><tag k="sidewalk" v="no" /><tag k="smoothness" v="intermediate" /><tag k="surface" v="tricouche" /></way><way id="320511586"><nd ref="-3864" /><nd ref="-3865" /><nd ref="-3866" /><nd ref="-3867" /><nd ref="-3868" /><nd ref="-3869" /><nd ref="-3870" /><nd ref="-3871" /><nd ref="-3872" /><nd ref="-3873" /><nd ref="-3874" /><nd ref="-3875" /><nd ref="-3876" /><nd ref="-3877" /><nd ref="-3878" /><nd ref="-3879" /><nd ref="-3880" /><tag k="highway" v="residential" /><tag k="name" v="مدخل الخراط" /><tag k="name:ar" v="مدخل الخراط" /><tag k="sidewalk" v="no" /><tag k="smoothness" v="intermediate" /><tag k="start_date" v="2019" /><tag k="surface" v="tricouche" /></way><way id="320512288"><nd ref="-3881" /><nd ref="-3882" /><nd ref="-3883" /><nd ref="-3884" /><nd ref="-3885" /><nd ref="-3886" /><nd ref="-3887" /><nd ref="-3888" /><nd ref="-3889" /><nd ref="-3890" /><nd ref="-3891" /><nd ref="-3892" /><nd ref="-3893" /><nd ref="-3894" /><nd ref="-3895" /><nd ref="-3896" /><nd ref="-3897" /><nd ref="-3898" /><nd ref="-3899" /><nd ref="-3900" /><nd ref="-465" /><tag k="highway" v="residential" /><tag k="name" v="شارع الاستقلال" /><tag k="name:ar" v="شارع الاستقلال" /><tag k="name:fr" v="Avenue de l'Indépendance" /><tag k="sidewalk" v="yes" /><tag k="smoothness" v="intermediate" /><tag k="surface" v="tricouche" /></way><way id="320512703"><nd ref="-3032" /><nd ref="-3901" /><nd ref="-3902" /><nd ref="-3903" /><nd ref="-3904" /><nd ref="-3905" /><nd ref="-3906" /><nd ref="-3907" /><nd ref="-3908" /><nd ref="-3909" /><nd ref="-3910" /><nd ref="-3911" /><nd ref="-3912" /><nd ref="-3913" /><nd ref="-3914" /><nd ref="-3915" /><nd ref="-3079" /><nd ref="-876" /><nd ref="-3916" /><nd ref="-3917" /><nd ref="-3918" /><nd ref="-3919" /><nd ref="-3920" /><nd ref="-3921" /><nd ref="-3922" /><nd ref="-3923" /><nd ref="-3924" /><nd ref="-3925" /><nd ref="-3926" /><nd ref="-3927" /><nd ref="-3928" /><nd ref="-3929" /><nd ref="-3930" /><nd ref="-3931" /><nd ref="-3932" /><nd ref="-3933" /><nd ref="-3934" /><nd ref="-3935" /><nd ref="-3936" /><nd ref="-3937" /><nd ref="-3938" /><nd ref="-3939" /><nd ref="-3940" /><nd ref="-3941" /><nd ref="-3942" /><nd ref="-3943" /><nd ref="-3944" /><nd ref="-3945" /><nd ref="-3946" /><nd ref="-3947" /><nd ref="-3948" /><nd ref="-3949" /><nd ref="-3950" /><nd ref="-3951" /><nd ref="-3952" /><nd ref="-3953" /><nd ref="-3954" /><nd ref="-3955" /><nd ref="-3956" /><nd ref="-3957" /><nd ref="-3958" /><tag k="highway" v="tertiary" /></way><way id="320512704"><nd ref="-3959" /><nd ref="-3960" /><nd ref="-3961" /><nd ref="-3962" /><nd ref="-3963" /><nd ref="-3964" /><nd ref="-882" /><tag k="highway" v="residential" /><tag k="oneway" v="yes" /></way><way id="320513245"><nd ref="-3965" /><nd ref="-3966" /><nd ref="-3967" /><nd ref="-3968" /><nd ref="-3969" /><nd ref="-3970" /><nd ref="-3971" /><nd ref="-3972" /><nd ref="-3019" /><tag k="highway" v="residential" /></way><way id="320513246"><nd ref="-934" /><nd ref="-3973" /><nd ref="-3974" /><nd ref="-3969" /><nd ref="-3975" /><nd ref="-3976" /><nd ref="-3977" /><nd ref="-3978" /><nd ref="-3979" /><nd ref="-3980" /><nd ref="-3981" /><nd ref="-3982" /><nd ref="-3983" /><nd ref="-3984" /><nd ref="-3985" /><nd ref="-3986" /><nd ref="-3914" /><tag k="highway" v="residential" /></way><way id="320515494"><nd ref="-3987" /><nd ref="-3988" /><nd ref="-3989" /><nd ref="-3990" /><nd ref="-3991" /><nd ref="-3971" /><tag k="highway" v="residential" /></way><way id="320515677"><nd ref="-883" /><nd ref="-3992" /><nd ref="-3993" /><nd ref="-3994" /><nd ref="-3995" /><nd ref="-987" /><nd ref="-3996" /><tag k="highway" v="residential" /></way><way id="320515683"><nd ref="-3997" /><nd ref="-953" /><nd ref="-3998" /><nd ref="-874" /><nd ref="-3999" /><nd ref="-4000" /><nd ref="-4001" /><nd ref="-4002" /><nd ref="-546" /><tag k="highway" v="tertiary" /><tag k="oneway" v="yes" /><tag k="source" v="yahoo" /></way><way id="320516453"><nd ref="-2996" /><nd ref="-4003" /><nd ref="-4004" /><nd ref="-4005" /><nd ref="-4006" /><nd ref="-4007" /><nd ref="-4008" /><nd ref="-4009" /><nd ref="-4010" /><nd ref="-4011" /><nd ref="-4012" /><nd ref="-4013" /><nd ref="-4014" /><nd ref="-4015" /><nd ref="-1031" /><nd ref="-921" /><tag k="highway" v="residential" /></way><way id="320516454"><nd ref="-2998" /><nd ref="-4016" /><nd ref="-4017" /><nd ref="-4018" /><nd ref="-949" /><nd ref="-4019" /><nd ref="-4020" /><nd ref="-4021" /><nd ref="-907" /><tag k="highway" v="residential" /></way><way id="320516455"><nd ref="-3001" /><nd ref="-4022" /><nd ref="-4023" /><nd ref="-4024" /><nd ref="-4025" /><nd ref="-4026" /><nd ref="-4027" /><nd ref="-4028" /><nd ref="-4029" /><nd ref="-3105" /><tag k="highway" v="residential" /></way><way id="320516456"><nd ref="-3616" /><nd ref="-4030" /><nd ref="-4031" /><nd ref="-4032" /><nd ref="-4033" /><tag k="highway" v="residential" /></way><way id="320516550"><nd ref="-875" /><nd ref="-4034" /><nd ref="-4035" /><nd ref="-4036" /><nd ref="-4037" /><nd ref="-3102" /><tag k="highway" v="residential" /></way><way id="320516845"><nd ref="-2734" /><nd ref="-4038" /><nd ref="-4039" /><nd ref="-4040" /><nd ref="-4041" /><nd ref="-4042" /><nd ref="-4043" /><nd ref="-4044" /><nd ref="-4045" /><nd ref="-4046" /><nd ref="-4047" /><nd ref="-4048" /><nd ref="-3409" /><nd ref="-4049" /><nd ref="-4050" /><nd ref="-4051" /><nd ref="-1547" /><nd ref="-4052" /><nd ref="-4053" /><nd ref="-4054" /><nd ref="-4055" /><nd ref="-4056" /><nd ref="-4057" /><nd ref="-4058" /><nd ref="-4059" /><nd ref="-4060" /><tag k="bicycle" v="yes" /><tag k="foot" v="yes" /><tag k="highway" v="tertiary" /><tag k="horse" v="yes" /></way><way id="320524638"><nd ref="-4061" /><nd ref="-4062" /><nd ref="-4063" /><nd ref="-4064" /><nd ref="-4065" /><nd ref="-4066" /><nd ref="-4067" /><tag k="highway" v="residential" /></way><way id="320525085"><nd ref="-2945" /><nd ref="-4068" /><nd ref="-4069" /><nd ref="-4070" /><nd ref="-4071" /><nd ref="-4072" /><nd ref="-4073" /><nd ref="-4074" /><nd ref="-4075" /><nd ref="-4076" /><nd ref="-4077" /><nd ref="-4078" /><nd ref="-4079" /><nd ref="-4080" /><nd ref="-4081" /><nd ref="-4082" /><nd ref="-4083" /><tag k="highway" v="residential" /><tag k="name" v="نهج علي بن غذاهم" /><tag k="name:fr" v="Rue Ali Ben Ghedhahem" /></way><way id="320525090"><nd ref="-2929" /><nd ref="-4084" /><nd ref="-4085" /><nd ref="-4086" /><tag k="highway" v="residential" /></way><way id="320525392"><nd ref="-4087" /><nd ref="-4088" /><nd ref="-4089" /><nd ref="-4090" /><nd ref="-4091" /><nd ref="-4092" /><nd ref="-4093" /><nd ref="-4094" /><nd ref="-4095" /><nd ref="-4096" /><nd ref="-4097" /><nd ref="-4098" /><nd ref="-4099" /><nd ref="-4100" /><nd ref="-4101" /><nd ref="-4102" /><nd ref="-4103" /><nd ref="-4104" /><nd ref="-4105" /><nd ref="-4106" /><nd ref="-4107" /><nd ref="-4108" /><tag k="highway" v="residential" /><tag k="name" v="نهج أبو بكر الصديق" /><tag k="name:ar" v="نهج أبو بكر الصديق" /><tag k="name:fr" v="Rue Abou Bakr Esseddik" /></way><way id="320525393"><nd ref="-4109" /><nd ref="-4110" /><nd ref="-4111" /><nd ref="-4112" /><nd ref="-4113" /><nd ref="-4114" /><nd ref="-4115" /><nd ref="-4116" /><nd ref="-4117" /><nd ref="-4118" /><nd ref="-4119" /><nd ref="-4120" /><nd ref="-4121" /><nd ref="-4122" /><nd ref="-4123" /><nd ref="-4124" /><nd ref="-4125" /><nd ref="-4126" /><nd ref="-4127" /><nd ref="-4128" /><nd ref="-4129" /><nd ref="-4130" /><nd ref="-4131" /><nd ref="-4132" /><nd ref="-4133" /><nd ref="-4134" /><nd ref="-4135" /><nd ref="-4136" /><nd ref="-4137" /><nd ref="-4138" /><tag k="highway" v="residential" /><tag k="name" v="نهج النخلة" /><tag k="name:ar" v="نهج النخلة" /><tag k="name:fr" v="Rue du Palmier" /></way><way id="320525803"><nd ref="-4139" /><nd ref="-4140" /><nd ref="-3366" /><nd ref="-4141" /><nd ref="-4142" /><nd ref="-4143" /><nd ref="-4144" /><nd ref="-4145" /><nd ref="-4146" /><nd ref="-4147" /><nd ref="-4148" /><nd ref="-4149" /><nd ref="-4150" /><nd ref="-4151" /><nd ref="-4152" /><nd ref="-4153" /><nd ref="-4154" /><nd ref="-4155" /><nd ref="-4156" /><nd ref="-4157" /><nd ref="-4158" /><nd ref="-4159" /><nd ref="-4160" /><nd ref="-4161" /><nd ref="-4162" /><nd ref="-4163" /><nd ref="-4164" /><tag k="highway" v="residential" /><tag k="name" v="نهج أسد بن الفرات" /><tag k="name:ar" v="نهج أسد بن الفرات" /><tag k="name:fr" v="Rue Assad Ibn El Fourat" /></way><way id="320525958"><nd ref="-4165" /><nd ref="-4162" /><tag k="highway" v="residential" /></way><way id="320569232"><nd ref="-3890" /><nd ref="-4166" /><nd ref="-4167" /><nd ref="-4168" /><nd ref="-4169" /><nd ref="-4170" /><nd ref="-4171" /><nd ref="-4172" /><nd ref="-4173" /><tag k="highway" v="residential" /></way><way id="320569233"><nd ref="-4168" /><nd ref="-4174" /><nd ref="-4175" /><nd ref="-4176" /><nd ref="-4177" /><tag k="highway" v="residential" /></way><way id="320569234"><nd ref="-4177" /><nd ref="-4178" /><nd ref="-4179" /><nd ref="-4180" /><nd ref="-4181" /><nd ref="-4182" /><tag k="highway" v="residential" /></way><way id="320569235"><nd ref="-3702" /><nd ref="-4183" /><nd ref="-634" /><tag k="highway" v="living_street" /></way><way id="333550922"><nd ref="-4184" /><nd ref="-4185" /><nd ref="-4186" /><nd ref="-4187" /><nd ref="-4188" /><nd ref="-2046" /><nd ref="-2121" /><tag k="highway" v="residential" /><tag k="maxspeed" v="30" /><tag k="name" v="نهج محمد بن رامي" /><tag k="name:ar" v="نهج محمد بن رامي" /><tag k="name:fr" v="Rue Mohamed Ibn Rami" /></way><way id="364181686"><nd ref="-2832" /><nd ref="-4189" /><nd ref="-4190" /><nd ref="-4191" /><nd ref="-4192" /><nd ref="-4193" /><nd ref="-4194" /><nd ref="-3110" /><tag k="highway" v="residential" /><tag k="name" v="نهج مصراتة" /><tag k="name:ar" v="نهج مصراتة" /><tag k="name:fr" v="Rue de Misrata" /></way><way id="364181687"><nd ref="-4194" /><nd ref="-4195" /><nd ref="-4196" /><tag k="highway" v="residential" /></way><way id="364181688"><nd ref="-4189" /><nd ref="-4195" /><tag k="highway" v="residential" /></way><way id="364181689"><nd ref="-815" /><nd ref="-4197" /><nd ref="-4198" /><nd ref="-4199" /><nd ref="-4200" /><nd ref="-4201" /><tag k="highway" v="residential" /></way><way id="364181690"><nd ref="-1042" /><nd ref="-4202" /><nd ref="-4203" /><nd ref="-4204" /><nd ref="-4205" /><nd ref="-4206" /><nd ref="-4207" /><nd ref="-812" /><tag k="highway" v="residential" /><tag k="name" v="نهج البصرة" /><tag k="name:ar" v="نهج البصرة" /><tag k="name:fr" v="Rue El Basra" /></way><way id="364183860"><nd ref="-240" /><nd ref="-4208" /><nd ref="-4209" /><nd ref="-4210" /><nd ref="-4211" /><nd ref="-4212" /><nd ref="-4213" /><nd ref="-4214" /><nd ref="-4215" /><nd ref="-235" /><nd ref="-4216" /><tag k="highway" v="residential" /></way><way id="391535864"><nd ref="-2295" /><nd ref="-4217" /><nd ref="-4218" /><nd ref="-2879" /><tag k="highway" v="residential" /></way><way id="391535982"><nd ref="-1398" /><nd ref="-4219" /><nd ref="-4220" /><nd ref="-4221" /><nd ref="-4222" /><nd ref="-4223" /><nd ref="-4224" /><nd ref="-4225" /><nd ref="-4226" /><nd ref="-1407" /><tag k="highway" v="residential" /></way><way id="391535983"><nd ref="-4224" /><nd ref="-4227" /><nd ref="-4228" /><nd ref="-4229" /><nd ref="-4230" /><nd ref="-4231" /><nd ref="-4232" /><nd ref="-4233" /><nd ref="-2305" /><tag k="highway" v="residential" /></way><way id="391537976"><nd ref="-4234" /><nd ref="-4235" /><nd ref="-4236" /><nd ref="-4237" /><nd ref="-4238" /><nd ref="-4239" /><nd ref="-4240" /><nd ref="-4241" /><nd ref="-4242" /><nd ref="-4243" /><nd ref="-4244" /><nd ref="-4245" /><nd ref="-4246" /><nd ref="-4247" /><nd ref="-586" /><tag k="highway" v="residential" /></way><way id="391538659"><nd ref="-4248" /><nd ref="-4249" /><nd ref="-4250" /><nd ref="-4251" /><nd ref="-4252" /><nd ref="-4253" /><nd ref="-4254" /><nd ref="-4255" /><nd ref="-4256" /><nd ref="-4257" /><nd ref="-4258" /><nd ref="-4259" /><nd ref="-4260" /><tag k="highway" v="residential" /></way><way id="391538661"><nd ref="-4253" /><nd ref="-4261" /><nd ref="-4262" /><nd ref="-4263" /><tag k="highway" v="residential" /></way><way id="391538898"><nd ref="-1412" /><nd ref="-4264" /><nd ref="-4265" /><nd ref="-4266" /><nd ref="-4267" /><tag k="highway" v="residential" /></way><way id="391538899"><nd ref="-3390" /><nd ref="-4268" /><nd ref="-4269" /><nd ref="-4270" /><nd ref="-4271" /><nd ref="-4272" /><nd ref="-4273" /><nd ref="-4274" /><tag k="highway" v="residential" /></way><way id="391539392"><nd ref="-2313" /><nd ref="-4275" /><nd ref="-4276" /><nd ref="-4277" /><nd ref="-4278" /><nd ref="-4279" /><nd ref="-4280" /><nd ref="-4281" /><nd ref="-2901" /><tag k="highway" v="residential" /></way><way id="391553387"><nd ref="-3033" /><nd ref="-4282" /><nd ref="-4283" /><nd ref="-4284" /><nd ref="-4285" /><nd ref="-4286" /><nd ref="-4287" /><nd ref="-4288" /><nd ref="-4289" /><nd ref="-4290" /><nd ref="-4291" /><nd ref="-4292" /><nd ref="-4293" /><nd ref="-4294" /><nd ref="-4295" /><nd ref="-4296" /><nd ref="-4297" /><nd ref="-4298" /><nd ref="-4299" /><nd ref="-4300" /><nd ref="-4301" /><nd ref="-4302" /><nd ref="-4303" /><nd ref="-4304" /><nd ref="-4305" /><nd ref="-4306" /><nd ref="-4307" /><nd ref="-4308" /><nd ref="-4309" /><nd ref="-4310" /><nd ref="-4311" /><tag k="highway" v="residential" /></way><way id="391553461"><nd ref="-2671" /><nd ref="-4312" /><nd ref="-4313" /><nd ref="-4314" /><nd ref="-4315" /><nd ref="-4316" /><nd ref="-4317" /><nd ref="-4318" /><nd ref="-4319" /><nd ref="-4320" /><nd ref="-4321" /><nd ref="-4322" /><nd ref="-4323" /><nd ref="-4324" /><nd ref="-4325" /><tag k="highway" v="residential" /></way><way id="391553523"><nd ref="-4319" /><nd ref="-4326" /><nd ref="-4327" /><nd ref="-4328" /><nd ref="-4329" /><nd ref="-4330" /><nd ref="-4331" /><tag k="highway" v="residential" /></way><way id="391553651"><nd ref="-4332" /><nd ref="-4333" /><nd ref="-4334" /><nd ref="-4335" /><nd ref="-4336" /><nd ref="-4337" /><nd ref="-4338" /><nd ref="-4339" /><nd ref="-4340" /><nd ref="-4341" /><nd ref="-4342" /><nd ref="-4343" /><nd ref="-4344" /><nd ref="-4345" /><nd ref="-4346" /><nd ref="-4347" /><nd ref="-3449" /><tag k="highway" v="service" /></way><way id="391555408"><nd ref="-2668" /><nd ref="-4348" /><nd ref="-4349" /><nd ref="-4350" /><nd ref="-4351" /><nd ref="-4352" /><nd ref="-4353" /><nd ref="-4354" /><nd ref="-4355" /><nd ref="-4356" /><nd ref="-4357" /><nd ref="-4358" /><nd ref="-4359" /><nd ref="-4360" /><nd ref="-4361" /><nd ref="-4362" /><nd ref="-4363" /><nd ref="-4364" /><nd ref="-4365" /><nd ref="-4366" /><nd ref="-4367" /><nd ref="-4368" /><nd ref="-4369" /><nd ref="-4370" /><nd ref="-4371" /><nd ref="-4372" /><nd ref="-4373" /><nd ref="-4374" /><nd ref="-4375" /><nd ref="-4376" /><nd ref="-4377" /><nd ref="-4378" /><nd ref="-4379" /><nd ref="-4380" /><nd ref="-4381" /><nd ref="-4382" /><nd ref="-4383" /><nd ref="-4384" /><nd ref="-4385" /><nd ref="-4386" /><nd ref="-4387" /><nd ref="-4388" /><nd ref="-4389" /><nd ref="-4390" /><nd ref="-2675" /><tag k="highway" v="unclassified" /></way><way id="391790430"><nd ref="-177" /><nd ref="-4391" /><tag k="highway" v="service" /><tag k="oneway" v="yes" /></way><way id="391791696"><nd ref="-4392" /><nd ref="-4393" /><nd ref="-4394" /><nd ref="-4395" /><nd ref="-4396" /><nd ref="-4397" /><nd ref="-4398" /><tag k="highway" v="residential" /></way><way id="391791697"><nd ref="-4397" /><nd ref="-4399" /><nd ref="-4400" /><nd ref="-4401" /><nd ref="-1094" /><tag k="highway" v="residential" /></way><way id="392043759"><nd ref="-4402" /><nd ref="-4403" /><nd ref="-4404" /><nd ref="-4405" /><nd ref="-1540" /><tag k="highway" v="residential" /></way><way id="392044509"><nd ref="-123" /><nd ref="-4406" /><nd ref="-4407" /><nd ref="-4408" /><nd ref="-4409" /><nd ref="-4410" /><tag k="highway" v="residential" /></way><way id="392044510"><nd ref="-4411" /><nd ref="-4412" /><nd ref="-4413" /><nd ref="-4414" /><nd ref="-4415" /><nd ref="-4416" /><nd ref="-4417" /><nd ref="-4418" /><nd ref="-4419" /><nd ref="-4420" /><nd ref="-4421" /><nd ref="-4422" /><nd ref="-1350" /><nd ref="-4423" /><nd ref="-4424" /><nd ref="-4425" /><nd ref="-4426" /><nd ref="-4427" /><nd ref="-4428" /><nd ref="-4429" /><nd ref="-4410" /><nd ref="-4430" /><nd ref="-4431" /><nd ref="-4432" /><nd ref="-4433" /><nd ref="-4434" /><nd ref="-4435" /><nd ref="-4436" /><nd ref="-4437" /><tag k="highway" v="secondary" /><tag k="name" v="شارع الهادي السوسي" /><tag k="name:ar" v="شارع الهادي السوسي" /><tag k="name:fr" v="Avenue Hedi Soussi" /><tag k="oneway" v="yes" /></way><way id="392047757"><nd ref="-4438" /><nd ref="-4439" /><nd ref="-4440" /><nd ref="-4441" /><nd ref="-4442" /><nd ref="-4443" /><nd ref="-4444" /><nd ref="-4445" /><nd ref="-339" /><nd ref="-4446" /><nd ref="-4447" /><nd ref="-4448" /><nd ref="-338" /><nd ref="-308" /><nd ref="-4449" /><nd ref="-4450" /><nd ref="-4451" /><nd ref="-4452" /><nd ref="-4453" /><nd ref="-27" /><nd ref="-4454" /><nd ref="-4455" /><nd ref="-4456" /><nd ref="-4438" /><tag k="highway" v="primary" /><tag k="junction" v="roundabout" /><tag k="lanes" v="1" /><tag k="maxspeed" v="50" /><tag k="oneway" v="yes" /><tag k="ref" v="RN1" /><tag k="ref:ar" v="ط و 1" /></way><way id="392143186"><nd ref="-300" /><nd ref="-4457" /><nd ref="-4458" /><nd ref="-4459" /><nd ref="-4460" /><nd ref="-4461" /><nd ref="-775" /><tag k="highway" v="residential" /><tag k="oneway" v="yes" /></way><way id="392143487"><nd ref="-4462" /><nd ref="-4463" /><nd ref="-4464" /><nd ref="-4465" /><nd ref="-4466" /><nd ref="-4467" /><nd ref="-4468" /><nd ref="-4469" /><nd ref="-1071" /><nd ref="-4470" /><nd ref="-4471" /><nd ref="-4472" /><nd ref="-4473" /><nd ref="-4474" /><nd ref="-1088" /><nd ref="-2330" /><nd ref="-4392" /><nd ref="-4475" /><nd ref="-1091" /><nd ref="-828" /><nd ref="-4476" /><nd ref="-4477" /><nd ref="-4478" /><nd ref="-4479" /><nd ref="-4480" /><nd ref="-4481" /><nd ref="-4482" /><nd ref="-4483" /><nd ref="-4484" /><nd ref="-4485" /><nd ref="-4486" /><nd ref="-4487" /><nd ref="-4488" /><nd ref="-4489" /><nd ref="-4490" /><nd ref="-4491" /><nd ref="-4492" /><nd ref="-4493" /><nd ref="-4494" /><nd ref="-4495" /><nd ref="-4496" /><nd ref="-4497" /><nd ref="-4498" /><nd ref="-4499" /><nd ref="-4500" /><nd ref="-4501" /><nd ref="-4502" /><nd ref="-4503" /><nd ref="-4504" /><tag k="highway" v="secondary" /><tag k="lanes" v="2" /><tag k="maxspeed" v="50" /><tag k="name" v="نهج 13 أوت" /><tag k="name:ar" v="نهج 13 أوت" /><tag k="name:fr" v="Rue du 13 Août" /><tag k="sidewalk" v="both" /><tag k="smoothness" v="good" /><tag k="surface" v="asphalt" /></way><way id="392214181"><nd ref="-4505" /><nd ref="-4506" /><nd ref="-4507" /><nd ref="-4508" /><nd ref="-4509" /><nd ref="-4510" /><tag k="highway" v="residential" /><tag k="name" v="نهج 652" /><tag k="name:ar" v="نهج 652" /><tag k="name:fr" v="Rue 652" /></way><way id="392214185"><nd ref="-4511" /><nd ref="-4512" /><nd ref="-4513" /><nd ref="-4514" /><nd ref="-4515" /><nd ref="-4516" /><nd ref="-4517" /><nd ref="-4518" /><nd ref="-4508" /><nd ref="-4519" /><tag k="highway" v="residential" /></way><way id="392214715"><nd ref="-4520" /><nd ref="-4521" /><nd ref="-4522" /><nd ref="-4523" /><nd ref="-4524" /><tag k="highway" v="residential" /></way><way id="392214718"><nd ref="-4525" /><nd ref="-4526" /><nd ref="-4527" /><nd ref="-4528" /><nd ref="-4529" /><nd ref="-4530" /><nd ref="-4531" /><nd ref="-4532" /><nd ref="-4533" /><nd ref="-4534" /><tag k="highway" v="residential" /></way><way id="392740490"><nd ref="-4535" /><nd ref="-4536" /><nd ref="-4537" /><nd ref="-4538" /><nd ref="-4539" /><nd ref="-4540" /><nd ref="-4541" /><nd ref="-4542" /><nd ref="-4543" /><nd ref="-4544" /><nd ref="-4545" /><nd ref="-4546" /><tag k="highway" v="residential" /></way><way id="392740557"><nd ref="-3201" /><nd ref="-4547" /><nd ref="-4548" /><nd ref="-4549" /><nd ref="-4550" /><nd ref="-4551" /><nd ref="-4552" /><nd ref="-4553" /><nd ref="-4554" /><nd ref="-4555" /><nd ref="-4556" /><tag k="highway" v="residential" /></way><way id="392744807"><nd ref="-4557" /><nd ref="-4558" /><nd ref="-4559" /><nd ref="-4560" /><nd ref="-4561" /><nd ref="-4562" /><nd ref="-4563" /><nd ref="-4564" /><nd ref="-4565" /><nd ref="-4566" /><nd ref="-4567" /><nd ref="-4568" /><nd ref="-4569" /><nd ref="-4570" /><nd ref="-4571" /><nd ref="-4572" /><nd ref="-4573" /><nd ref="-4574" /><nd ref="-4575" /><nd ref="-4576" /><nd ref="-4577" /><nd ref="-4578" /><nd ref="-4579" /><nd ref="-4580" /><nd ref="-3276" /><nd ref="-4581" /><nd ref="-4582" /><nd ref="-4583" /><nd ref="-4584" /><nd ref="-4585" /><nd ref="-4586" /><nd ref="-4587" /><nd ref="-4588" /><nd ref="-4589" /><tag k="highway" v="residential" /><tag k="name" v="نهج بوتمري 2" /><tag k="name:fr" v="Rue Boutemri 2" /><tag k="surface" v="dirt" /></way><way id="392744809"><nd ref="-4590" /><nd ref="-4591" /><nd ref="-4592" /><tag k="highway" v="residential" /></way><way id="392755024"><nd ref="-4593" /><nd ref="-4594" /><nd ref="-4595" /><nd ref="-4596" /><nd ref="-4597" /><nd ref="-4598" /><nd ref="-4599" /><nd ref="-4600" /><nd ref="-4601" /><nd ref="-4602" /><nd ref="-4603" /><nd ref="-4604" /><nd ref="-4605" /><nd ref="-2916" /><nd ref="-4606" /><nd ref="-4607" /><nd ref="-4608" /><nd ref="-4609" /><nd ref="-4610" /><nd ref="-4611" /><nd ref="-4612" /><nd ref="-4613" /><nd ref="-4614" /><nd ref="-4615" /><nd ref="-4616" /><nd ref="-3385" /><nd ref="-4617" /><nd ref="-4618" /><nd ref="-4619" /><nd ref="-4620" /><nd ref="-4621" /><nd ref="-4622" /><nd ref="-4623" /><nd ref="-4624" /><nd ref="-4625" /><nd ref="-4626" /><nd ref="-4627" /><nd ref="-4628" /><nd ref="-4629" /><nd ref="-4630" /><nd ref="-4631" /><nd ref="-4632" /><nd ref="-4633" /><nd ref="-4634" /><nd ref="-1447" /><nd ref="-4635" /><nd ref="-4636" /><nd ref="-4637" /><nd ref="-4638" /><nd ref="-4639" /><nd ref="-4640" /><nd ref="-4641" /><nd ref="-4642" /><nd ref="-4643" /><nd ref="-4644" /><nd ref="-4645" /><nd ref="-4646" /><nd ref="-4647" /><nd ref="-4648" /><nd ref="-4649" /><nd ref="-4650" /><nd ref="-4651" /><nd ref="-4652" /><nd ref="-4653" /><nd ref="-4654" /><nd ref="-4655" /><nd ref="-2816" /><nd ref="-4656" /><nd ref="-4657" /><nd ref="-4658" /><nd ref="-4659" /><nd ref="-2823" /><tag k="highway" v="tertiary" /><tag k="lanes" v="2" /></way><way id="392758109"><nd ref="-2829" /><nd ref="-4660" /><nd ref="-4661" /><nd ref="-810" /><nd ref="-3116" /><tag k="highway" v="secondary" /><tag k="name" v="شارع 5 أوت" /><tag k="name:ar" v="شارع 5 أوت" /><tag k="name:fr" v="Avenue 5 Août" /><tag k="oneway" v="yes" /></way><way id="392758422"><nd ref="-816" /><nd ref="-4662" /><nd ref="-4663" /><tag k="highway" v="residential" /><tag k="name" v="نهج موسى" /><tag k="name:ar" v="نهج موسى" /><tag k="name:fr" v="Rue de Moïse" /><tag k="oneway" v="no" /></way><way id="392759211"><nd ref="-3114" /><nd ref="-4664" /><nd ref="-810" /><tag k="highway" v="residential" /></way><way id="394091815"><nd ref="-2729" /><nd ref="-4665" /><nd ref="-4666" /><nd ref="-4667" /><nd ref="-4668" /><nd ref="-4669" /><nd ref="-4670" /><nd ref="-4671" /><tag k="highway" v="residential" /></way><way id="394091817"><nd ref="-4672" /><nd ref="-4673" /><nd ref="-4674" /><nd ref="-4675" /><nd ref="-4676" /><nd ref="-4677" /><nd ref="-4670" /><tag k="highway" v="residential" /></way><way id="396255866"><nd ref="-78" /><nd ref="-4678" /><nd ref="-4679" /><nd ref="-4680" /><nd ref="-4681" /><nd ref="-4682" /><nd ref="-4683" /><nd ref="-4684" /><nd ref="-4685" /><nd ref="-4686" /><nd ref="-236" /><tag k="highway" v="tertiary" /><tag k="name" v="شارع الجيش" /><tag k="name:ar" v="شارع الجيش" /><tag k="name:fr" v="Boulevard de l'Armée Nationale" /><tag k="oneway" v="yes" /><tag k="sidewalk" v="both" /><tag k="smoothness" v="intermediate" /><tag k="start_date" v="2014" /><tag k="surface" v="asphalt" /></way><way id="396696875"><nd ref="-3434" /><nd ref="-4687" /><tag k="highway" v="residential" /></way><way id="396696984"><nd ref="-3441" /><nd ref="-4688" /><nd ref="-4689" /><nd ref="-4690" /><nd ref="-4691" /><nd ref="-4692" /><nd ref="-4693" /><nd ref="-4694" /><nd ref="-4695" /><nd ref="-4696" /><nd ref="-4697" /><nd ref="-4698" /><nd ref="-4699" /><nd ref="-4700" /><nd ref="-4701" /><nd ref="-4702" /><nd ref="-4703" /><tag k="highway" v="residential" /></way><way id="396696985"><nd ref="-635" /><nd ref="-4704" /><nd ref="-4705" /><tag k="highway" v="residential" /></way><way id="396697139"><nd ref="-4706" /><nd ref="-4707" /><nd ref="-4708" /><nd ref="-4709" /><nd ref="-4710" /><nd ref="-4711" /><nd ref="-4712" /><nd ref="-4713" /><nd ref="-4714" /><nd ref="-4715" /><nd ref="-4716" /><nd ref="-4717" /><nd ref="-4718" /><nd ref="-4719" /><tag k="highway" v="residential" /></way><way id="397143726"><nd ref="-84" /><nd ref="-4720" /><nd ref="-4721" /><nd ref="-4722" /><nd ref="-4723" /><nd ref="-4724" /><nd ref="-4725" /><nd ref="-4726" /><nd ref="-4727" /><nd ref="-4728" /><nd ref="-85" /><tag k="highway" v="service" /><tag k="oneway" v="yes" /><tag k="service" v="parking_aisle" /></way><way id="397143833"><nd ref="-4720" /><nd ref="-4729" /><tag k="highway" v="service" /><tag k="service" v="parking_aisle" /></way><way id="397353906"><nd ref="-253" /><nd ref="-4730" /><nd ref="-4731" /><nd ref="-4732" /><nd ref="-4733" /><nd ref="-4734" /><nd ref="-4735" /><tag k="highway" v="tertiary" /><tag k="name" v="نهج العمران" /><tag k="name:ar" v="نهج العمران" /><tag k="name:fr" v="Rue El Omrane" /><tag k="oneway" v="yes" /><tag k="sidewalk" v="both" /><tag k="smoothness" v="bad" /><tag k="surface" v="asphalt" /></way><way id="397505478"><nd ref="-1998" /><nd ref="-4736" /><nd ref="-3351" /><tag k="highway" v="residential" /><tag k="name" v="نهج 570" /><tag k="name:ar" v="نهج 570" /><tag k="name:fr" v="Rue 570" /></way><way id="400313243"><nd ref="-4517" /><nd ref="-4737" /><nd ref="-4738" /><tag k="highway" v="residential" /></way><way id="459372574"><nd ref="-1053" /><nd ref="-228" /><tag k="highway" v="residential" /></way><way id="459379986"><nd ref="-4739" /><nd ref="-4740" /><nd ref="-4741" /><nd ref="-4742" /><nd ref="-4743" /><nd ref="-66" /><tag k="highway" v="tertiary" /><tag k="name" v="نهج البحري قيقة" /><tag k="name:ar" v="نهج البحري قيقة" /><tag k="name:fr" v="Rue Bahri Guiga" /><tag k="oneway" v="yes" /></way><way id="459379987"><nd ref="-4739" /><nd ref="-4744" /><nd ref="-4745" /><nd ref="-4746" /><nd ref="-4747" /><nd ref="-4748" /><tag k="highway" v="secondary" /><tag k="name" v="شارع 5 أوت" /><tag k="name:ar" v="شارع 5 أوت" /><tag k="name:fr" v="Avenue 5 Août" /><tag k="oneway" v="yes" /><tag k="surface" v="asphalt" /></way><way id="459379989"><nd ref="-1485" /><nd ref="-4749" /><nd ref="-4750" /><nd ref="-4462" /><nd ref="-4751" /><nd ref="-4739" /><tag k="highway" v="secondary" /><tag k="name" v="شارع 5 أوت" /><tag k="oneway" v="yes" /></way><way id="459380268"><nd ref="-2" /><nd ref="-4752" /><nd ref="-4753" /><nd ref="-4754" /><nd ref="-4755" /><nd ref="-4756" /><nd ref="-4757" /><nd ref="-4758" /><nd ref="-4686" /><nd ref="-4216" /><nd ref="-4759" /><nd ref="-4760" /><nd ref="-4761" /><nd ref="-4762" /><nd ref="-4763" /><nd ref="-1053" /><nd ref="-4764" /><nd ref="-4765" /><nd ref="-4766" /><nd ref="-4767" /><nd ref="-4768" /><nd ref="-64" /><tag k="highway" v="primary" /><tag k="name" v="شارع الشهداء" /><tag k="name:ar" v="شارع الشهداء" /><tag k="name:fr" v="Avenue des Martyrs" /><tag k="oneway" v="yes" /><tag k="ref" v="RR82" /><tag k="sidewalk" v="both" /><tag k="smoothness" v="intermediate" /><tag k="surface" v="asphalt" /></way><way id="459380269"><nd ref="-4765" /><nd ref="-4769" /><nd ref="-4770" /><nd ref="-4771" /><nd ref="-1052" /><nd ref="-72" /><tag k="highway" v="secondary" /><tag k="name" v="شارع 5 أوت" /><tag k="name:ar" v="شارع 5 أوت" /><tag k="name:fr" v="Avenue 5 Août" /><tag k="oneway" v="yes" /></way><way id="459559031"><nd ref="-4772" /><nd ref="-4773" /><nd ref="-4774" /><nd ref="-1099" /><nd ref="-4775" /><nd ref="-4776" /><nd ref="-176" /><tag k="highway" v="secondary" /><tag k="lanes" v="1" /><tag k="maxspeed" v="50" /><tag k="name" v="نهج جمال الدين الأفغاني" /><tag k="name:ar" v="نهج جمال الدين الأفغاني" /><tag k="name:fr" v="Rue Jamal Eddine El Afghani" /><tag k="sidewalk" v="both" /><tag k="smoothness" v="intermediate" /><tag k="surface" v="asphalt" /></way><way id="459559033"><nd ref="-176" /><nd ref="-4777" /><nd ref="-1089" /><nd ref="-4778" /><nd ref="-826" /><nd ref="-4779" /><nd ref="-4780" /><nd ref="-4781" /><nd ref="-4782" /><nd ref="-4783" /><nd ref="-4784" /><nd ref="-4785" /><nd ref="-1144" /><nd ref="-1156" /><nd ref="-4786" /><nd ref="-4787" /><nd ref="-4788" /><nd ref="-1164" /><nd ref="-4789" /><nd ref="-4790" /><nd ref="-4791" /><nd ref="-4792" /><nd ref="-4793" /><nd ref="-4794" /><nd ref="-4795" /><nd ref="-4796" /><nd ref="-4797" /><tag k="highway" v="secondary" /><tag k="lanes" v="2" /><tag k="maxspeed" v="50" /><tag k="name" v="نهج جمال الدين الأفغاني" /><tag k="name:ar" v="نهج جمال الدين الأفغاني" /><tag k="name:fr" v="Rue Jamal Eddine El Afghani" /><tag k="smoothness" v="intermediate" /><tag k="surface" v="asphalt" /></way><way id="459560559"><nd ref="-4798" /><nd ref="-4799" /><nd ref="-4800" /><nd ref="-4801" /><nd ref="-4802" /><nd ref="-4803" /><nd ref="-4804" /><nd ref="-4805" /><nd ref="-4806" /><nd ref="-4807" /><nd ref="-4808" /><nd ref="-4809" /><nd ref="-4810" /><nd ref="-4811" /><nd ref="-4812" /><nd ref="-4813" /><nd ref="-4814" /><nd ref="-4798" /><tag k="highway" v="residential" /></way><way id="467620049"><nd ref="-1119" /><nd ref="-1165" /><nd ref="-1132" /><nd ref="-4815" /><nd ref="-4816" /><nd ref="-4817" /><nd ref="-4787" /><tag k="highway" v="residential" /><tag k="name" v="نهج محمد إقبال" /><tag k="name:ar" v="نهج محمد إقبال" /><tag k="name:fr" v="Rue Mohamed Ikbel" /></way><way id="467620050"><nd ref="-1153" /><nd ref="-4818" /><nd ref="-4819" /><nd ref="-4820" /><nd ref="-4782" /><tag k="highway" v="residential" /><tag k="name" v="نهج علي قدور" /><tag k="name:ar" v="نهج علي قدور" /><tag k="name:fr" v="Rue Ali Gaddour" /></way><way id="467620051"><nd ref="-755" /><nd ref="-4821" /><nd ref="-366" /><nd ref="-4822" /><nd ref="-302" /><nd ref="-4823" /><nd ref="-278" /><nd ref="-769" /><tag k="highway" v="residential" /><tag k="name" v="نهج دمشق" /><tag k="name:ar" v="نهج دمشق" /><tag k="name:fr" v="Rue de Damas" /><tag k="sidewalk" v="both" /><tag k="smoothness" v="intermediate" /><tag k="surface" v="asphalt" /></way><way id="467620052"><nd ref="-755" /><nd ref="-4824" /><nd ref="-4825" /><nd ref="-4826" /><nd ref="-1045" /><nd ref="-4827" /><nd ref="-4828" /><nd ref="-4829" /><nd ref="-1280" /><nd ref="-4830" /><nd ref="-4831" /><nd ref="-4832" /><nd ref="-1228" /><nd ref="-4833" /><nd ref="-4663" /><nd ref="-4834" /><nd ref="-4835" /><nd ref="-4836" /><nd ref="-4837" /><nd ref="-4838" /><nd ref="-803" /><tag k="highway" v="residential" /><tag k="name" v="نهج القاهرة" /><tag k="name:ar" v="نهج القاهرة" /><tag k="name:fr" v="Rue du Caire" /></way><way id="467620053"><nd ref="-4839" /><nd ref="-289" /><nd ref="-749" /><tag k="highway" v="residential" /><tag k="name" v="نهج أحمد بيرم" /><tag k="name:ar" v="نهج أحمد بيرم" /><tag k="name:fr" v="Rue Ahmed Bayrem" /></way><way id="467620055"><nd ref="-1241" /><nd ref="-4840" /><nd ref="-4841" /><nd ref="-4842" /><tag k="highway" v="residential" /><tag k="name" v="نهج تبسة" /><tag k="name:ar" v="نهج تبسة" /><tag k="name:fr" v="Rue de Tébessa" /></way><way id="467620058"><nd ref="-3144" /><nd ref="-4843" /><nd ref="-4844" /><nd ref="-4845" /><nd ref="-4846" /><nd ref="-4847" /><nd ref="-4848" /><nd ref="-4849" /><nd ref="-4850" /><nd ref="-4851" /><nd ref="-4852" /><nd ref="-4853" /><nd ref="-4854" /><nd ref="-4855" /><nd ref="-4856" /><nd ref="-4857" /><nd ref="-4858" /><nd ref="-4859" /><nd ref="-4860" /><nd ref="-4861" /><nd ref="-4862" /><nd ref="-4863" /><nd ref="-4864" /><nd ref="-4865" /><nd ref="-4866" /><nd ref="-4867" /><nd ref="-4868" /><nd ref="-4869" /><nd ref="-4870" /><nd ref="-171" /><tag k="highway" v="residential" /><tag k="lanes" v="1" /><tag k="name" v="نهج أينشتاين" /><tag k="name:ar" v="نهج أينشتاين" /><tag k="name:fr" v="Rue Einstein" /></way><way id="467620065"><nd ref="-4871" /><nd ref="-4872" /><nd ref="-4873" /><tag k="highway" v="service" /><tag k="oneway" v="yes" /><tag k="smoothness" v="intermediate" /><tag k="surface" v="asphalt" /></way><way id="469692530"><nd ref="-1557" /><nd ref="-4874" /><nd ref="-4875" /><nd ref="-4876" /><nd ref="-4877" /><nd ref="-4878" /><tag k="highway" v="residential" /></way><way id="469692532"><nd ref="-1985" /><nd ref="-1644" /><tag k="highway" v="residential" /><tag k="name" v="نهج سرقسطة" /><tag k="name:ar" v="نهج سرقسطة" /><tag k="name:fr" v="Rue de Saragosse" /></way><way id="496233893"><nd ref="-4879" /><nd ref="-4880" /><nd ref="-4881" /><nd ref="-4882" /><nd ref="-4883" /><nd ref="-4884" /><nd ref="-4885" /><nd ref="-4886" /><nd ref="-4887" /><nd ref="-4888" /><nd ref="-4889" /><nd ref="-4890" /><nd ref="-4891" /><nd ref="-4892" /><nd ref="-4893" /><nd ref="-4894" /><nd ref="-4895" /><nd ref="-4896" /><nd ref="-4897" /><nd ref="-4898" /><nd ref="-4899" /><nd ref="-4900" /><nd ref="-4901" /><nd ref="-4902" /><nd ref="-4903" /><nd ref="-4904" /><nd ref="-4905" /><nd ref="-4906" /><nd ref="-4907" /><nd ref="-4908" /><nd ref="-4909" /><nd ref="-4910" /><nd ref="-4911" /><nd ref="-4912" /><nd ref="-4913" /><nd ref="-4914" /><nd ref="-4915" /><nd ref="-4916" /><nd ref="-4917" /><nd ref="-4918" /><nd ref="-4919" /><nd ref="-4920" /><nd ref="-4921" /><nd ref="-4922" /><nd ref="-4923" /><nd ref="-4924" /><nd ref="-4925" /><nd ref="-4926" /><nd ref="-4927" /><nd ref="-4928" /><nd ref="-4929" /><nd ref="-4930" /><nd ref="-4931" /><nd ref="-4932" /><nd ref="-4933" /><nd ref="-4934" /><nd ref="-4935" /><nd ref="-4936" /><nd ref="-4937" /><nd ref="-4938" /><nd ref="-4939" /><nd ref="-4940" /><nd ref="-4941" /><nd ref="-4942" /><nd ref="-4943" /><nd ref="-4944" /><nd ref="-4945" /><nd ref="-4946" /><nd ref="-4947" /><nd ref="-4948" /><nd ref="-4949" /><nd ref="-4950" /><nd ref="-4951" /><nd ref="-4952" /><nd ref="-4953" /><nd ref="-4954" /><nd ref="-4955" /><nd ref="-4956" /><nd ref="-4957" /><nd ref="-4958" /><nd ref="-4959" /><nd ref="-4960" /><nd ref="-4961" /><nd ref="-4962" /><nd ref="-4963" /><nd ref="-4964" /><nd ref="-4965" /><nd ref="-4966" /><nd ref="-4967" /><nd ref="-4968" /><nd ref="-4969" /><nd ref="-4970" /><nd ref="-4971" /><nd ref="-4972" /><nd ref="-4973" /><nd ref="-4974" /><nd ref="-4975" /><nd ref="-4976" /><nd ref="-4977" /><nd ref="-4978" /><nd ref="-4979" /><nd ref="-4980" /><nd ref="-4981" /><nd ref="-4982" /><nd ref="-4983" /><nd ref="-4984" /><nd ref="-4985" /><nd ref="-4986" /><nd ref="-4987" /><nd ref="-4988" /><nd ref="-4989" /><nd ref="-4990" /><nd ref="-4991" /><nd ref="-4992" /><nd ref="-4993" /><nd ref="-4994" /><nd ref="-4995" /><nd ref="-4996" /><nd ref="-4997" /><nd ref="-4998" /><nd ref="-4999" /><nd ref="-5000" /><nd ref="-5001" /><nd ref="-5002" /><nd ref="-5003" /><nd ref="-5004" /><nd ref="-5005" /><nd ref="-5006" /><nd ref="-5007" /><nd ref="-5008" /><nd ref="-5009" /><nd ref="-5010" /><nd ref="-5011" /><nd ref="-5012" /><nd ref="-5013" /><nd ref="-5014" /><nd ref="-5015" /><nd ref="-5016" /><nd ref="-5017" /><nd ref="-5018" /><nd ref="-5019" /><nd ref="-5020" /><nd ref="-5021" /><nd ref="-5022" /><nd ref="-5023" /><nd ref="-5024" /><nd ref="-5025" /><nd ref="-5026" /><nd ref="-5027" /><nd ref="-5028" /><nd ref="-5029" /><nd ref="-5030" /><nd ref="-5031" /><nd ref="-5032" /><nd ref="-5033" /><nd ref="-5034" /><tag k="highway" v="unclassified" /></way><way id="497238530"><nd ref="-5035" /><nd ref="-5036" /><nd ref="-5037" /><nd ref="-5038" /><nd ref="-5039" /><nd ref="-5040" /><nd ref="-2692" /><tag k="highway" v="residential" /></way><way id="497847551"><nd ref="-5041" /><nd ref="-5042" /><nd ref="-5043" /><nd ref="-5044" /><nd ref="-5045" /><nd ref="-5046" /><nd ref="-5047" /><nd ref="-5048" /><tag k="highway" v="residential" /></way><way id="497847552"><nd ref="-4560" /><nd ref="-5049" /><nd ref="-5050" /><nd ref="-5051" /><tag k="highway" v="residential" /></way><way id="497847553"><nd ref="-5052" /><nd ref="-5053" /><nd ref="-5054" /><nd ref="-5051" /><nd ref="-5055" /><tag k="highway" v="residential" /></way><way id="497847554"><nd ref="-5056" /><nd ref="-5057" /><nd ref="-5058" /><nd ref="-5059" /><nd ref="-5060" /><nd ref="-5061" /><nd ref="-5043" /><tag k="highway" v="residential" /></way><way id="497847555"><nd ref="-5062" /><nd ref="-5063" /><nd ref="-5064" /><nd ref="-5065" /><nd ref="-5066" /><nd ref="-5067" /><nd ref="-5068" /><nd ref="-5069" /><nd ref="-5070" /><nd ref="-5071" /><nd ref="-5072" /><nd ref="-5073" /><nd ref="-5074" /><nd ref="-5075" /><nd ref="-5076" /><nd ref="-5077" /><nd ref="-5078" /><nd ref="-5079" /><nd ref="-5080" /><nd ref="-5081" /><nd ref="-5082" /><nd ref="-5083" /><nd ref="-5084" /><nd ref="-5085" /><nd ref="-5086" /><nd ref="-5087" /><nd ref="-5088" /><nd ref="-5089" /><nd ref="-5090" /><nd ref="-5091" /><nd ref="-5092" /><nd ref="-5093" /><nd ref="-5094" /><tag k="highway" v="residential" /><tag k="maxspeed" v="30" /><tag k="name" v="نهج بوتمري 1" /><tag k="name:ar" v="نهج بوتمري 1" /><tag k="name:fr" v="Rue Boutemri 1" /><tag k="surface" v="dirt" /></way><way id="497847556"><nd ref="-2981" /><nd ref="-5095" /><nd ref="-5096" /><nd ref="-5097" /><nd ref="-5098" /><nd ref="-5099" /><nd ref="-5100" /><nd ref="-1734" /><tag k="highway" v="residential" /><tag k="name" v="نهج 641" /><tag k="name:ar" v="نهج 641" /><tag k="name:fr" v="Rue 641" /></way><way id="497847557"><nd ref="-2975" /><nd ref="-5101" /><nd ref="-5102" /><nd ref="-5103" /><nd ref="-5104" /><nd ref="-5105" /><nd ref="-1728" /><tag k="highway" v="residential" /><tag k="name" v="نهج 519" /><tag k="name:ar" v="نهج 519" /><tag k="name:fr" v="Rue 519" /></way><way id="497847559"><nd ref="-3147" /><nd ref="-5106" /><nd ref="-5107" /><nd ref="-5108" /><nd ref="-5109" /><nd ref="-5110" /><nd ref="-5111" /><nd ref="-5112" /><nd ref="-5113" /><nd ref="-5114" /><nd ref="-5115" /><tag k="highway" v="residential" /></way><way id="497852887"><nd ref="-5116" /><nd ref="-5117" /><nd ref="-5118" /><nd ref="-5119" /><nd ref="-5120" /><nd ref="-5121" /><nd ref="-5122" /><nd ref="-5123" /><nd ref="-5124" /><nd ref="-5125" /><nd ref="-5126" /><tag k="highway" v="residential" /></way><way id="498049061"><nd ref="-5127" /><nd ref="-5128" /><nd ref="-5129" /><nd ref="-5130" /><nd ref="-5131" /><nd ref="-5132" /><nd ref="-5133" /><nd ref="-5134" /><nd ref="-5135" /><nd ref="-5136" /><nd ref="-5137" /><nd ref="-5138" /><nd ref="-5139" /><nd ref="-5140" /><nd ref="-5141" /><nd ref="-5142" /><nd ref="-5143" /><nd ref="-5144" /><nd ref="-5145" /><nd ref="-5146" /><nd ref="-5147" /><nd ref="-5148" /><nd ref="-5149" /><nd ref="-5150" /><nd ref="-5151" /><nd ref="-5152" /><nd ref="-5153" /><nd ref="-5154" /><nd ref="-5155" /><nd ref="-5156" /><nd ref="-5157" /><nd ref="-5158" /><nd ref="-5159" /><nd ref="-5160" /><nd ref="-5161" /><nd ref="-5162" /><nd ref="-5163" /><nd ref="-5164" /><nd ref="-596" /><nd ref="-5165" /><nd ref="-5166" /><nd ref="-3854" /><nd ref="-5167" /><nd ref="-5168" /><nd ref="-5169" /><nd ref="-5170" /><nd ref="-5171" /><nd ref="-2728" /><nd ref="-2780" /><nd ref="-5172" /><nd ref="-5173" /><nd ref="-5174" /><tag k="highway" v="secondary" /><tag k="maxspeed" v="50" /><tag k="name" v="شارع الهادي شاكر" /><tag k="name:ar" v="شارع الهادي شاكر" /><tag k="name:fr" v="Avenue Hédi Chaker" /><tag k="oneway" v="no" /><tag k="ref" v="RL921" /><tag k="source" v="yahoo" /></way><way id="533643107"><nd ref="-2770" /><nd ref="-5175" /><nd ref="-2823" /><tag k="highway" v="tertiary" /><tag k="lanes" v="2" /></way><way id="533643108"><nd ref="-2311" /><nd ref="-5176" /><nd ref="-5177" /><nd ref="-5178" /><nd ref="-5179" /><tag k="highway" v="residential" /></way><way id="533643109"><nd ref="-4267" /><nd ref="-5180" /><nd ref="-5181" /><nd ref="-5182" /><tag k="highway" v="residential" /></way><way id="533643110"><nd ref="-4267" /><nd ref="-4230" /><tag k="highway" v="residential" /></way><way id="533643111"><nd ref="-2310" /><nd ref="-5183" /><nd ref="-5184" /><tag k="highway" v="residential" /></way><way id="533643112"><nd ref="-3408" /><nd ref="-5185" /><nd ref="-5186" /><nd ref="-5187" /><nd ref="-5176" /><tag k="highway" v="residential" /></way><way id="533643113"><nd ref="-3408" /><nd ref="-2313" /><tag k="highway" v="residential" /></way><way id="533643114"><nd ref="-4276" /><nd ref="-5188" /><nd ref="-5189" /><nd ref="-5190" /><nd ref="-5191" /><nd ref="-5192" /><nd ref="-5193" /><tag k="highway" v="residential" /></way><way id="533643115"><nd ref="-5194" /><nd ref="-5195" /><nd ref="-4280" /><nd ref="-5196" /><nd ref="-5197" /><nd ref="-5198" /><tag k="highway" v="residential" /></way><way id="533643116"><nd ref="-2897" /><nd ref="-5194" /><nd ref="-5199" /><nd ref="-5200" /><nd ref="-5201" /><nd ref="-5202" /><nd ref="-5203" /><nd ref="-5204" /><nd ref="-2895" /><tag k="highway" v="residential" /></way><way id="536134325"><nd ref="-1543" /><nd ref="-5205" /><tag k="bicycle" v="yes" /><tag k="description" v="Impasse" /><tag k="foot" v="yes" /><tag k="highway" v="living_street" /><tag k="horse" v="yes" /><tag k="maxspeed" v="20" /><tag k="name" v="نهج سنجار" /><tag k="name:ar" v="نهج سنجار" /><tag k="name:en" v="Sinjar Street" /><tag k="name:fr" v="Rue de Sinjar" /><tag k="oneway" v="no" /><tag k="surface" v="paved" /></way><way id="549785713"><nd ref="-1142" /><nd ref="-4818" /><tag k="highway" v="residential" /><tag k="name" v="نهج غوتنبرغ" /><tag k="name:ar" v="نهج غوتنبرغ" /><tag k="name:fr" v="Rue Guttenberg" /></way><way id="691707851"><nd ref="-5206" /><nd ref="-5207" /><nd ref="-5208" /><nd ref="-5209" /><nd ref="-5210" /><nd ref="-5211" /><nd ref="-5212" /><nd ref="-4248" /><nd ref="-5213" /><nd ref="-5214" /><nd ref="-5215" /><nd ref="-5216" /><nd ref="-5217" /><nd ref="-5218" /><nd ref="-5219" /><nd ref="-5220" /><nd ref="-5221" /><nd ref="-5222" /><nd ref="-5223" /><nd ref="-5224" /><nd ref="-5225" /><nd ref="-5226" /><nd ref="-5227" /><nd ref="-5228" /><nd ref="-5229" /><nd ref="-5230" /><nd ref="-5231" /><nd ref="-5232" /><nd ref="-5233" /><nd ref="-5234" /><nd ref="-5235" /><nd ref="-5236" /><nd ref="-5237" /><nd ref="-5238" /><nd ref="-1444" /><tag k="highway" v="residential" /><tag k="name" v="نهج جمال عبد الناصر" /><tag k="name:ar" v="جمال عبد الناصر" /><tag k="name:fr" v="Rue Jamel Abdennaser" /></way><way id="691707853"><nd ref="-5239" /><nd ref="-5240" /><nd ref="-5241" /><nd ref="-5242" /><nd ref="-5243" /><nd ref="-5244" /><nd ref="-5245" /><nd ref="-5246" /><nd ref="-5247" /><nd ref="-5248" /><nd ref="-5249" /><nd ref="-5250" /><nd ref="-5251" /><tag k="highway" v="residential" /><tag k="name" v="زنقة بن مخلوف" /><tag k="name:ar" v="زنقة بن مخلوف" /><tag k="name:fr" v="Impasse Ben Makhlouf" /></way><way id="691707856"><nd ref="-5247" /><nd ref="-5252" /><nd ref="-5253" /><tag k="highway" v="residential" /></way><way id="691707857"><nd ref="-5254" /><nd ref="-5255" /><nd ref="-5256" /><nd ref="-5257" /><nd ref="-5258" /><nd ref="-5259" /><tag k="highway" v="residential" /></way><way id="691707858"><nd ref="-5242" /><nd ref="-5260" /><nd ref="-5261" /><nd ref="-5262" /><tag k="highway" v="residential" /></way><way id="691707859"><nd ref="-5261" /><nd ref="-5263" /><nd ref="-5264" /><tag k="highway" v="residential" /></way><way id="691717796"><nd ref="-5254" /><nd ref="-5265" /><nd ref="-5266" /><nd ref="-5267" /><nd ref="-5268" /><nd ref="-5269" /><nd ref="-5270" /><tag k="highway" v="residential" /></way><way id="692175155"><nd ref="-4475" /><nd ref="-5271" /><nd ref="-5272" /><tag k="highway" v="residential" /></way><way id="692175156"><nd ref="-5115" /><nd ref="-5273" /><nd ref="-5274" /><nd ref="-5275" /><nd ref="-5276" /><nd ref="-5277" /><nd ref="-5278" /><nd ref="-5279" /><nd ref="-5280" /><nd ref="-5281" /><nd ref="-5282" /><nd ref="-5283" /><tag k="highway" v="residential" /></way><way id="692188380"><nd ref="-5066" /><nd ref="-5284" /><nd ref="-5285" /><nd ref="-5286" /><nd ref="-5287" /><nd ref="-5288" /><nd ref="-5289" /><nd ref="-5290" /><nd ref="-5291" /><nd ref="-5292" /><nd ref="-5293" /><nd ref="-5294" /><nd ref="-5295" /><tag k="highway" v="residential" /></way><way id="692188381"><nd ref="-5071" /><nd ref="-5296" /><nd ref="-5297" /><nd ref="-5298" /><nd ref="-5299" /><nd ref="-5300" /><nd ref="-5301" /><nd ref="-5302" /><nd ref="-5303" /><nd ref="-5304" /><nd ref="-5305" /><nd ref="-5306" /><nd ref="-5307" /><tag k="highway" v="residential" /></way><way id="692188382"><nd ref="-5308" /><nd ref="-5309" /><nd ref="-5310" /><nd ref="-5302" /><tag k="highway" v="residential" /></way><way id="692188383"><nd ref="-5304" /><nd ref="-5311" /><nd ref="-5312" /><nd ref="-5313" /><nd ref="-5314" /><nd ref="-5315" /><nd ref="-5316" /><nd ref="-5317" /><nd ref="-5318" /><nd ref="-5319" /><nd ref="-5320" /><nd ref="-5321" /><tag k="highway" v="residential" /></way><way id="692188384"><nd ref="-5322" /><nd ref="-5323" /><nd ref="-5324" /><nd ref="-5325" /><tag k="highway" v="residential" /></way><way id="692188385"><nd ref="-5326" /><nd ref="-5327" /><nd ref="-5328" /><nd ref="-5329" /><nd ref="-5330" /><nd ref="-5331" /><nd ref="-5332" /><nd ref="-5333" /><nd ref="-5334" /><nd ref="-5335" /><nd ref="-5336" /><nd ref="-5337" /><nd ref="-5338" /><nd ref="-5339" /><nd ref="-5340" /><nd ref="-5341" /><nd ref="-5342" /><nd ref="-5343" /><tag k="highway" v="residential" /></way><way id="692227481"><nd ref="-5344" /><nd ref="-5345" /><nd ref="-5346" /><nd ref="-5347" /><nd ref="-5348" /><nd ref="-5349" /><nd ref="-5350" /><nd ref="-5351" /><tag k="highway" v="residential" /></way><way id="692227482"><nd ref="-5350" /><nd ref="-5352" /><nd ref="-5353" /><nd ref="-5354" /><nd ref="-5355" /><nd ref="-5356" /><nd ref="-4252" /><tag k="highway" v="residential" /></way><way id="692227483"><nd ref="-5353" /><nd ref="-5357" /><nd ref="-5358" /><nd ref="-5359" /><nd ref="-5360" /><nd ref="-5361" /><nd ref="-5362" /><tag k="highway" v="residential" /></way><way id="692227484"><nd ref="-5363" /><nd ref="-5364" /><nd ref="-5365" /><nd ref="-5366" /><nd ref="-5367" /><nd ref="-5368" /><nd ref="-5369" /><nd ref="-5370" /><nd ref="-2923" /><tag k="highway" v="residential" /></way><way id="692227485"><nd ref="-5369" /><nd ref="-5371" /><nd ref="-5372" /><nd ref="-5373" /><tag k="highway" v="residential" /></way><way id="692227486"><nd ref="-5304" /><nd ref="-5374" /><tag k="highway" v="residential" /></way><way id="692227487"><nd ref="-5374" /><nd ref="-5375" /><nd ref="-5376" /><nd ref="-5377" /><nd ref="-5378" /><nd ref="-5379" /><nd ref="-5380" /><nd ref="-5381" /><nd ref="-5382" /><nd ref="-5383" /><nd ref="-5384" /><nd ref="-5385" /><nd ref="-5386" /><nd ref="-5387" /><nd ref="-5388" /><nd ref="-5389" /><nd ref="-5390" /><nd ref="-5391" /><nd ref="-5392" /><nd ref="-5393" /><nd ref="-5394" /><nd ref="-5395" /><nd ref="-5396" /><nd ref="-5397" /><nd ref="-5398" /><tag k="highway" v="residential" /></way><way id="692227488"><nd ref="-5399" /><nd ref="-5400" /><nd ref="-5401" /><nd ref="-5402" /><nd ref="-5403" /><nd ref="-5404" /><nd ref="-5405" /><nd ref="-5406" /><nd ref="-5407" /><nd ref="-5092" /><tag k="highway" v="residential" /></way><way id="692227489"><nd ref="-5086" /><nd ref="-5408" /><nd ref="-5409" /><tag k="highway" v="residential" /></way><way id="692227490"><nd ref="-5089" /><nd ref="-5410" /><nd ref="-5411" /><nd ref="-5412" /><nd ref="-5413" /><nd ref="-5414" /><nd ref="-5415" /><tag k="highway" v="residential" /></way><way id="692227491"><nd ref="-5094" /><nd ref="-5416" /><nd ref="-5417" /><nd ref="-5418" /><tag k="highway" v="residential" /></way><way id="692683590"><nd ref="-5276" /><nd ref="-5419" /><nd ref="-5420" /><nd ref="-5421" /><nd ref="-2057" /><nd ref="-5422" /><nd ref="-5423" /><nd ref="-5424" /><nd ref="-5425" /><nd ref="-5426" /><nd ref="-5427" /><nd ref="-5428" /><nd ref="-5429" /><nd ref="-5430" /><nd ref="-5431" /><nd ref="-5432" /><nd ref="-5433" /><nd ref="-2054" /><tag k="highway" v="residential" /></way><way id="692693712"><nd ref="-2122" /><nd ref="-4798" /><tag k="highway" v="residential" /></way><way id="692693713"><nd ref="-2118" /><nd ref="-5434" /><nd ref="-5435" /><nd ref="-5436" /><nd ref="-5437" /><nd ref="-5438" /><nd ref="-5439" /><nd ref="-5440" /><nd ref="-5441" /><nd ref="-5442" /><nd ref="-5443" /><nd ref="-5444" /><nd ref="-5445" /><nd ref="-5446" /><nd ref="-5447" /><tag k="highway" v="residential" /></way><way id="692694138"><nd ref="-2117" /><nd ref="-5448" /><nd ref="-5449" /><nd ref="-5450" /><nd ref="-5451" /><nd ref="-5452" /><nd ref="-5453" /><nd ref="-2138" /><tag k="highway" v="residential" /></way><way id="692694139"><nd ref="-2251" /><nd ref="-5454" /><nd ref="-5455" /><nd ref="-4803" /><tag k="highway" v="residential" /></way><way id="692703818"><nd ref="-4857" /><nd ref="-5456" /><nd ref="-5457" /><nd ref="-5458" /><nd ref="-5459" /><nd ref="-5460" /><nd ref="-5461" /><nd ref="-5462" /><nd ref="-5463" /><tag k="highway" v="residential" /></way><way id="693043695"><nd ref="-3689" /><nd ref="-5464" /><nd ref="-5465" /><nd ref="-5466" /><nd ref="-5467" /><nd ref="-5468" /><nd ref="-5469" /><nd ref="-5470" /><nd ref="-5471" /><nd ref="-5472" /><nd ref="-5473" /><nd ref="-5474" /><nd ref="-5475" /><tag k="highway" v="residential" /></way><way id="693049710"><nd ref="-3566" /><nd ref="-5476" /><nd ref="-5477" /><nd ref="-5478" /><nd ref="-5479" /><nd ref="-5480" /><nd ref="-5481" /><nd ref="-5482" /><nd ref="-5483" /><nd ref="-5484" /><nd ref="-5485" /><nd ref="-5486" /><nd ref="-5487" /><nd ref="-5488" /><nd ref="-5489" /><nd ref="-5490" /><nd ref="-5491" /><nd ref="-5492" /><nd ref="-5493" /><nd ref="-5494" /><nd ref="-5495" /><nd ref="-5496" /><nd ref="-5497" /><nd ref="-5498" /><nd ref="-5499" /><nd ref="-5500" /><nd ref="-5501" /><nd ref="-5502" /><nd ref="-5503" /><nd ref="-5504" /><nd ref="-5505" /><nd ref="-5506" /><nd ref="-5507" /><nd ref="-5508" /><tag k="highway" v="residential" /></way><way id="693143053"><nd ref="-5509" /><nd ref="-5510" /><nd ref="-5511" /><nd ref="-5512" /><nd ref="-5513" /><nd ref="-5514" /><nd ref="-5515" /><nd ref="-5516" /><nd ref="-5517" /><nd ref="-5518" /><nd ref="-5519" /><nd ref="-448" /><tag k="highway" v="residential" /></way><way id="693143057"><nd ref="-3889" /><nd ref="-5520" /><nd ref="-5521" /><nd ref="-5522" /><nd ref="-5523" /><nd ref="-5524" /><tag k="highway" v="residential" /></way><way id="693143058"><nd ref="-5525" /><nd ref="-5526" /><nd ref="-5527" /><nd ref="-5528" /><tag k="highway" v="residential" /><tag k="name" v="مدخل الحديجي" /><tag k="name:ar" v="مدخل الحديجي" /><tag k="sidewalk" v="yes" /><tag k="smoothness" v="good" /><tag k="surface" v="tricouche" /></way><way id="693143061"><nd ref="-467" /><nd ref="-5529" /><nd ref="-5530" /><nd ref="-5531" /><nd ref="-5532" /><nd ref="-5533" /><nd ref="-5534" /><nd ref="-5535" /><nd ref="-5536" /><nd ref="-5537" /><nd ref="-5538" /><nd ref="-5539" /><nd ref="-5540" /><nd ref="-5541" /><nd ref="-5542" /><tag k="highway" v="residential" /></way><way id="693143064"><nd ref="-3897" /><nd ref="-5543" /><nd ref="-5544" /><nd ref="-5545" /><nd ref="-5546" /><nd ref="-5547" /><nd ref="-5548" /><nd ref="-5549" /><nd ref="-5550" /><nd ref="-5551" /><nd ref="-5552" /><nd ref="-5553" /><nd ref="-5554" /><nd ref="-5555" /><tag k="highway" v="residential" /><tag k="name" v="مدخل ولها" /><tag k="name:ar" v="مدخل ولها" /><tag k="sidewalk" v="no" /><tag k="smoothness" v="intermediate" /><tag k="surface" v="ground" /></way><way id="693143065"><nd ref="-3895" /><nd ref="-5556" /><nd ref="-5557" /><nd ref="-5558" /><tag k="highway" v="residential" /></way><way id="693145210"><nd ref="-5559" /><nd ref="-5560" /><tag k="highway" v="residential" /></way><way id="693145211"><nd ref="-5561" /><nd ref="-5562" /><nd ref="-5563" /><tag k="highway" v="residential" /></way><way id="693145215"><nd ref="-468" /><nd ref="-5564" /><nd ref="-5565" /><nd ref="-5566" /><nd ref="-5567" /><nd ref="-5568" /><nd ref="-5569" /><nd ref="-5570" /><nd ref="-5571" /><nd ref="-5572" /><nd ref="-5573" /><nd ref="-5574" /><nd ref="-5575" /><tag k="highway" v="residential" /><tag k="name" v="مدخل الفريخة" /><tag k="name:ar" v="مدخل الفريخة" /><tag k="sidewalk" v="no" /><tag k="smoothness" v="bad" /><tag k="surface" v="ground" /></way><way id="693373034"><nd ref="-5576" /><nd ref="-5577" /><nd ref="-5578" /><tag k="highway" v="residential" /></way><way id="693373035"><nd ref="-5579" /><nd ref="-5580" /><nd ref="-5581" /><nd ref="-5582" /><nd ref="-5583" /><nd ref="-5584" /><nd ref="-5576" /><tag k="highway" v="residential" /></way><way id="693373036"><nd ref="-5585" /><nd ref="-2714" /><tag k="highway" v="residential" /></way><way id="693502194"><nd ref="-5586" /><nd ref="-5587" /><nd ref="-5588" /><nd ref="-5589" /><nd ref="-5590" /><tag k="highway" v="residential" /></way><way id="693502198"><nd ref="-4239" /><nd ref="-5591" /><tag k="highway" v="residential" /></way><way id="693502199"><nd ref="-5592" /><nd ref="-5593" /><nd ref="-5591" /><nd ref="-5594" /><nd ref="-5595" /><nd ref="-5596" /><nd ref="-5597" /><nd ref="-5598" /><nd ref="-4244" /><tag k="highway" v="residential" /></way><way id="693510147"><nd ref="-5599" /><nd ref="-5600" /><nd ref="-5601" /><nd ref="-5602" /><tag k="highway" v="residential" /></way><way id="693510148"><nd ref="-5603" /><nd ref="-5604" /><nd ref="-5599" /><tag k="highway" v="residential" /></way><way id="693510149"><nd ref="-5593" /><nd ref="-5605" /><nd ref="-5606" /><nd ref="-5607" /><nd ref="-5608" /><nd ref="-5609" /><nd ref="-5610" /><tag k="highway" v="residential" /></way><way id="693510150"><nd ref="-5611" /><nd ref="-5612" /><nd ref="-5613" /><nd ref="-5614" /><nd ref="-5615" /><nd ref="-5616" /><nd ref="-5617" /><tag k="highway" v="residential" /></way><way id="693510153"><nd ref="-5618" /><nd ref="-5619" /><nd ref="-5620" /><nd ref="-5621" /><nd ref="-5622" /><nd ref="-5617" /><nd ref="-5623" /><nd ref="-5624" /><nd ref="-5625" /><nd ref="-5592" /><tag k="highway" v="residential" /></way><way id="693510155"><nd ref="-2712" /><nd ref="-5586" /><tag k="highway" v="residential" /></way><way id="693585420"><nd ref="-4759" /><nd ref="-5626" /><nd ref="-1046" /><nd ref="-5627" /><nd ref="-5628" /><nd ref="-1062" /><nd ref="-77" /><tag k="highway" v="tertiary" /><tag k="oneway" v="no" /></way><way id="693585421"><nd ref="-4759" /><nd ref="-233" /><tag k="highway" v="tertiary" /></way><way id="693585422"><nd ref="-232" /><nd ref="-4760" /><tag k="highway" v="residential" /></way><way id="693585879"><nd ref="-5629" /><nd ref="-5630" /><nd ref="-5631" /><nd ref="-5632" /><nd ref="-5633" /><nd ref="-5634" /><nd ref="-5635" /><nd ref="-5636" /><nd ref="-5637" /><nd ref="-5638" /><nd ref="-5639" /><nd ref="-5640" /><nd ref="-5641" /><tag k="highway" v="unclassified" /></way><way id="693596338"><nd ref="-5642" /><nd ref="-5643" /><nd ref="-5644" /><nd ref="-5645" /><nd ref="-5646" /><nd ref="-5647" /><nd ref="-4061" /><tag k="highway" v="residential" /></way><way id="693597877"><nd ref="-4067" /><nd ref="-5648" /><nd ref="-5649" /><nd ref="-5650" /><nd ref="-5651" /><nd ref="-5652" /><nd ref="-5653" /><tag k="highway" v="residential" /></way><way id="693601401"><nd ref="-5654" /><nd ref="-4871" /><tag k="highway" v="service" /><tag k="oneway" v="yes" /><tag k="smoothness" v="intermediate" /><tag k="surface" v="asphalt" /></way><way id="693648175"><nd ref="-5655" /><nd ref="-5656" /><nd ref="-5657" /><nd ref="-5658" /><nd ref="-5659" /><nd ref="-5660" /><nd ref="-5661" /><nd ref="-5662" /><nd ref="-5663" /><nd ref="-5664" /><nd ref="-5665" /><nd ref="-5666" /><nd ref="-5667" /><nd ref="-5668" /><nd ref="-5669" /><nd ref="-5670" /><nd ref="-5671" /><nd ref="-5672" /><nd ref="-5673" /><nd ref="-5674" /><nd ref="-5675" /><nd ref="-5676" /><nd ref="-5677" /><nd ref="-5678" /><nd ref="-5679" /><tag k="highway" v="residential" /></way><way id="693648178"><nd ref="-5680" /><nd ref="-5681" /><nd ref="-5682" /><nd ref="-5683" /><nd ref="-5684" /><nd ref="-5685" /><nd ref="-5686" /><nd ref="-5687" /><nd ref="-5688" /><nd ref="-5689" /><nd ref="-5690" /><nd ref="-5691" /><nd ref="-5692" /><nd ref="-5693" /><nd ref="-5662" /><nd ref="-5694" /><nd ref="-5679" /><nd ref="-5695" /><nd ref="-5696" /><nd ref="-5697" /><nd ref="-5698" /><nd ref="-5699" /><nd ref="-5700" /><nd ref="-5701" /><nd ref="-5702" /><nd ref="-3039" /><tag k="highway" v="residential" /></way><way id="693648179"><nd ref="-3906" /><nd ref="-5703" /><nd ref="-5704" /><nd ref="-5705" /><nd ref="-5706" /><nd ref="-5707" /><nd ref="-5708" /><nd ref="-5709" /><nd ref="-5710" /><nd ref="-5711" /><nd ref="-5712" /><nd ref="-5713" /><nd ref="-5714" /><nd ref="-5655" /><nd ref="-5715" /><nd ref="-5716" /><nd ref="-5717" /><nd ref="-3037" /><tag k="highway" v="unclassified" /></way><way id="693648180"><nd ref="-3077" /><nd ref="-5718" /><nd ref="-3984" /><tag k="highway" v="residential" /></way><way id="693648182"><nd ref="-3984" /><nd ref="-5719" /><nd ref="-5720" /><nd ref="-5721" /><nd ref="-5722" /><nd ref="-5723" /><nd ref="-5724" /><nd ref="-3024" /><tag k="highway" v="residential" /></way><way id="693650666"><nd ref="-5725" /><nd ref="-5726" /><tag k="highway" v="residential" /></way><way id="693650668"><nd ref="-5727" /><nd ref="-5728" /><nd ref="-5729" /><nd ref="-5730" /><nd ref="-5731" /><nd ref="-5732" /><nd ref="-5733" /><nd ref="-5734" /><nd ref="-5725" /><nd ref="-5721" /><tag k="highway" v="residential" /></way><way id="693711039"><nd ref="-3976" /><nd ref="-5735" /><nd ref="-5736" /><nd ref="-5737" /><nd ref="-5738" /><nd ref="-5739" /><nd ref="-5740" /><nd ref="-5741" /><nd ref="-5742" /><nd ref="-5743" /><nd ref="-5744" /><nd ref="-3987" /><tag k="highway" v="residential" /></way><way id="693711040"><nd ref="-5745" /><nd ref="-5735" /><nd ref="-5746" /><nd ref="-5747" /><nd ref="-5748" /><nd ref="-5720" /><tag k="highway" v="residential" /></way><way id="693711041"><nd ref="-3975" /><nd ref="-5749" /><nd ref="-5745" /><nd ref="-5750" /><nd ref="-3990" /><tag k="highway" v="residential" /></way><way id="693711042"><nd ref="-4311" /><nd ref="-5751" /><nd ref="-5752" /><nd ref="-5753" /><nd ref="-5754" /><nd ref="-5755" /><nd ref="-5756" /><nd ref="-5757" /><nd ref="-5758" /><nd ref="-5759" /><tag k="highway" v="unclassified" /></way><way id="693711313"><nd ref="-5760" /><nd ref="-5761" /><nd ref="-5762" /><nd ref="-5763" /><nd ref="-5764" /><nd ref="-5765" /><nd ref="-5766" /><nd ref="-5767" /><nd ref="-5768" /><nd ref="-5769" /><nd ref="-5770" /><nd ref="-5771" /><nd ref="-5772" /><nd ref="-5773" /><nd ref="-5774" /><nd ref="-5775" /><nd ref="-5776" /><nd ref="-5777" /><nd ref="-5778" /><nd ref="-5779" /><nd ref="-5780" /><nd ref="-5781" /><nd ref="-5782" /><nd ref="-3642" /><tag k="highway" v="residential" /></way><way id="693715303"><nd ref="-5783" /><nd ref="-5784" /><nd ref="-5785" /><nd ref="-5786" /><nd ref="-5787" /><tag k="highway" v="residential" /></way><way id="693717792"><nd ref="-5788" /><nd ref="-5789" /><nd ref="-5790" /><tag k="highway" v="residential" /></way><way id="693718882"><nd ref="-4311" /><nd ref="-5791" /><nd ref="-5792" /><nd ref="-5793" /><nd ref="-5794" /><nd ref="-5795" /><nd ref="-5796" /><nd ref="-5797" /><nd ref="-5798" /><nd ref="-5799" /><nd ref="-5800" /><nd ref="-5801" /><nd ref="-5802" /><nd ref="-5803" /><nd ref="-3035" /><tag k="highway" v="residential" /></way><way id="693718883"><nd ref="-5750" /><nd ref="-3991" /><tag k="highway" v="residential" /></way><way id="693725092"><nd ref="-5804" /><nd ref="-5805" /><nd ref="-5806" /><nd ref="-5807" /><nd ref="-5808" /><nd ref="-5809" /><nd ref="-5810" /><nd ref="-5811" /><tag k="highway" v="residential" /></way><way id="693725093"><nd ref="-4061" /><nd ref="-5812" /><nd ref="-5813" /><nd ref="-5814" /><nd ref="-5815" /><nd ref="-5816" /><nd ref="-5817" /><nd ref="-5818" /><nd ref="-5819" /><nd ref="-5820" /><nd ref="-5821" /><nd ref="-5822" /><tag k="highway" v="residential" /></way><way id="693737401"><nd ref="-589" /><nd ref="-5823" /><nd ref="-5824" /><nd ref="-5825" /><nd ref="-5826" /><tag k="highway" v="residential" /></way><way id="693737402"><nd ref="-5623" /><nd ref="-5827" /><tag k="highway" v="residential" /></way><way id="693737403"><nd ref="-2710" /><nd ref="-5828" /><nd ref="-5829" /><nd ref="-5830" /><nd ref="-5581" /><tag k="highway" v="residential" /></way><way id="693738869"><nd ref="-5831" /><nd ref="-5832" /><nd ref="-5833" /><nd ref="-5834" /><nd ref="-5835" /><nd ref="-5836" /><nd ref="-5837" /><nd ref="-5838" /><nd ref="-5839" /><nd ref="-5840" /><nd ref="-5841" /><nd ref="-5842" /><nd ref="-5843" /><nd ref="-5844" /><tag k="highway" v="residential" /></way><way id="693738871"><nd ref="-3652" /><nd ref="-5845" /><tag k="highway" v="residential" /></way><way id="693739193"><nd ref="-4137" /><nd ref="-5846" /><nd ref="-5847" /><nd ref="-5848" /><nd ref="-5849" /><nd ref="-5850" /><nd ref="-5851" /><nd ref="-5852" /><nd ref="-5853" /><nd ref="-5854" /><nd ref="-5855" /><nd ref="-5856" /><nd ref="-5857" /><nd ref="-5858" /><nd ref="-5859" /><nd ref="-5860" /><nd ref="-5861" /><nd ref="-5862" /><nd ref="-5863" /><tag k="highway" v="residential" /></way><way id="693741601"><nd ref="-5864" /><nd ref="-5865" /><nd ref="-5866" /><tag k="highway" v="residential" /></way><way id="693781372"><nd ref="-2724" /><nd ref="-5867" /><nd ref="-5868" /><nd ref="-5869" /><nd ref="-5870" /><tag k="highway" v="residential" /></way><way id="693781374"><nd ref="-5871" /><nd ref="-394" /><tag k="highway" v="residential" /></way><way id="693781375"><nd ref="-2730" /><nd ref="-5872" /><nd ref="-5873" /><nd ref="-5871" /><nd ref="-5874" /><nd ref="-5875" /><tag k="highway" v="residential" /></way><way id="693786064"><nd ref="-5876" /><nd ref="-5877" /><nd ref="-5878" /><nd ref="-5879" /><nd ref="-5880" /><nd ref="-5881" /><nd ref="-5882" /><nd ref="-5883" /><nd ref="-5884" /><nd ref="-5885" /><tag k="highway" v="residential" /></way><way id="694052530"><nd ref="-2846" /><nd ref="-5886" /><nd ref="-5887" /><nd ref="-5888" /><nd ref="-5889" /><nd ref="-5890" /><nd ref="-5891" /><tag k="highway" v="tertiary" /><tag k="name" v="نهج التضامن" /><tag k="name:ar" v="نهج التضامن" /><tag k="name:fr" v="Rue de la Solidarité" /><tag k="oneway" v="yes" /></way><way id="694052531"><nd ref="-2841" /><nd ref="-1788" /><nd ref="-5892" /><nd ref="-5893" /><nd ref="-5894" /><tag k="highway" v="tertiary" /><tag k="name" v="نهج التضامن" /><tag k="name:ar" v="نهج التضامن" /><tag k="name:fr" v="Rue de la Solidarité" /><tag k="oneway" v="yes" /></way><way id="694061752"><nd ref="-331" /><nd ref="-5895" /><nd ref="-5896" /><nd ref="-5897" /><nd ref="-5898" /><nd ref="-5899" /><nd ref="-346" /><nd ref="-5900" /><nd ref="-836" /><nd ref="-5901" /><nd ref="-5902" /><nd ref="-5903" /><nd ref="-848" /><nd ref="-830" /><nd ref="-5904" /><nd ref="-5905" /><nd ref="-844" /><nd ref="-5906" /><nd ref="-4437" /><nd ref="-347" /><nd ref="-331" /><tag k="highway" v="primary" /><tag k="junction" v="roundabout" /><tag k="lanes" v="1" /><tag k="maxspeed" v="30" /><tag k="oneway" v="yes" /><tag k="ref" v="RN1" /></way><way id="694198807"><nd ref="-484" /><nd ref="-5907" /><nd ref="-5908" /><nd ref="-5909" /><nd ref="-5910" /><nd ref="-5911" /><nd ref="-5912" /><nd ref="-5913" /><tag k="highway" v="residential" /></way><way id="694198809"><nd ref="-491" /><nd ref="-5914" /><nd ref="-5915" /><nd ref="-5916" /><nd ref="-5917" /><nd ref="-5918" /><nd ref="-5919" /><tag k="highway" v="residential" /></way><way id="694198810"><nd ref="-470" /><nd ref="-5920" /><nd ref="-5921" /><nd ref="-5922" /><nd ref="-5923" /><tag k="highway" v="residential" /><tag k="name" v="مدخل الزغل" /><tag k="name:ar" v="مدخل الزغل" /><tag k="sidewalk" v="n" /><tag k="smoothness" v="bad" /><tag k="surface" v="ground" /></way><way id="694198811"><nd ref="-5565" /><nd ref="-5924" /><nd ref="-5925" /><nd ref="-5926" /><nd ref="-5927" /><nd ref="-5928" /><nd ref="-5929" /><nd ref="-5930" /><nd ref="-5931" /><nd ref="-5923" /><tag k="highway" v="residential" /></way><way id="694198812"><nd ref="-5923" /><nd ref="-5932" /><nd ref="-5933" /><nd ref="-5934" /><nd ref="-5935" /><nd ref="-5936" /><nd ref="-5937" /><nd ref="-5938" /><nd ref="-5939" /><nd ref="-5940" /><nd ref="-5941" /><nd ref="-5942" /><nd ref="-5943" /><nd ref="-5944" /><nd ref="-5945" /><nd ref="-5946" /><nd ref="-5947" /><nd ref="-5948" /><nd ref="-5949" /><nd ref="-472" /><tag k="highway" v="residential" /></way><way id="694199186"><nd ref="-862" /><nd ref="-5950" /><nd ref="-904" /><tag k="highway" v="residential" /></way><way id="694199187"><nd ref="-863" /><nd ref="-5951" /><nd ref="-903" /><tag k="highway" v="residential" /></way><way id="694265927"><nd ref="-3861" /><nd ref="-5952" /><tag k="highway" v="residential" /></way><way id="694265944"><nd ref="-5247" /><nd ref="-5953" /><nd ref="-5954" /><nd ref="-5955" /><nd ref="-5956" /><nd ref="-5957" /><nd ref="-5958" /><tag k="highway" v="residential" /></way><way id="694276221"><nd ref="-5959" /><nd ref="-5960" /><nd ref="-5961" /><tag k="highway" v="residential" /></way><way id="694276222"><nd ref="-5962" /><nd ref="-5963" /><nd ref="-5964" /><nd ref="-5959" /><tag k="highway" v="residential" /></way><way id="694276223"><nd ref="-5171" /><nd ref="-5962" /><tag k="highway" v="residential" /></way><way id="694276224"><nd ref="-5962" /><nd ref="-5965" /><nd ref="-5966" /><nd ref="-5961" /><tag k="highway" v="residential" /></way><way id="694276225"><nd ref="-5967" /><nd ref="-5968" /><tag k="highway" v="residential" /></way><way id="694276226"><nd ref="-614" /><nd ref="-5967" /><nd ref="-5969" /><nd ref="-5970" /><tag k="highway" v="residential" /></way><way id="694304440"><nd ref="-5259" /><nd ref="-5262" /><nd ref="-5971" /><tag k="highway" v="residential" /></way><way id="694439391"><nd ref="-2939" /><nd ref="-5972" /><nd ref="-5973" /><nd ref="-5974" /><nd ref="-5975" /><nd ref="-5976" /><nd ref="-5977" /><nd ref="-5978" /><nd ref="-5979" /><nd ref="-4070" /><tag k="highway" v="residential" /></way><way id="694439392"><nd ref="-1392" /><nd ref="-5980" /><nd ref="-5981" /><nd ref="-5982" /><nd ref="-5983" /><nd ref="-5984" /><nd ref="-5985" /><tag k="highway" v="residential" /></way><way id="694439393"><nd ref="-5986" /><nd ref="-5987" /><tag k="highway" v="residential" /></way><way id="694439394"><nd ref="-2922" /><nd ref="-5986" /><nd ref="-5988" /><nd ref="-5989" /><nd ref="-5990" /><nd ref="-5991" /><nd ref="-5992" /><tag k="highway" v="residential" /></way><way id="694439395"><nd ref="-2870" /><nd ref="-5993" /><nd ref="-5994" /><nd ref="-5992" /><nd ref="-5995" /><nd ref="-5987" /><nd ref="-5996" /><nd ref="-2928" /><tag k="highway" v="residential" /></way><way id="694439396"><nd ref="-5997" /><nd ref="-5998" /><nd ref="-5999" /><nd ref="-6000" /><tag k="highway" v="residential" /></way><way id="694439397"><nd ref="-6001" /><nd ref="-6002" /><nd ref="-5997" /><nd ref="-6003" /><nd ref="-6004" /><nd ref="-6005" /><tag k="highway" v="residential" /></way><way id="694439398"><nd ref="-2297" /><nd ref="-6006" /><nd ref="-6007" /><nd ref="-6008" /><nd ref="-6009" /><nd ref="-6010" /><nd ref="-2302" /><tag k="highway" v="residential" /></way><way id="694439399"><nd ref="-4218" /><nd ref="-6011" /><nd ref="-6012" /><nd ref="-6013" /><nd ref="-6014" /><nd ref="-2875" /><tag k="highway" v="residential" /></way><way id="694455517"><nd ref="-6015" /><nd ref="-6016" /><tag k="highway" v="residential" /></way><way id="694455518"><nd ref="-5327" /><nd ref="-6017" /><tag k="highway" v="residential" /></way><way id="694455519"><nd ref="-4075" /><nd ref="-6018" /><nd ref="-6019" /><nd ref="-6020" /><nd ref="-6021" /><nd ref="-6022" /><nd ref="-6023" /><tag k="highway" v="residential" /></way><way id="694455520"><nd ref="-4076" /><nd ref="-6024" /><tag k="highway" v="residential" /></way><way id="694455522"><nd ref="-6025" /><nd ref="-6026" /><nd ref="-6027" /><nd ref="-6028" /><nd ref="-6029" /><tag k="highway" v="residential" /></way><way id="694455523"><nd ref="-4074" /><nd ref="-6030" /><nd ref="-6031" /><tag k="highway" v="residential" /></way><way id="694455524"><nd ref="-6032" /><nd ref="-6033" /><tag k="highway" v="residential" /></way><way id="694455525"><nd ref="-4077" /><nd ref="-6034" /><nd ref="-6035" /><tag k="highway" v="residential" /></way><way id="694455527"><nd ref="-4073" /><nd ref="-6036" /><nd ref="-6037" /><nd ref="-6038" /><nd ref="-6039" /><nd ref="-6040" /><nd ref="-6041" /><tag k="highway" v="residential" /></way><way id="694455528"><nd ref="-6042" /><nd ref="-6043" /><tag k="highway" v="residential" /></way><way id="694455529"><nd ref="-5368" /><nd ref="-6044" /><nd ref="-6045" /><nd ref="-6046" /><nd ref="-6047" /><nd ref="-6048" /><tag k="highway" v="residential" /></way><way id="694455530"><nd ref="-5989" /><nd ref="-6049" /><nd ref="-6050" /><nd ref="-6051" /><nd ref="-6052" /><nd ref="-6053" /><nd ref="-6054" /><nd ref="-5993" /><tag k="highway" v="residential" /></way><way id="694455531"><nd ref="-2872" /><nd ref="-6055" /><tag k="highway" v="residential" /></way><way id="694455532"><nd ref="-2876" /><nd ref="-6056" /><tag k="highway" v="residential" /></way><way id="694455533"><nd ref="-2882" /><nd ref="-6057" /><tag k="highway" v="residential" /></way><way id="694455534"><nd ref="-2290" /><nd ref="-6058" /><nd ref="-6059" /><nd ref="-6060" /><tag k="highway" v="residential" /></way><way id="694455535"><nd ref="-2930" /><nd ref="-6061" /><tag k="highway" v="residential" /></way><way id="694455536"><nd ref="-2932" /><nd ref="-6062" /><tag k="highway" v="residential" /></way><way id="694455537"><nd ref="-2886" /><nd ref="-6063" /><tag k="highway" v="residential" /></way><way id="694455538"><nd ref="-2894" /><nd ref="-6064" /><tag k="highway" v="residential" /></way><way id="694455539"><nd ref="-2890" /><nd ref="-6065" /><nd ref="-6066" /><nd ref="-6067" /><nd ref="-6068" /><nd ref="-6069" /><nd ref="-6070" /><tag k="highway" v="residential" /></way><way id="694455540"><nd ref="-2303" /><nd ref="-6071" /><nd ref="-6072" /><nd ref="-6073" /><nd ref="-6074" /><tag k="highway" v="residential" /></way><way id="694455541"><nd ref="-2300" /><nd ref="-6075" /><nd ref="-6076" /><nd ref="-6077" /><nd ref="-6078" /><nd ref="-6079" /><nd ref="-6080" /><nd ref="-6081" /><nd ref="-6082" /><nd ref="-6083" /><tag k="highway" v="residential" /></way><way id="694455542"><nd ref="-2298" /><nd ref="-6084" /><tag k="highway" v="residential" /></way><way id="694455543"><nd ref="-2296" /><nd ref="-6085" /><tag k="highway" v="residential" /></way><way id="694455544"><nd ref="-3378" /><nd ref="-6086" /><nd ref="-6087" /><nd ref="-6088" /><nd ref="-6089" /><nd ref="-6090" /><nd ref="-6091" /><nd ref="-6092" /><nd ref="-6093" /><nd ref="-6094" /><nd ref="-6095" /><tag k="highway" v="residential" /></way><way id="694455545"><nd ref="-2292" /><nd ref="-6096" /><tag k="highway" v="residential" /></way><way id="694455547"><nd ref="-6097" /><nd ref="-6098" /><nd ref="-6099" /><nd ref="-6100" /><tag k="highway" v="residential" /></way><way id="694455548"><nd ref="-5329" /><nd ref="-6101" /><tag k="highway" v="residential" /></way><way id="694455549"><nd ref="-6102" /><nd ref="-6103" /><tag k="highway" v="residential" /></way><way id="694455550"><nd ref="-2927" /><nd ref="-6104" /><tag k="highway" v="residential" /></way><way id="694455551"><nd ref="-6105" /><nd ref="-6106" /><nd ref="-6107" /><nd ref="-6108" /><nd ref="-6109" /><nd ref="-6110" /><nd ref="-6111" /><nd ref="-6112" /><nd ref="-6113" /><nd ref="-6114" /><nd ref="-2933" /><nd ref="-6115" /><tag k="highway" v="residential" /></way><way id="694455552"><nd ref="-2935" /><nd ref="-6116" /><tag k="highway" v="residential" /></way><way id="694455553"><nd ref="-2880" /><nd ref="-6117" /><tag k="highway" v="residential" /></way><way id="694455554"><nd ref="-2871" /><nd ref="-6118" /><nd ref="-6119" /><nd ref="-6120" /><nd ref="-6121" /><nd ref="-6122" /><nd ref="-6123" /><nd ref="-6124" /><tag k="highway" v="residential" /></way><way id="694455555"><nd ref="-2285" /><nd ref="-6125" /><tag k="highway" v="residential" /></way><way id="694455556"><nd ref="-6126" /><nd ref="-6127" /><nd ref="-6128" /><nd ref="-6129" /><nd ref="-6130" /><nd ref="-6131" /><nd ref="-6132" /><tag k="highway" v="residential" /></way><way id="694455557"><nd ref="-5337" /><nd ref="-6133" /><tag k="highway" v="residential" /></way><way id="694455558"><nd ref="-2304" /><nd ref="-6134" /><nd ref="-6135" /><nd ref="-6136" /><nd ref="-6137" /><nd ref="-2893" /><tag k="highway" v="residential" /></way><way id="694458087"><nd ref="-2888" /><nd ref="-6138" /><tag k="highway" v="residential" /></way><way id="694536790"><nd ref="-2896" /><nd ref="-6139" /><nd ref="-6140" /><nd ref="-6141" /><nd ref="-6142" /><tag k="highway" v="residential" /></way><way id="694962089"><nd ref="-6143" /><nd ref="-6144" /><nd ref="-6145" /><nd ref="-6146" /><nd ref="-6147" /><nd ref="-6148" /><nd ref="-6149" /><nd ref="-6150" /><nd ref="-6151" /><nd ref="-6152" /><nd ref="-6153" /><nd ref="-6154" /><nd ref="-6155" /><nd ref="-6156" /><tag k="highway" v="residential" /></way><way id="694962090"><nd ref="-5118" /><nd ref="-6157" /><nd ref="-6158" /><nd ref="-6159" /><nd ref="-6160" /><nd ref="-6161" /><nd ref="-6162" /><nd ref="-6163" /><tag k="highway" v="residential" /></way><way id="694962091"><nd ref="-6164" /><nd ref="-6165" /><nd ref="-6166" /><nd ref="-6167" /><tag k="highway" v="residential" /></way><way id="694962092"><nd ref="-6168" /><nd ref="-6169" /><nd ref="-6170" /><nd ref="-6171" /><nd ref="-6172" /><nd ref="-6173" /><nd ref="-6174" /><nd ref="-6175" /><nd ref="-6176" /><nd ref="-6177" /><nd ref="-1528" /><tag k="highway" v="residential" /></way><way id="694962093"><nd ref="-6178" /><nd ref="-6179" /><nd ref="-6180" /><nd ref="-6181" /><nd ref="-6182" /><tag k="highway" v="residential" /></way><way id="694962094"><nd ref="-6183" /><nd ref="-6184" /><nd ref="-6185" /><nd ref="-6178" /><nd ref="-6186" /><tag k="highway" v="residential" /></way><way id="694962095"><nd ref="-4092" /><nd ref="-6187" /><nd ref="-6188" /><nd ref="-6189" /><nd ref="-6190" /><nd ref="-6191" /><nd ref="-6192" /><nd ref="-6193" /><nd ref="-6194" /><nd ref="-6195" /><nd ref="-6196" /><nd ref="-6197" /><nd ref="-6198" /><nd ref="-6199" /><nd ref="-6200" /><nd ref="-6201" /><nd ref="-6202" /><nd ref="-6203" /><nd ref="-6204" /><nd ref="-6205" /><nd ref="-6206" /><nd ref="-6207" /><nd ref="-6208" /><nd ref="-6209" /><nd ref="-6210" /><nd ref="-6211" /><nd ref="-6212" /><nd ref="-6213" /><tag k="highway" v="residential" /></way><way id="694962104"><nd ref="-6214" /><nd ref="-6215" /><nd ref="-6216" /><nd ref="-5863" /><nd ref="-6217" /><nd ref="-6218" /><nd ref="-6219" /><tag k="highway" v="residential" /></way><way id="694962105"><nd ref="-4093" /><nd ref="-6220" /><nd ref="-6221" /><nd ref="-6222" /><nd ref="-6223" /><nd ref="-6214" /><nd ref="-6224" /><nd ref="-6225" /><nd ref="-6226" /><nd ref="-6227" /><nd ref="-6228" /><nd ref="-6229" /><nd ref="-6230" /><nd ref="-6231" /><nd ref="-6232" /><nd ref="-6233" /><nd ref="-6234" /><nd ref="-6235" /><nd ref="-6236" /><nd ref="-6237" /><nd ref="-6238" /><nd ref="-6239" /><nd ref="-6240" /><nd ref="-6241" /><tag k="highway" v="residential" /></way><way id="694965846"><nd ref="-1525" /><nd ref="-6242" /><nd ref="-6243" /><tag k="highway" v="residential" /></way><way id="694965847"><nd ref="-2098" /><nd ref="-6244" /><nd ref="-6245" /><tag k="highway" v="residential" /></way><way id="694965848"><nd ref="-2099" /><nd ref="-6246" /><nd ref="-6247" /><nd ref="-6248" /><nd ref="-6249" /><nd ref="-6250" /><tag k="highway" v="residential" /></way><way id="694965849"><nd ref="-5114" /><nd ref="-6251" /><nd ref="-6252" /><nd ref="-6253" /><tag k="highway" v="residential" /></way><way id="694965851"><nd ref="-6254" /><nd ref="-6255" /><tag k="highway" v="residential" /></way><way id="694965852"><nd ref="-3174" /><nd ref="-6256" /><nd ref="-6257" /><nd ref="-6258" /><nd ref="-6259" /><nd ref="-6260" /><nd ref="-6261" /><nd ref="-6262" /><nd ref="-6263" /><nd ref="-6264" /><nd ref="-6265" /><nd ref="-6266" /><nd ref="-6267" /><nd ref="-6268" /><nd ref="-6269" /><nd ref="-6270" /><nd ref="-6254" /><nd ref="-6271" /><nd ref="-6272" /><nd ref="-6273" /><nd ref="-6274" /><nd ref="-6275" /><nd ref="-6276" /><tag k="highway" v="residential" /></way><way id="694968672"><nd ref="-6277" /><nd ref="-6278" /><nd ref="-6279" /><nd ref="-6280" /><nd ref="-6281" /><nd ref="-6282" /><tag k="highway" v="residential" /></way><way id="695042383"><nd ref="-6283" /><nd ref="-6284" /><nd ref="-6285" /><nd ref="-181" /><nd ref="-4772" /><nd ref="-6286" /><nd ref="-2325" /><tag k="highway" v="primary" /><tag k="lanes" v="1" /><tag k="maxspeed" v="50" /><tag k="name" v="شارع الحبيب بوقطفة" /><tag k="name:ar" v="شارع الحبيب بوقطفة" /><tag k="name:fr" v="Avenue Habib Bougatfa" /><tag k="oneway" v="yes" /><tag k="ref" v="RR82" /><tag k="surface" v="asphalt" /></way><way id="695042384"><nd ref="-2325" /><nd ref="-6287" /><nd ref="-6288" /><nd ref="-4773" /><nd ref="-180" /><nd ref="-4391" /><nd ref="-6289" /><nd ref="-6283" /><tag k="highway" v="primary" /><tag k="lanes" v="1" /><tag k="maxspeed" v="50" /><tag k="name" v="شارع الحبيب بوقطفة" /><tag k="name:ar" v="شارع الحبيب بوقطفة" /><tag k="name:fr" v="Avenue Habib Bougatfa" /><tag k="oneway" v="yes" /><tag k="ref" v="RR82" /><tag k="surface" v="asphalt" /></way><way id="695510973"><nd ref="-6290" /><nd ref="-6291" /><tag k="highway" v="residential" /></way><way id="695510974"><nd ref="-6292" /><nd ref="-6293" /><tag k="highway" v="residential" /></way><way id="695510975"><nd ref="-6294" /><nd ref="-6295" /><nd ref="-6296" /><nd ref="-6297" /><nd ref="-6298" /><nd ref="-6299" /><nd ref="-6300" /><nd ref="-6301" /><nd ref="-6302" /><nd ref="-6303" /><nd ref="-6304" /><nd ref="-6305" /><nd ref="-6306" /><nd ref="-6307" /><nd ref="-6308" /><nd ref="-6309" /><nd ref="-1881" /><tag k="highway" v="residential" /><tag k="name" v="نهج 511" /><tag k="name:ar" v="نهج 511" /><tag k="name:fr" v="Rue 511" /></way><way id="695510976"><nd ref="-6307" /><nd ref="-6310" /><nd ref="-6311" /><nd ref="-6312" /><nd ref="-6313" /><nd ref="-1653" /><tag k="highway" v="residential" /><tag k="name" v="نهج 531" /><tag k="name:ar" v="نهج 531" /><tag k="name:fr" v="Rue 531" /></way><way id="695510977"><nd ref="-1885" /><nd ref="-6314" /><nd ref="-6315" /><nd ref="-6316" /><nd ref="-6317" /><tag k="highway" v="residential" /></way><way id="695510978"><nd ref="-3355" /><nd ref="-6318" /><nd ref="-1772" /><tag k="highway" v="residential" /></way><way id="695510979"><nd ref="-4736" /><nd ref="-6319" /><nd ref="-6320" /><tag k="highway" v="residential" /><tag k="name" v="نهج 564" /><tag k="name:ar" v="نهج 564" /><tag k="name:fr" v="Rue 564" /></way><way id="695512653"><nd ref="-6321" /><nd ref="-6322" /><nd ref="-6323" /><nd ref="-6324" /><tag k="highway" v="residential" /></way><way id="695515028"><nd ref="-6325" /><nd ref="-6326" /><nd ref="-6327" /><nd ref="-2704" /><tag k="highway" v="residential" /><tag k="oneway" v="yes" /></way><way id="695515029"><nd ref="-2708" /><nd ref="-6321" /><tag k="highway" v="unclassified" /><tag k="name" v="نهج عبيد الله المهدي" /><tag k="name:ar" v="نهج عبيد الله المهدي" /><tag k="name:fr" v="Rue Oubeid Allah El Mehdi" /></way><way id="695515030"><nd ref="-2704" /><nd ref="-5035" /><tag k="highway" v="residential" /></way><way id="695515031"><nd ref="-4548" /><nd ref="-6328" /><nd ref="-6329" /><tag k="highway" v="residential" /></way><way id="695515032"><nd ref="-4550" /><nd ref="-6330" /><nd ref="-6331" /><nd ref="-6332" /><nd ref="-6333" /><tag k="highway" v="residential" /></way><way id="695515033"><nd ref="-4552" /><nd ref="-6334" /><nd ref="-6335" /><nd ref="-6336" /><tag k="highway" v="residential" /></way><way id="695515034"><nd ref="-5222" /><nd ref="-6337" /><nd ref="-6338" /><nd ref="-6339" /><nd ref="-6340" /><nd ref="-6341" /><nd ref="-6342" /><nd ref="-6343" /><nd ref="-6344" /><tag k="highway" v="residential" /></way><way id="695515035"><nd ref="-2688" /><nd ref="-6345" /><tag k="highway" v="residential" /></way><way id="695515036"><nd ref="-6346" /><nd ref="-6347" /><nd ref="-6348" /><nd ref="-6349" /><nd ref="-6350" /><nd ref="-6351" /><nd ref="-6352" /><nd ref="-6353" /><nd ref="-6354" /><nd ref="-6355" /><nd ref="-6356" /><nd ref="-6357" /><nd ref="-6358" /><nd ref="-6359" /><nd ref="-6360" /><nd ref="-6361" /><nd ref="-6362" /><nd ref="-6363" /><tag k="highway" v="residential" /></way><way id="695515037"><nd ref="-2679" /><nd ref="-6364" /><tag k="highway" v="residential" /></way><way id="695515038"><nd ref="-6365" /><nd ref="-6366" /><tag k="highway" v="residential" /></way><way id="695515039"><nd ref="-2682" /><nd ref="-6367" /><tag k="highway" v="residential" /></way><way id="695515040"><nd ref="-2684" /><nd ref="-6368" /><tag k="highway" v="residential" /></way><way id="695515041"><nd ref="-2686" /><nd ref="-6369" /><tag k="highway" v="residential" /></way><way id="695515042"><nd ref="-2685" /><nd ref="-6370" /><nd ref="-6371" /><nd ref="-6372" /><nd ref="-6373" /><nd ref="-6374" /><tag k="highway" v="residential" /></way><way id="695515043"><nd ref="-6370" /><nd ref="-6375" /><tag k="highway" v="residential" /></way><way id="695535573"><nd ref="-2136" /><nd ref="-3136" /><tag k="highway" v="residential" /></way><way id="695535574"><nd ref="-2255" /><nd ref="-6376" /><nd ref="-6377" /><nd ref="-5451" /><tag k="highway" v="residential" /></way><way id="695535576"><nd ref="-2137" /><nd ref="-2254" /><tag k="highway" v="residential" /></way><way id="695535577"><nd ref="-6378" /><nd ref="-6379" /><nd ref="-6380" /><nd ref="-6381" /><nd ref="-6382" /><nd ref="-5115" /><tag k="highway" v="residential" /></way><way id="695601205"><nd ref="-1913" /><nd ref="-6383" /><nd ref="-6384" /><tag k="highway" v="residential" /></way><way id="695610725"><nd ref="-6385" /><nd ref="-6386" /><nd ref="-6387" /><nd ref="-6388" /><nd ref="-6389" /><nd ref="-6390" /><nd ref="-6391" /><tag k="highway" v="residential" /></way><way id="695610726"><nd ref="-6392" /><nd ref="-6393" /><nd ref="-6394" /><nd ref="-6395" /><nd ref="-6396" /><nd ref="-6397" /><nd ref="-6398" /><tag k="highway" v="residential" /></way><way id="695610727"><nd ref="-6399" /><nd ref="-6400" /><nd ref="-6401" /><nd ref="-6402" /><nd ref="-1661" /><tag k="highway" v="residential" /></way><way id="695610728"><nd ref="-6403" /><nd ref="-6404" /><nd ref="-6405" /><nd ref="-1659" /><tag k="highway" v="residential" /></way><way id="695610729"><nd ref="-6406" /><nd ref="-6407" /><nd ref="-6408" /><nd ref="-6409" /><tag k="highway" v="residential" /></way><way id="695610730"><nd ref="-2013" /><nd ref="-6410" /><nd ref="-6411" /><nd ref="-6412" /><nd ref="-6413" /><nd ref="-6414" /><nd ref="-6415" /><nd ref="-6416" /><nd ref="-6417" /><nd ref="-6418" /><nd ref="-6419" /><tag k="highway" v="residential" /></way><way id="695610731"><nd ref="-6420" /><nd ref="-6421" /><nd ref="-6422" /><nd ref="-6423" /><nd ref="-2262" /><tag k="highway" v="residential" /></way><way id="695612383"><nd ref="-1797" /><nd ref="-6424" /><nd ref="-6425" /><nd ref="-6426" /><nd ref="-1871" /><tag k="highway" v="residential" /></way><way id="695612384"><nd ref="-6427" /><nd ref="-6428" /><nd ref="-6429" /><nd ref="-1875" /><tag k="highway" v="residential" /></way><way id="695612385"><nd ref="-6430" /><nd ref="-6431" /><tag k="highway" v="residential" /></way><way id="695612386"><nd ref="-1876" /><nd ref="-6432" /><nd ref="-6433" /><nd ref="-6434" /><nd ref="-6430" /><tag k="highway" v="residential" /></way><way id="695612387"><nd ref="-1907" /><nd ref="-6435" /><tag k="highway" v="residential" /></way><way id="695612388"><nd ref="-6431" /><nd ref="-6436" /><nd ref="-6437" /><nd ref="-6438" /><nd ref="-6439" /><nd ref="-1845" /><tag k="highway" v="residential" /></way><way id="695612389"><nd ref="-6440" /><nd ref="-6441" /><nd ref="-6442" /><nd ref="-6443" /><nd ref="-6444" /><nd ref="-6431" /><tag k="highway" v="residential" /></way><way id="695612390"><nd ref="-6384" /><nd ref="-6445" /><nd ref="-6446" /><nd ref="-6447" /><nd ref="-6448" /><nd ref="-6449" /><nd ref="-6450" /><nd ref="-6451" /><nd ref="-6452" /><nd ref="-6440" /><tag k="highway" v="residential" /></way><way id="695612391"><nd ref="-6453" /><nd ref="-6454" /><nd ref="-1922" /><tag k="highway" v="residential" /></way><way id="695612392"><nd ref="-1920" /><nd ref="-6455" /><nd ref="-6456" /><tag k="highway" v="residential" /></way><way id="695612393"><nd ref="-6456" /><nd ref="-6457" /><nd ref="-6458" /><nd ref="-6453" /><tag k="highway" v="residential" /></way><way id="695612394"><nd ref="-6459" /><nd ref="-6460" /><nd ref="-1710" /><tag k="highway" v="residential" /></way><way id="695612395"><nd ref="-6461" /><nd ref="-6459" /><nd ref="-6462" /><nd ref="-1708" /><tag k="highway" v="residential" /><tag k="name" v="نهج 664" /><tag k="name:ar" v="نهج 664" /><tag k="name:fr" v="Rue 664" /></way><way id="695612396"><nd ref="-6463" /><nd ref="-6464" /><nd ref="-6465" /><nd ref="-6466" /><nd ref="-6467" /><nd ref="-1707" /><tag k="highway" v="residential" /><tag k="name" v="نهج 670" /><tag k="name:ar" v="نهج 670" /><tag k="name:fr" v="Rue 670" /></way><way id="695612397"><nd ref="-6468" /><nd ref="-6469" /><nd ref="-6470" /><nd ref="-6471" /><nd ref="-6472" /><nd ref="-6473" /><nd ref="-6474" /><nd ref="-6475" /><nd ref="-1706" /><tag k="highway" v="residential" /><tag k="name" v="نهج 680" /><tag k="name:ar" v="نهج 680" /><tag k="name:fr" v="Rue 680" /></way><way id="695612399"><nd ref="-6476" /><nd ref="-6477" /><nd ref="-6478" /><nd ref="-6479" /><nd ref="-6480" /><nd ref="-1673" /><tag k="highway" v="residential" /><tag k="name" v="نهج 667" /><tag k="name:ar" v="نهج 667" /><tag k="name:fr" v="Rue 667" /></way><way id="695616567"><nd ref="-6481" /><nd ref="-6482" /><nd ref="-6483" /><nd ref="-6484" /><tag k="highway" v="residential" /></way><way id="695616568"><nd ref="-2010" /><nd ref="-6485" /><nd ref="-6486" /><nd ref="-6487" /><nd ref="-6481" /><tag k="highway" v="residential" /></way><way id="695616569"><nd ref="-6488" /><nd ref="-6489" /><nd ref="-6490" /><nd ref="-6491" /><nd ref="-6492" /><nd ref="-6493" /><nd ref="-6494" /><nd ref="-6495" /><nd ref="-6496" /><nd ref="-6497" /><nd ref="-6498" /><nd ref="-1731" /><tag k="highway" v="residential" /></way><way id="695616570"><nd ref="-6499" /><nd ref="-6500" /><nd ref="-6501" /><nd ref="-6502" /><nd ref="-6503" /><nd ref="-6504" /><nd ref="-6505" /><nd ref="-6506" /><nd ref="-6507" /><nd ref="-6508" /><nd ref="-6509" /><nd ref="-6510" /><nd ref="-6511" /><nd ref="-6512" /><nd ref="-6488" /><tag k="highway" v="residential" /></way><way id="695616571"><nd ref="-6513" /><nd ref="-6514" /><nd ref="-6515" /><nd ref="-6516" /><nd ref="-6517" /><nd ref="-6518" /><nd ref="-6519" /><nd ref="-6520" /><nd ref="-6521" /><nd ref="-6522" /><nd ref="-6523" /><nd ref="-6524" /><tag k="highway" v="residential" /></way><way id="695616572"><nd ref="-6525" /><nd ref="-6524" /><nd ref="-6526" /><nd ref="-6527" /><tag k="highway" v="residential" /><tag k="name" v="نهج 547" /><tag k="name:ar" v="نهج 547" /><tag k="name:fr" v="Rue 547" /></way><way id="695616573"><nd ref="-6527" /><nd ref="-6528" /><nd ref="-6529" /><nd ref="-6530" /><nd ref="-6531" /><nd ref="-6532" /><nd ref="-6533" /><tag k="highway" v="residential" /></way><way id="695616574"><nd ref="-1768" /><nd ref="-6534" /><nd ref="-6535" /><nd ref="-6536" /><nd ref="-6537" /><tag k="highway" v="residential" /></way><way id="695616575"><nd ref="-1771" /><nd ref="-6538" /><nd ref="-6539" /><nd ref="-6540" /><nd ref="-6541" /><nd ref="-6542" /><nd ref="-6543" /><nd ref="-6544" /><nd ref="-6545" /><nd ref="-6546" /><nd ref="-1760" /><tag k="highway" v="residential" /></way><way id="695616576"><nd ref="-1909" /><nd ref="-6450" /><tag k="highway" v="residential" /></way><way id="695616577"><nd ref="-1649" /><nd ref="-1753" /><tag k="highway" v="residential" /><tag k="name" v="نهج 627" /><tag k="name:ar" v="نهج 627" /><tag k="name:fr" v="Rue 627" /></way><way id="695616578"><nd ref="-1662" /><nd ref="-6547" /><tag k="highway" v="residential" /></way><way id="695616580"><nd ref="-6548" /><nd ref="-6549" /><nd ref="-6550" /><nd ref="-6551" /><nd ref="-6552" /><nd ref="-6553" /><tag k="highway" v="residential" /></way><way id="695621856"><nd ref="-6554" /><nd ref="-6555" /><nd ref="-6556" /><nd ref="-6557" /><nd ref="-6558" /><nd ref="-6559" /><nd ref="-1698" /><tag k="highway" v="residential" /></way><way id="695621857"><nd ref="-1956" /><nd ref="-6560" /><nd ref="-6561" /><nd ref="-6562" /><tag k="highway" v="residential" /><tag k="name" v="نهج 648" /><tag k="name:ar" v="نهج 648" /><tag k="name:fr" v="Rue 648" /></way><way id="695621858"><nd ref="-6562" /><nd ref="-6563" /><nd ref="-6564" /><nd ref="-6565" /><nd ref="-6460" /><tag k="highway" v="residential" /></way><way id="695621859"><nd ref="-1839" /><nd ref="-6566" /><nd ref="-6567" /><nd ref="-6568" /><nd ref="-6569" /><nd ref="-6570" /><nd ref="-6571" /><nd ref="-6572" /><nd ref="-6573" /><nd ref="-6574" /><nd ref="-6575" /><tag k="highway" v="residential" /></way><way id="695621860"><nd ref="-1774" /><nd ref="-3352" /><tag k="highway" v="residential" /></way><way id="695621861"><nd ref="-3143" /><nd ref="-6576" /><nd ref="-6577" /><nd ref="-6578" /><tag k="highway" v="residential" /></way><way id="695621862"><nd ref="-2263" /><nd ref="-6579" /><nd ref="-6580" /><nd ref="-6581" /><nd ref="-6582" /><nd ref="-6583" /><nd ref="-6584" /><nd ref="-6585" /><nd ref="-6586" /><tag k="highway" v="residential" /></way><way id="695623686"><nd ref="-2008" /><nd ref="-6587" /><nd ref="-6588" /><nd ref="-6589" /><nd ref="-6590" /><nd ref="-6591" /><nd ref="-6592" /><nd ref="-6593" /><nd ref="-6594" /><nd ref="-6595" /><nd ref="-6596" /><nd ref="-6597" /><nd ref="-6483" /><tag k="highway" v="residential" /></way><way id="695623687"><nd ref="-6598" /><nd ref="-6599" /><nd ref="-6600" /><tag k="highway" v="residential" /></way><way id="695623688"><nd ref="-2011" /><nd ref="-6601" /><nd ref="-6602" /><nd ref="-6603" /><nd ref="-6604" /><nd ref="-6605" /><nd ref="-6606" /><nd ref="-6607" /><nd ref="-6598" /><tag k="highway" v="residential" /></way><way id="695626010"><nd ref="-4525" /><nd ref="-6608" /><nd ref="-6609" /><nd ref="-6610" /><tag k="highway" v="residential" /></way><way id="695626011"><nd ref="-4525" /><nd ref="-6611" /><nd ref="-6612" /><nd ref="-6613" /><nd ref="-6614" /><nd ref="-6615" /><nd ref="-6616" /><nd ref="-6617" /><tag k="highway" v="residential" /></way><way id="695626012"><nd ref="-6615" /><nd ref="-6618" /><nd ref="-6619" /><nd ref="-6620" /><nd ref="-6621" /><tag k="highway" v="residential" /></way><way id="695626013"><nd ref="-6622" /><nd ref="-6623" /><nd ref="-6624" /><nd ref="-6625" /><nd ref="-6626" /><nd ref="-6627" /><tag k="highway" v="residential" /></way><way id="695626016"><nd ref="-6628" /><nd ref="-6629" /><nd ref="-6630" /><nd ref="-4526" /><tag k="highway" v="residential" /></way><way id="695626017"><nd ref="-6631" /><nd ref="-6632" /><nd ref="-6633" /><nd ref="-6634" /><tag k="highway" v="residential" /></way><way id="695626018"><nd ref="-6635" /><nd ref="-6636" /><nd ref="-6637" /><tag k="highway" v="residential" /></way><way id="695794392"><nd ref="-6638" /><nd ref="-6639" /><nd ref="-6640" /><nd ref="-3194" /><nd ref="-6641" /><nd ref="-6642" /><nd ref="-6643" /><nd ref="-6644" /><nd ref="-3058" /><nd ref="-6645" /><nd ref="-6646" /><nd ref="-6647" /><nd ref="-6648" /><nd ref="-3200" /><nd ref="-2946" /><nd ref="-6649" /><nd ref="-6650" /><nd ref="-6651" /><nd ref="-6652" /><nd ref="-6653" /><nd ref="-3063" /><nd ref="-6638" /><tag k="highway" v="primary" /><tag k="junction" v="roundabout" /><tag k="lanes" v="1" /><tag k="maxspeed" v="30" /><tag k="oneway" v="yes" /><tag k="ref" v="RN1" /></way><way id="696094855"><nd ref="-1841" /><nd ref="-1793" /><tag k="highway" v="residential" /></way><way id="696190458"><nd ref="-5182" /><nd ref="-6654" /><nd ref="-6655" /><nd ref="-6656" /><nd ref="-6657" /><nd ref="-6658" /><nd ref="-6659" /><nd ref="-6660" /><nd ref="-6661" /><nd ref="-6662" /><nd ref="-6663" /><nd ref="-6664" /><nd ref="-6665" /><nd ref="-6666" /><tag k="highway" v="residential" /></way><way id="696190459"><nd ref="-1440" /><nd ref="-6667" /><tag k="highway" v="residential" /></way><way id="696190460"><nd ref="-2817" /><nd ref="-6668" /><nd ref="-6669" /><nd ref="-6670" /><nd ref="-6671" /><nd ref="-6672" /><nd ref="-6673" /><nd ref="-6674" /><tag k="highway" v="residential" /></way><way id="696190461"><nd ref="-6675" /><nd ref="-6676" /><tag k="highway" v="residential" /></way><way id="696190462"><nd ref="-6677" /><nd ref="-6678" /><nd ref="-6679" /><tag k="highway" v="residential" /></way><way id="696190463"><nd ref="-6680" /><nd ref="-6681" /><nd ref="-6682" /><nd ref="-6683" /><nd ref="-6684" /><tag k="highway" v="residential" /></way><way id="696190464"><nd ref="-6685" /><nd ref="-6686" /><tag k="highway" v="residential" /></way><way id="696190465"><nd ref="-6687" /><nd ref="-6688" /><nd ref="-6689" /><nd ref="-6690" /><nd ref="-6691" /><nd ref="-6692" /><nd ref="-6693" /><nd ref="-6694" /><nd ref="-6695" /><nd ref="-6696" /><nd ref="-4650" /><tag k="highway" v="residential" /></way><way id="696190466"><nd ref="-5232" /><nd ref="-6697" /><nd ref="-6698" /><tag k="highway" v="residential" /></way><way id="696190467"><nd ref="-5228" /><nd ref="-6699" /><nd ref="-6700" /><nd ref="-6701" /><nd ref="-6702" /><tag k="highway" v="residential" /></way><way id="696190468"><nd ref="-1426" /><nd ref="-6703" /><nd ref="-6704" /><nd ref="-6705" /><nd ref="-6706" /><nd ref="-6707" /><nd ref="-6708" /><nd ref="-6709" /><tag k="highway" v="residential" /></way><way id="696190469"><nd ref="-1432" /><nd ref="-6710" /><nd ref="-6711" /><nd ref="-6712" /><tag k="highway" v="residential" /></way><way id="696190470"><nd ref="-6713" /><nd ref="-6714" /><nd ref="-6715" /><nd ref="-6716" /><nd ref="-6717" /><nd ref="-6718" /><nd ref="-6719" /><nd ref="-6720" /><nd ref="-6721" /><nd ref="-6722" /><tag k="highway" v="residential" /></way><way id="696190471"><nd ref="-6723" /><nd ref="-6724" /><nd ref="-6725" /><nd ref="-6726" /><nd ref="-6727" /><nd ref="-6728" /><nd ref="-6729" /><nd ref="-6730" /><nd ref="-6731" /><nd ref="-6732" /><nd ref="-6733" /><nd ref="-6734" /><nd ref="-6735" /><nd ref="-6736" /><nd ref="-6737" /><nd ref="-6738" /><nd ref="-3401" /><tag k="highway" v="residential" /></way><way id="696190472"><nd ref="-1431" /><nd ref="-6739" /><tag k="highway" v="residential" /></way><way id="696190473"><nd ref="-1434" /><nd ref="-6740" /><nd ref="-6716" /><tag k="highway" v="residential" /></way><way id="696190474"><nd ref="-4265" /><nd ref="-6741" /><nd ref="-6742" /><nd ref="-6743" /><nd ref="-6744" /><tag k="highway" v="residential" /></way><way id="696190475"><nd ref="-4637" /><nd ref="-6745" /><nd ref="-6746" /><nd ref="-6747" /><nd ref="-6748" /><nd ref="-6749" /><nd ref="-6750" /><nd ref="-6751" /><nd ref="-6752" /><nd ref="-6753" /><nd ref="-6754" /><nd ref="-6755" /><nd ref="-6756" /><nd ref="-6695" /><tag k="highway" v="residential" /></way><way id="696190476"><nd ref="-6757" /><nd ref="-6758" /><tag k="highway" v="residential" /></way><way id="696190477"><nd ref="-1445" /><nd ref="-6757" /><nd ref="-6759" /><nd ref="-6760" /><nd ref="-6761" /><nd ref="-6762" /><nd ref="-6763" /><nd ref="-6764" /><tag k="highway" v="residential" /></way><way id="696190478"><nd ref="-3407" /><nd ref="-6765" /><nd ref="-6766" /><nd ref="-6767" /><nd ref="-6768" /><nd ref="-6769" /><nd ref="-6770" /><nd ref="-6771" /><nd ref="-6772" /><nd ref="-6773" /><nd ref="-6774" /><nd ref="-6775" /><tag k="highway" v="residential" /></way><way id="696190479"><nd ref="-6776" /><nd ref="-6777" /><nd ref="-6778" /><nd ref="-6779" /><nd ref="-6780" /><nd ref="-6781" /><nd ref="-6782" /><tag k="highway" v="residential" /></way><way id="696190480"><nd ref="-1433" /><nd ref="-6783" /><nd ref="-6784" /><nd ref="-6785" /><nd ref="-6786" /><nd ref="-6787" /><nd ref="-6776" /><nd ref="-6788" /><nd ref="-6789" /><nd ref="-6790" /><nd ref="-6791" /><nd ref="-6792" /><nd ref="-6793" /><nd ref="-6794" /><nd ref="-6795" /><nd ref="-6796" /><tag k="highway" v="residential" /></way><way id="696190481"><nd ref="-6797" /><nd ref="-6798" /><nd ref="-6799" /><tag k="highway" v="residential" /></way><way id="696190482"><nd ref="-5214" /><nd ref="-6800" /><nd ref="-6801" /><nd ref="-6802" /><nd ref="-6803" /><nd ref="-6804" /><nd ref="-6805" /><nd ref="-6806" /><nd ref="-6807" /><nd ref="-6808" /><tag k="highway" v="residential" /></way><way id="696190483"><nd ref="-6809" /><nd ref="-6810" /><nd ref="-6811" /><nd ref="-6812" /><nd ref="-6813" /><tag k="highway" v="residential" /></way><way id="696192449"><nd ref="-6814" /><nd ref="-6815" /><nd ref="-6816" /><nd ref="-6817" /><nd ref="-6818" /><nd ref="-6819" /><nd ref="-6820" /><nd ref="-6821" /><nd ref="-6822" /><nd ref="-6823" /><nd ref="-6824" /><nd ref="-6825" /><nd ref="-6826" /><nd ref="-6827" /><nd ref="-4165" /><tag k="highway" v="residential" /></way><way id="696213794"><nd ref="-1438" /><nd ref="-6828" /><nd ref="-6829" /><nd ref="-6830" /><nd ref="-6831" /><nd ref="-6832" /><tag k="highway" v="residential" /></way><way id="696213795"><nd ref="-6833" /><nd ref="-6834" /><nd ref="-6835" /><nd ref="-6836" /><nd ref="-6837" /><nd ref="-6838" /><nd ref="-6839" /><nd ref="-6840" /><nd ref="-6841" /><nd ref="-6842" /><nd ref="-6843" /><nd ref="-6844" /><nd ref="-6845" /><nd ref="-6846" /><nd ref="-6847" /><nd ref="-6848" /><tag k="highway" v="residential" /></way><way id="696213796"><nd ref="-2308" /><nd ref="-6849" /><nd ref="-6850" /><nd ref="-6851" /><nd ref="-6852" /><nd ref="-6853" /><tag k="highway" v="residential" /></way><way id="696213797"><nd ref="-2312" /><nd ref="-6854" /><nd ref="-6855" /><nd ref="-6856" /><nd ref="-6857" /><nd ref="-6858" /><nd ref="-6859" /><nd ref="-6860" /><tag k="highway" v="residential" /></way><way id="696213798"><nd ref="-1443" /><nd ref="-6861" /><tag k="highway" v="residential" /></way><way id="696213799"><nd ref="-5218" /><nd ref="-6862" /><nd ref="-6863" /><nd ref="-6864" /><nd ref="-6865" /><nd ref="-6866" /><nd ref="-6867" /><nd ref="-6868" /><nd ref="-6869" /><nd ref="-6870" /><nd ref="-6871" /><tag k="highway" v="residential" /></way><way id="696213800"><nd ref="-5351" /><nd ref="-6872" /><nd ref="-6873" /><nd ref="-6874" /><nd ref="-6875" /><nd ref="-6833" /><nd ref="-6876" /><nd ref="-6877" /><nd ref="-6878" /><nd ref="-6879" /><nd ref="-6880" /><nd ref="-6881" /><nd ref="-6882" /><nd ref="-6883" /><tag k="highway" v="residential" /></way><way id="696278494"><nd ref="-6884" /><nd ref="-6885" /><tag k="highway" v="residential" /></way><way id="696278499"><nd ref="-5070" /><nd ref="-6886" /><tag k="highway" v="residential" /></way><way id="696279248"><nd ref="-6887" /><nd ref="-6888" /><tag k="highway" v="residential" /></way><way id="696280598"><nd ref="-6889" /><nd ref="-6890" /><nd ref="-6891" /><nd ref="-6892" /><nd ref="-4522" /><tag k="highway" v="residential" /></way><way id="696307794"><nd ref="-3400" /><nd ref="-6893" /><nd ref="-6894" /><tag k="highway" v="residential" /></way><way id="696327730"><nd ref="-615" /><nd ref="-6895" /><nd ref="-6896" /><tag k="highway" v="residential" /></way><way id="696327731"><nd ref="-617" /><nd ref="-6897" /><nd ref="-6898" /><nd ref="-6899" /><nd ref="-6900" /><tag k="highway" v="residential" /></way><way id="696350672"><nd ref="-1730" /><nd ref="-6901" /><nd ref="-6902" /><nd ref="-6903" /><nd ref="-6904" /><nd ref="-6905" /><tag k="highway" v="residential" /><tag k="name" v="نهج 519" /><tag k="name:ar" v="نهج 519" /><tag k="name:fr" v="Rue 519" /></way><way id="696350673"><nd ref="-1732" /><nd ref="-6906" /><nd ref="-6907" /><nd ref="-6908" /><tag k="highway" v="residential" /><tag k="name" v="نهج السفرجل" /><tag k="name:ar" v="نهج السفرجل" /><tag k="name:fr" v="Rue des Coings" /></way><way id="696364616"><nd ref="-1696" /><nd ref="-6909" /><tag k="highway" v="residential" /></way><way id="696364617"><nd ref="-6910" /><nd ref="-6911" /><nd ref="-6912" /><nd ref="-6913" /><nd ref="-6914" /><nd ref="-6915" /><nd ref="-6916" /><tag k="highway" v="residential" /><tag k="name" v="نهج 690" /><tag k="name:ar" v="نهج 690" /><tag k="name:fr" v="Rue 690" /></way><way id="696364618"><nd ref="-6917" /><nd ref="-6918" /><tag k="highway" v="residential" /></way><way id="696364619"><nd ref="-4591" /><nd ref="-6919" /><tag k="highway" v="residential" /></way><way id="696364620"><nd ref="-6920" /><nd ref="-6921" /><nd ref="-6922" /><tag k="highway" v="residential" /><tag k="name" v="نهج 744" /><tag k="name:ar" v="نهج 744" /><tag k="name:fr" v="Rue 744" /></way><way id="696364621"><nd ref="-6923" /><nd ref="-6918" /><nd ref="-6924" /><tag k="highway" v="residential" /></way><way id="696364622"><nd ref="-6925" /><nd ref="-6926" /><nd ref="-6927" /><tag k="highway" v="residential" /></way><way id="696364623"><nd ref="-6928" /><nd ref="-6926" /><tag k="highway" v="residential" /></way><way id="696364624"><nd ref="-6929" /><nd ref="-6923" /><nd ref="-6930" /><nd ref="-6931" /><tag k="highway" v="residential" /><tag k="name" v="نهج 704" /><tag k="name:ar" v="نهج 704" /><tag k="name:fr" v="Rue 704" /></way><way id="696377170"><nd ref="-6932" /><nd ref="-6933" /><nd ref="-6934" /><nd ref="-6935" /><nd ref="-6936" /><nd ref="-6937" /><nd ref="-6938" /><nd ref="-6939" /><nd ref="-6940" /><nd ref="-6941" /><nd ref="-6942" /><nd ref="-6943" /><nd ref="-6944" /><nd ref="-6945" /><nd ref="-6946" /><nd ref="-6947" /><nd ref="-6948" /><nd ref="-6949" /><tag k="highway" v="residential" /></way><way id="696377171"><nd ref="-6950" /><nd ref="-6951" /><nd ref="-6952" /><tag k="highway" v="residential" /></way><way id="696377172"><nd ref="-6953" /><nd ref="-6954" /><nd ref="-6955" /><nd ref="-6956" /><nd ref="-6957" /><nd ref="-6958" /><nd ref="-6959" /><nd ref="-6960" /><nd ref="-6961" /><tag k="highway" v="residential" /></way><way id="696377173"><nd ref="-5399" /><nd ref="-6962" /><nd ref="-6963" /><nd ref="-6964" /><nd ref="-6965" /><nd ref="-6966" /><nd ref="-6967" /><nd ref="-6968" /><nd ref="-6969" /><nd ref="-6970" /><nd ref="-5084" /><tag k="highway" v="residential" /></way><way id="696377174"><nd ref="-5401" /><nd ref="-4163" /><tag k="highway" v="residential" /></way><way id="696378786"><nd ref="-5075" /><nd ref="-6971" /><nd ref="-6972" /><nd ref="-6973" /><nd ref="-6974" /><nd ref="-6975" /><nd ref="-6976" /><nd ref="-6977" /><nd ref="-6978" /><tag k="highway" v="residential" /></way><way id="696378787"><nd ref="-5074" /><nd ref="-6979" /><nd ref="-6980" /><nd ref="-6981" /><nd ref="-6982" /><nd ref="-6983" /><nd ref="-6984" /><nd ref="-6985" /><nd ref="-6986" /><nd ref="-6987" /><nd ref="-6988" /><nd ref="-6989" /><tag k="highway" v="residential" /></way><way id="696378788"><nd ref="-4575" /><nd ref="-6990" /><tag k="highway" v="residential" /></way><way id="696378789"><nd ref="-3368" /><nd ref="-6991" /><nd ref="-6992" /><nd ref="-6993" /><nd ref="-6994" /><nd ref="-6995" /><nd ref="-6996" /><nd ref="-6997" /><nd ref="-6998" /><tag k="highway" v="residential" /></way><way id="696398835"><nd ref="-6999" /><nd ref="-7000" /><nd ref="-7001" /><nd ref="-5087" /><tag k="highway" v="residential" /></way><way id="696398837"><nd ref="-1527" /><nd ref="-7002" /><nd ref="-6164" /><nd ref="-7003" /><nd ref="-7004" /><nd ref="-7005" /><nd ref="-7006" /><nd ref="-7007" /><nd ref="-7008" /><nd ref="-7009" /><tag k="highway" v="residential" /></way><way id="696398838"><nd ref="-5115" /><nd ref="-7010" /><nd ref="-7011" /><nd ref="-7012" /><nd ref="-7013" /><tag k="highway" v="residential" /></way><way id="696398840"><nd ref="-7014" /><nd ref="-4572" /><nd ref="-6635" /><nd ref="-7015" /><nd ref="-6634" /><nd ref="-4525" /><tag k="highway" v="residential" /></way><way id="696398841"><nd ref="-4534" /><nd ref="-7016" /><nd ref="-7017" /><nd ref="-7018" /><nd ref="-6628" /><nd ref="-7019" /><nd ref="-6610" /><nd ref="-6622" /><nd ref="-6621" /><nd ref="-7020" /><tag k="highway" v="residential" /></way><way id="696398842"><nd ref="-4164" /><nd ref="-7021" /><nd ref="-5399" /><tag k="highway" v="residential" /></way><way id="696398843"><nd ref="-4164" /><nd ref="-7022" /><tag k="highway" v="residential" /></way><way id="696398844"><nd ref="-3375" /><nd ref="-7023" /><nd ref="-7024" /><nd ref="-7025" /><nd ref="-7026" /><nd ref="-7027" /><nd ref="-7028" /><nd ref="-7029" /><nd ref="-7030" /><nd ref="-6814" /><tag k="highway" v="residential" /></way><way id="696398845"><nd ref="-4165" /><nd ref="-7022" /><nd ref="-7031" /><nd ref="-6958" /><nd ref="-7032" /><nd ref="-6950" /><nd ref="-7033" /><nd ref="-5374" /><tag k="highway" v="residential" /></way><way id="696398846"><nd ref="-7034" /><nd ref="-6005" /><nd ref="-5307" /><nd ref="-6097" /><nd ref="-5322" /><nd ref="-7035" /><nd ref="-7036" /><nd ref="-5326" /><tag k="highway" v="residential" /></way><way id="696398847"><nd ref="-7034" /><nd ref="-7037" /><nd ref="-7038" /><nd ref="-7039" /><nd ref="-7040" /><nd ref="-7041" /><nd ref="-7042" /><tag k="highway" v="residential" /></way><way id="696398848"><nd ref="-4161" /><nd ref="-7043" /><tag k="highway" v="residential" /></way><way id="696398849"><nd ref="-4148" /><nd ref="-7044" /><nd ref="-7045" /><nd ref="-7046" /><nd ref="-7047" /><nd ref="-7048" /><nd ref="-7049" /><nd ref="-7050" /><nd ref="-7051" /><nd ref="-7052" /><nd ref="-7053" /><tag k="highway" v="residential" /></way><way id="696398850"><nd ref="-7054" /><nd ref="-7055" /><tag k="highway" v="residential" /></way><way id="696398851"><nd ref="-4145" /><nd ref="-7055" /><nd ref="-7056" /><tag k="highway" v="residential" /></way><way id="696398852"><nd ref="-4143" /><nd ref="-7054" /><nd ref="-7057" /><tag k="highway" v="residential" /></way><way id="696398853"><nd ref="-4142" /><nd ref="-7058" /><tag k="highway" v="residential" /></way><way id="696398854"><nd ref="-7059" /><nd ref="-7060" /><nd ref="-7061" /><nd ref="-7062" /><nd ref="-7063" /><nd ref="-7064" /><nd ref="-7065" /><nd ref="-7066" /><nd ref="-7067" /><nd ref="-7068" /><nd ref="-7069" /><nd ref="-7070" /><nd ref="-7071" /><nd ref="-7072" /><nd ref="-7073" /><nd ref="-7074" /><nd ref="-7075" /><nd ref="-7076" /><tag k="highway" v="residential" /></way><way id="696418303"><nd ref="-3377" /><nd ref="-7077" /><tag k="highway" v="residential" /></way><way id="696418304"><nd ref="-3384" /><nd ref="-7078" /><nd ref="-7079" /><nd ref="-7080" /><nd ref="-7081" /><nd ref="-7082" /><nd ref="-7083" /><nd ref="-7084" /><nd ref="-7085" /><nd ref="-7086" /><nd ref="-7087" /><nd ref="-7088" /><nd ref="-7089" /><nd ref="-7090" /><nd ref="-7091" /><nd ref="-7092" /><nd ref="-7093" /><nd ref="-7094" /><nd ref="-7095" /><nd ref="-7096" /><nd ref="-7097" /><tag k="highway" v="residential" /></way><way id="696418305"><nd ref="-5093" /><nd ref="-7098" /><tag k="highway" v="residential" /></way><way id="696418306"><nd ref="-5090" /><nd ref="-7099" /><tag k="highway" v="residential" /></way><way id="696443349"><nd ref="-7015" /><nd ref="-7100" /><tag k="highway" v="residential" /></way><way id="696443350"><nd ref="-1739" /><nd ref="-7101" /><nd ref="-7102" /><nd ref="-1976" /><tag k="highway" v="residential" /></way><way id="696443351"><nd ref="-4140" /><nd ref="-7103" /><tag k="highway" v="residential" /></way><way id="696443352"><nd ref="-3379" /><nd ref="-7104" /><nd ref="-7105" /><nd ref="-7106" /><nd ref="-7107" /><nd ref="-7108" /><nd ref="-7109" /><nd ref="-7110" /><nd ref="-7111" /><nd ref="-7112" /><tag k="highway" v="residential" /></way><way id="696443353"><nd ref="-7032" /><nd ref="-7113" /><tag k="highway" v="residential" /></way><way id="696443354"><nd ref="-4573" /><nd ref="-7114" /><nd ref="-7115" /><nd ref="-7116" /><nd ref="-7117" /><nd ref="-7118" /><nd ref="-7119" /><nd ref="-7120" /><nd ref="-7121" /><nd ref="-7122" /><nd ref="-7123" /><nd ref="-7124" /><nd ref="-7125" /><nd ref="-7126" /><tag k="highway" v="residential" /></way><way id="696443355"><nd ref="-4577" /><nd ref="-7127" /><nd ref="-7128" /><tag k="highway" v="residential" /></way><way id="696443356"><nd ref="-7129" /><nd ref="-6498" /><tag k="highway" v="residential" /></way><way id="696443357"><nd ref="-1729" /><nd ref="-7129" /><nd ref="-7130" /><tag k="highway" v="residential" /></way><way id="696443358"><nd ref="-5081" /><nd ref="-7131" /><nd ref="-7132" /><nd ref="-7133" /><nd ref="-7134" /><nd ref="-7135" /><nd ref="-7136" /><nd ref="-7137" /><nd ref="-7138" /><nd ref="-7139" /><nd ref="-7140" /><nd ref="-7141" /><nd ref="-7142" /><tag k="highway" v="residential" /></way><way id="696443359"><nd ref="-4158" /><nd ref="-7143" /><nd ref="-7144" /><nd ref="-7145" /><nd ref="-7146" /><nd ref="-7147" /><tag k="highway" v="residential" /></way><way id="696443362"><nd ref="-4151" /><nd ref="-7148" /><tag k="highway" v="residential" /></way><way id="696443363"><nd ref="-6947" /><nd ref="-7149" /><nd ref="-7150" /><nd ref="-7151" /><nd ref="-7152" /><nd ref="-7153" /><nd ref="-7154" /><nd ref="-7155" /><tag k="highway" v="residential" /></way><way id="696443364"><nd ref="-5374" /><nd ref="-7156" /><nd ref="-7034" /><tag k="highway" v="residential" /></way><way id="696443365"><nd ref="-7157" /><nd ref="-7158" /><nd ref="-3370" /><tag k="highway" v="tertiary" /></way><way id="696443366"><nd ref="-3370" /><nd ref="-7159" /><nd ref="-7160" /><nd ref="-7059" /><nd ref="-7161" /><nd ref="-6932" /><nd ref="-7162" /><nd ref="-7163" /><nd ref="-4139" /><nd ref="-7164" /><nd ref="-2032" /><tag k="highway" v="tertiary" /></way><way id="696458628"><nd ref="-5045" /><nd ref="-7165" /><tag k="highway" v="residential" /></way><way id="696537672"><nd ref="-7166" /><nd ref="-3096" /><tag k="highway" v="residential" /></way><way id="696537673"><nd ref="-3088" /><nd ref="-7166" /><tag k="highway" v="residential" /><tag k="oneway" v="yes" /></way><way id="696537674"><nd ref="-7166" /><nd ref="-3089" /><tag k="highway" v="residential" /><tag k="oneway" v="yes" /></way><way id="696537677"><nd ref="-549" /><nd ref="-7167" /><nd ref="-7168" /><nd ref="-7169" /><nd ref="-7170" /><nd ref="-3088" /><tag k="highway" v="residential" /><tag k="oneway" v="yes" /></way><way id="696537678"><nd ref="-3089" /><nd ref="-7171" /><nd ref="-7172" /><nd ref="-7173" /><nd ref="-7174" /><nd ref="-552" /><tag k="highway" v="residential" /><tag k="oneway" v="yes" /></way><way id="696537679"><nd ref="-3974" /><nd ref="-7175" /><nd ref="-3069" /><tag k="highway" v="residential" /></way><way id="696537680"><nd ref="-895" /><nd ref="-7176" /><nd ref="-3068" /><tag k="highway" v="residential" /><tag k="oneway" v="yes" /></way><way id="696538008"><nd ref="-7177" /><nd ref="-7178" /><nd ref="-7179" /><tag k="highway" v="residential" /></way><way id="696538009"><nd ref="-3438" /><nd ref="-7180" /><nd ref="-7181" /><nd ref="-7182" /><nd ref="-7183" /><tag k="highway" v="residential" /></way><way id="696538815"><nd ref="-3559" /><nd ref="-7184" /><nd ref="-7185" /><nd ref="-7186" /><nd ref="-7187" /><nd ref="-7188" /><nd ref="-7189" /><nd ref="-7190" /><nd ref="-7191" /><nd ref="-7192" /><nd ref="-7193" /><nd ref="-7194" /><nd ref="-7195" /><nd ref="-7196" /><nd ref="-5485" /><tag k="highway" v="residential" /></way><way id="696543793"><nd ref="-4032" /><nd ref="-7197" /><nd ref="-7198" /><nd ref="-7199" /><nd ref="-7200" /><nd ref="-7201" /><nd ref="-7202" /><nd ref="-7203" /><nd ref="-7204" /><nd ref="-7205" /><nd ref="-7206" /><nd ref="-7207" /><nd ref="-7208" /><nd ref="-7209" /><nd ref="-7210" /><tag k="highway" v="residential" /></way><way id="696543794"><nd ref="-2855" /><nd ref="-7211" /><nd ref="-3006" /><tag k="highway" v="residential" /><tag k="oneway" v="yes" /></way><way id="696543795"><nd ref="-3554" /><nd ref="-7212" /><nd ref="-7213" /><nd ref="-7214" /><nd ref="-7215" /><nd ref="-7216" /><nd ref="-7217" /><nd ref="-7218" /><nd ref="-7219" /><nd ref="-7220" /><nd ref="-7221" /><nd ref="-7222" /><nd ref="-7223" /><nd ref="-7224" /><nd ref="-7225" /><nd ref="-7226" /><nd ref="-7227" /><nd ref="-7228" /><nd ref="-7229" /><tag k="highway" v="residential" /></way><way id="696543796"><nd ref="-3613" /><nd ref="-7230" /><nd ref="-7231" /><nd ref="-7232" /><nd ref="-7233" /><nd ref="-7234" /><nd ref="-7235" /><nd ref="-7236" /><nd ref="-7237" /><nd ref="-7238" /><nd ref="-7239" /><nd ref="-7240" /><nd ref="-7241" /><tag k="highway" v="residential" /></way><way id="696543797"><nd ref="-3552" /><nd ref="-7242" /><nd ref="-7243" /><nd ref="-7244" /><nd ref="-7245" /><nd ref="-7246" /><nd ref="-7241" /><tag k="highway" v="residential" /></way><way id="696543798"><nd ref="-3100" /><nd ref="-7247" /><tag k="highway" v="residential" /></way><way id="696543799"><nd ref="-922" /><nd ref="-958" /><tag k="highway" v="residential" /></way><way id="696543800"><nd ref="-7248" /><nd ref="-7249" /><nd ref="-3677" /><tag k="highway" v="residential" /></way><way id="696544456"><nd ref="-3094" /><nd ref="-7250" /><tag k="highway" v="residential" /></way><way id="696544457"><nd ref="-4030" /><nd ref="-7251" /><nd ref="-7252" /><nd ref="-7253" /><nd ref="-7254" /><nd ref="-7255" /><nd ref="-7256" /><nd ref="-7257" /><nd ref="-7258" /><tag k="highway" v="residential" /></way><way id="696544458"><nd ref="-4031" /><nd ref="-7259" /><tag k="highway" v="residential" /></way><way id="696544459"><nd ref="-3685" /><nd ref="-7260" /><nd ref="-7261" /><nd ref="-7262" /><nd ref="-7263" /><nd ref="-7264" /><nd ref="-7248" /><nd ref="-7265" /><nd ref="-7266" /><nd ref="-7267" /><nd ref="-7268" /><nd ref="-7269" /><nd ref="-7270" /><nd ref="-7271" /><nd ref="-7272" /><nd ref="-7273" /><nd ref="-7249" /><tag k="highway" v="residential" /></way><way id="696544460"><nd ref="-944" /><nd ref="-7274" /><nd ref="-7275" /><nd ref="-7276" /><nd ref="-7277" /><nd ref="-7278" /><nd ref="-7279" /><nd ref="-945" /><tag k="highway" v="residential" /></way><way id="696544461"><nd ref="-7175" /><nd ref="-7280" /><tag k="highway" v="residential" /></way><way id="696544462"><nd ref="-7176" /><nd ref="-7280" /><nd ref="-3973" /><tag k="highway" v="residential" /></way><way id="696544463"><nd ref="-3970" /><nd ref="-7281" /><nd ref="-7282" /><nd ref="-7283" /><nd ref="-7284" /><nd ref="-927" /><tag k="highway" v="residential" /></way><way id="696545223"><nd ref="-4692" /><nd ref="-7285" /><nd ref="-7286" /><tag k="highway" v="residential" /></way><way id="696545224"><nd ref="-4706" /><nd ref="-7287" /><nd ref="-7288" /><nd ref="-7289" /><nd ref="-7290" /><nd ref="-7291" /><nd ref="-7292" /><nd ref="-7293" /><nd ref="-7294" /><nd ref="-7295" /><nd ref="-7296" /><nd ref="-7297" /><nd ref="-7298" /><nd ref="-7299" /><tag k="highway" v="residential" /></way><way id="696545225"><nd ref="-3733" /><nd ref="-2742" /><tag k="highway" v="residential" /></way><way id="696545226"><nd ref="-3847" /><nd ref="-7300" /><tag k="highway" v="residential" /></way><way id="696545227"><nd ref="-3777" /><nd ref="-7301" /><tag k="highway" v="residential" /></way><way id="696545228"><nd ref="-7302" /><nd ref="-7303" /><nd ref="-7304" /><nd ref="-7305" /><nd ref="-7306" /><nd ref="-7307" /><nd ref="-7308" /><nd ref="-7309" /><nd ref="-7310" /><nd ref="-7311" /><nd ref="-7312" /><nd ref="-7313" /><nd ref="-7314" /><tag k="highway" v="residential" /></way><way id="696545229"><nd ref="-7315" /><nd ref="-7316" /><tag k="highway" v="residential" /></way><way id="696546291"><nd ref="-7317" /><nd ref="-7318" /><nd ref="-7319" /><tag k="highway" v="residential" /></way><way id="696546292"><nd ref="-2219" /><nd ref="-7320" /><nd ref="-7321" /><nd ref="-7317" /><nd ref="-7322" /><nd ref="-7323" /><nd ref="-7324" /><nd ref="-7325" /><nd ref="-7326" /><tag k="highway" v="residential" /></way><way id="696546293"><nd ref="-136" /><nd ref="-7327" /><tag k="highway" v="residential" /></way><way id="696546600"><nd ref="-3070" /><nd ref="-3965" /><tag k="highway" v="residential" /><tag k="oneway" v="yes" /></way><way id="696546601"><nd ref="-3071" /><nd ref="-881" /><tag k="highway" v="residential" /><tag k="oneway" v="yes" /></way><way id="696546602"><nd ref="-882" /><nd ref="-3070" /><tag k="highway" v="residential" /><tag k="oneway" v="yes" /></way><way id="696546603"><nd ref="-3965" /><nd ref="-3071" /><tag k="highway" v="residential" /><tag k="oneway" v="yes" /></way><way id="696546604"><nd ref="-3073" /><nd ref="-7328" /><nd ref="-7329" /><nd ref="-7330" /><nd ref="-3977" /><tag k="highway" v="residential" /></way><way id="696546605"><nd ref="-7330" /><nd ref="-7331" /><nd ref="-3967" /><tag k="highway" v="residential" /></way><way id="696546606"><nd ref="-3072" /><nd ref="-7332" /><nd ref="-7331" /><tag k="highway" v="residential" /></way><way id="696548463"><nd ref="-7333" /><nd ref="-7334" /><tag k="highway" v="residential" /></way><way id="696548464"><nd ref="-2813" /><nd ref="-7335" /><nd ref="-7336" /><nd ref="-7337" /><nd ref="-7338" /><nd ref="-7339" /><nd ref="-7340" /><nd ref="-7341" /><nd ref="-7342" /><nd ref="-7343" /><nd ref="-7344" /><nd ref="-7345" /><tag k="highway" v="residential" /></way><way id="696548465"><nd ref="-7346" /><nd ref="-7347" /><nd ref="-7348" /><nd ref="-2783" /><tag k="highway" v="residential" /></way><way id="696548466"><nd ref="-7349" /><nd ref="-7350" /><nd ref="-7351" /><nd ref="-7352" /><nd ref="-7346" /><nd ref="-7353" /><nd ref="-7354" /><nd ref="-7355" /><nd ref="-7356" /><nd ref="-7357" /><nd ref="-7358" /><nd ref="-7359" /><nd ref="-7360" /><nd ref="-7361" /><nd ref="-7362" /><nd ref="-7363" /><nd ref="-7364" /><nd ref="-7365" /><nd ref="-7366" /><nd ref="-7367" /><tag k="highway" v="residential" /></way><way id="696548467"><nd ref="-7368" /><nd ref="-7369" /><tag k="highway" v="residential" /></way><way id="696548468"><nd ref="-7370" /><nd ref="-7371" /><nd ref="-7372" /><nd ref="-7368" /><nd ref="-7373" /><nd ref="-7374" /><nd ref="-7375" /><tag k="highway" v="residential" /></way><way id="696548469"><nd ref="-6362" /><nd ref="-7376" /><nd ref="-7377" /><nd ref="-7378" /><nd ref="-7379" /><nd ref="-7380" /><nd ref="-7381" /><nd ref="-7382" /><nd ref="-7383" /><nd ref="-7370" /><tag k="highway" v="residential" /></way><way id="696548470"><nd ref="-7285" /><nd ref="-7384" /><nd ref="-7385" /><nd ref="-7386" /><nd ref="-7387" /><nd ref="-7388" /><nd ref="-7389" /><nd ref="-7390" /><nd ref="-7391" /><nd ref="-7392" /><nd ref="-7393" /><tag k="highway" v="residential" /></way><way id="696548471"><nd ref="-2736" /><nd ref="-7394" /><nd ref="-7395" /><nd ref="-7396" /><nd ref="-7397" /><nd ref="-7398" /><nd ref="-7399" /><nd ref="-7400" /><nd ref="-7401" /><nd ref="-7402" /><nd ref="-7403" /><nd ref="-7404" /><nd ref="-7405" /><nd ref="-7406" /><nd ref="-7407" /><tag k="highway" v="residential" /></way><way id="696548472"><nd ref="-2735" /><nd ref="-7408" /><tag k="highway" v="residential" /></way><way id="696548473"><nd ref="-3421" /><nd ref="-7409" /><tag k="highway" v="residential" /></way><way id="696548474"><nd ref="-7410" /><nd ref="-7411" /><nd ref="-7412" /><nd ref="-7413" /><nd ref="-7414" /><nd ref="-7415" /><tag k="highway" v="residential" /></way><way id="696548740"><nd ref="-3092" /><nd ref="-7416" /><tag k="highway" v="residential" /></way><way id="696548741"><nd ref="-3012" /><nd ref="-7417" /><nd ref="-507" /><tag k="highway" v="tertiary" /><tag k="oneway" v="yes" /></way><way id="696549064"><nd ref="-2204" /><nd ref="-7418" /><tag k="highway" v="residential" /></way><way id="696549066"><nd ref="-7419" /><nd ref="-7420" /><nd ref="-7421" /><nd ref="-7422" /><nd ref="-7423" /><nd ref="-7424" /><nd ref="-7425" /><nd ref="-7426" /><nd ref="-7427" /><nd ref="-7428" /><nd ref="-7429" /><tag k="highway" v="residential" /></way><way id="696549069"><nd ref="-2220" /><nd ref="-7430" /><nd ref="-7431" /><nd ref="-7432" /><nd ref="-7320" /><tag k="highway" v="residential" /></way><way id="696549814"><nd ref="-2815" /><nd ref="-7433" /><nd ref="-7434" /><tag k="highway" v="residential" /></way><way id="696549815"><nd ref="-2814" /><nd ref="-7435" /><nd ref="-7436" /><nd ref="-7437" /><nd ref="-7438" /><nd ref="-7439" /><nd ref="-7440" /><nd ref="-7441" /><nd ref="-7442" /><nd ref="-7443" /><nd ref="-7444" /><nd ref="-7445" /><tag k="highway" v="residential" /></way><way id="696549816"><nd ref="-7446" /><nd ref="-7447" /><nd ref="-7448" /><nd ref="-7449" /><nd ref="-7450" /><nd ref="-7451" /><nd ref="-7452" /><nd ref="-7453" /><nd ref="-7454" /><nd ref="-7455" /><tag k="highway" v="residential" /></way><way id="696549817"><nd ref="-7456" /><nd ref="-7457" /><nd ref="-7458" /><nd ref="-7459" /><tag k="highway" v="residential" /></way><way id="696549818"><nd ref="-3410" /><nd ref="-7460" /><nd ref="-7461" /><nd ref="-7462" /><nd ref="-7463" /><tag k="highway" v="residential" /></way><way id="696549819"><nd ref="-4041" /><nd ref="-7464" /><nd ref="-7465" /><nd ref="-7466" /><nd ref="-7467" /><tag k="highway" v="residential" /></way><way id="696549820"><nd ref="-2737" /><nd ref="-7468" /><nd ref="-7469" /><nd ref="-7470" /><nd ref="-7471" /><tag k="highway" v="residential" /></way><way id="696549821"><nd ref="-7472" /><nd ref="-7473" /><nd ref="-7474" /><nd ref="-7475" /><nd ref="-7476" /><nd ref="-7477" /><tag k="highway" v="residential" /></way><way id="696549822"><nd ref="-7478" /><nd ref="-7479" /><nd ref="-7314" /><nd ref="-7480" /><nd ref="-7481" /><nd ref="-7482" /><nd ref="-7483" /><tag k="highway" v="residential" /></way><way id="696549823"><nd ref="-7484" /><nd ref="-7485" /><tag k="highway" v="residential" /></way><way id="696549824"><nd ref="-3716" /><nd ref="-7486" /><nd ref="-7487" /><nd ref="-7488" /><nd ref="-7489" /><nd ref="-7490" /><nd ref="-7491" /><nd ref="-7492" /><nd ref="-7493" /><nd ref="-7494" /><nd ref="-7495" /><nd ref="-7496" /><nd ref="-7497" /><tag k="highway" v="residential" /></way><way id="696549825"><nd ref="-616" /><nd ref="-7498" /><nd ref="-7499" /><nd ref="-7500" /><nd ref="-7501" /><nd ref="-7502" /><nd ref="-3866" /><tag k="highway" v="residential" /></way><way id="696549826"><nd ref="-2778" /><nd ref="-7503" /><nd ref="-7504" /><tag k="highway" v="residential" /></way><way id="696549827"><nd ref="-7505" /><nd ref="-7506" /><nd ref="-7507" /><nd ref="-7508" /><nd ref="-7509" /><nd ref="-7510" /><nd ref="-7511" /><nd ref="-7512" /><tag k="highway" v="residential" /></way><way id="696549828"><nd ref="-4673" /><nd ref="-7513" /><tag k="highway" v="residential" /></way><way id="696549829"><nd ref="-4674" /><nd ref="-7514" /><tag k="highway" v="residential" /></way><way id="696549830"><nd ref="-4675" /><nd ref="-7515" /><nd ref="-7516" /><tag k="highway" v="residential" /></way><way id="696549832"><nd ref="-3851" /><nd ref="-7517" /><nd ref="-7518" /><tag k="highway" v="residential" /></way><way id="696551136"><nd ref="-3412" /><nd ref="-7519" /><nd ref="-7520" /><nd ref="-7521" /><nd ref="-7522" /><nd ref="-7523" /><nd ref="-7524" /><nd ref="-3737" /><tag k="highway" v="residential" /></way><way id="696551137"><nd ref="-7525" /><nd ref="-7526" /><tag k="highway" v="residential" /></way><way id="696551138"><nd ref="-3422" /><nd ref="-7525" /><nd ref="-7527" /><nd ref="-7528" /><nd ref="-7529" /><nd ref="-7530" /><nd ref="-7531" /><nd ref="-7532" /><nd ref="-7533" /><nd ref="-7534" /><tag k="highway" v="residential" /></way><way id="696551139"><nd ref="-6346" /><nd ref="-7535" /><nd ref="-7536" /><nd ref="-7537" /><tag k="highway" v="residential" /></way><way id="696551140"><nd ref="-2681" /><nd ref="-7538" /><nd ref="-6365" /><nd ref="-7539" /><nd ref="-6346" /><tag k="highway" v="residential" /></way><way id="696551141"><nd ref="-7382" /><nd ref="-7540" /><nd ref="-3744" /><tag k="highway" v="residential" /></way><way id="696551142"><nd ref="-7352" /><nd ref="-7541" /><tag k="highway" v="residential" /></way><way id="696551143"><nd ref="-2812" /><nd ref="-7542" /><nd ref="-7543" /><tag k="highway" v="residential" /></way><way id="696551754"><nd ref="-2200" /><nd ref="-7544" /><tag k="highway" v="residential" /></way><way id="696551755"><nd ref="-7545" /><nd ref="-7546" /><nd ref="-7547" /><nd ref="-7548" /><nd ref="-7549" /><nd ref="-7550" /><nd ref="-7551" /><nd ref="-2113" /><nd ref="-7552" /><nd ref="-7423" /><nd ref="-7553" /><nd ref="-7554" /><nd ref="-7555" /><nd ref="-155" /><tag k="highway" v="residential" /><tag k="name" v="نهج هارتز" /><tag k="name:ar" v="نهج هارتز" /><tag k="name:fr" v="Rue Hertz" /></way><way id="696551756"><nd ref="-2233" /><nd ref="-7556" /><nd ref="-7557" /><tag k="highway" v="residential" /></way><way id="696551757"><nd ref="-2187" /><nd ref="-7558" /><tag k="highway" v="residential" /></way><way id="696551758"><nd ref="-2188" /><nd ref="-7559" /><nd ref="-7560" /><nd ref="-7561" /><nd ref="-7562" /><nd ref="-7563" /><nd ref="-2177" /><tag k="highway" v="residential" /></way><way id="696557896"><nd ref="-2810" /><nd ref="-7564" /><tag k="highway" v="residential" /></way><way id="696557898"><nd ref="-2316" /><nd ref="-7565" /><nd ref="-7566" /><nd ref="-7567" /><nd ref="-7568" /><nd ref="-7569" /><nd ref="-7570" /><nd ref="-7571" /><nd ref="-7572" /><nd ref="-7573" /><nd ref="-7574" /><nd ref="-7575" /><nd ref="-7576" /><nd ref="-7577" /><tag k="highway" v="residential" /></way><way id="696557899"><nd ref="-7578" /><nd ref="-7579" /><nd ref="-7580" /><tag k="highway" v="residential" /></way><way id="696557900"><nd ref="-7581" /><nd ref="-7582" /><tag k="highway" v="residential" /></way><way id="696557901"><nd ref="-7583" /><nd ref="-7584" /><tag k="highway" v="residential" /></way><way id="696557902"><nd ref="-3437" /><nd ref="-7585" /><tag k="highway" v="residential" /></way><way id="696557905"><nd ref="-7586" /><nd ref="-7587" /><nd ref="-7588" /><tag k="highway" v="residential" /></way><way id="696557906"><nd ref="-7589" /><nd ref="-7590" /><nd ref="-7591" /><nd ref="-7592" /><nd ref="-7593" /><nd ref="-7594" /><tag k="highway" v="residential" /></way><way id="696557907"><nd ref="-5259" /><nd ref="-7595" /><tag k="highway" v="residential" /></way><way id="696557908"><nd ref="-3202" /><nd ref="-7596" /><nd ref="-7597" /><nd ref="-7598" /><nd ref="-7599" /><nd ref="-7600" /><nd ref="-7601" /><nd ref="-7602" /><nd ref="-4547" /><tag k="highway" v="residential" /></way><way id="696557909"><nd ref="-7603" /><nd ref="-7578" /><nd ref="-7604" /><nd ref="-7605" /><tag k="highway" v="residential" /></way><way id="696560504"><nd ref="-7606" /><nd ref="-7607" /><nd ref="-7608" /><nd ref="-7609" /><nd ref="-7610" /><nd ref="-7611" /><nd ref="-7373" /><tag k="highway" v="residential" /></way><way id="696583300"><nd ref="-7612" /><nd ref="-7613" /><nd ref="-7614" /><nd ref="-7615" /><nd ref="-7616" /><tag k="highway" v="residential" /></way><way id="696583301"><nd ref="-7617" /><nd ref="-7618" /><tag k="highway" v="residential" /></way><way id="696633339"><nd ref="-1709" /><nd ref="-7619" /><tag k="highway" v="residential" /></way><way id="696633340"><nd ref="-1710" /><nd ref="-7620" /><nd ref="-7621" /><nd ref="-7622" /><nd ref="-1960" /><nd ref="-7623" /><nd ref="-7624" /><nd ref="-7625" /><nd ref="-7626" /><nd ref="-7627" /><tag k="highway" v="residential" /></way><way id="696633341"><nd ref="-2014" /><nd ref="-7628" /><nd ref="-7629" /><nd ref="-7630" /><nd ref="-7631" /><nd ref="-7632" /><nd ref="-6419" /><nd ref="-6525" /><nd ref="-6406" /><nd ref="-7633" /><nd ref="-7634" /><nd ref="-7635" /><nd ref="-7636" /><nd ref="-7637" /><nd ref="-7638" /><nd ref="-7639" /><nd ref="-7640" /><nd ref="-1981" /><nd ref="-6398" /><nd ref="-7641" /><nd ref="-6385" /><nd ref="-7642" /><nd ref="-7643" /><nd ref="-1967" /><tag k="highway" v="residential" /><tag k="name" v="نهج العنبر" /><tag k="name:ar" v="نهج العنبر" /><tag k="name:fr" v="Rue El Anbar" /></way><way id="696633342"><nd ref="-7644" /><nd ref="-1652" /><tag k="highway" v="residential" /></way><way id="696665055"><nd ref="-7645" /><nd ref="-7646" /><nd ref="-7647" /><nd ref="-7648" /><nd ref="-7649" /><tag k="highway" v="residential" /></way><way id="696665056"><nd ref="-7650" /><nd ref="-7651" /><nd ref="-7652" /><nd ref="-7653" /><nd ref="-7654" /><nd ref="-7655" /><nd ref="-7656" /><nd ref="-7657" /><nd ref="-7658" /><tag k="highway" v="residential" /></way><way id="696672024"><nd ref="-1436" /><nd ref="-7659" /><nd ref="-6713" /><nd ref="-7660" /><nd ref="-7661" /><nd ref="-7662" /><nd ref="-7663" /><nd ref="-7664" /><nd ref="-7665" /><nd ref="-7666" /><nd ref="-6723" /><tag k="highway" v="residential" /></way><way id="696672025"><nd ref="-1439" /><nd ref="-7667" /><nd ref="-7668" /><nd ref="-7669" /><nd ref="-7670" /><nd ref="-7671" /><tag k="highway" v="residential" /></way><way id="696672026"><nd ref="-1429" /><nd ref="-7672" /><nd ref="-7673" /><nd ref="-7674" /><nd ref="-7675" /><tag k="highway" v="residential" /></way><way id="696672027"><nd ref="-1427" /><nd ref="-7676" /><tag k="highway" v="residential" /></way><way id="696672028"><nd ref="-5351" /><nd ref="-7677" /><nd ref="-7678" /><nd ref="-7679" /><nd ref="-7680" /><tag k="highway" v="residential" /></way><way id="696697770"><nd ref="-6766" /><nd ref="-7681" /><nd ref="-7682" /><nd ref="-7683" /><nd ref="-7684" /><nd ref="-7685" /><nd ref="-7686" /><nd ref="-7687" /><nd ref="-7688" /><tag k="highway" v="residential" /></way><way id="696697771"><nd ref="-2306" /><nd ref="-7689" /><tag k="highway" v="residential" /></way><way id="696697772"><nd ref="-1428" /><nd ref="-7690" /><nd ref="-7691" /><tag k="highway" v="residential" /></way><way id="696703711"><nd ref="-7692" /><nd ref="-1632" /><nd ref="-7693" /><nd ref="-7694" /><nd ref="-7695" /><tag k="highway" v="residential" /><tag k="lanes" v="2" /><tag k="name" v="نهج الدستور" /><tag k="name:ar" v="نهج الدستور" /><tag k="name:fr" v="Rue de la Constitution" /></way><way id="696703712"><nd ref="-3124" /><nd ref="-7696" /><nd ref="-7697" /><nd ref="-7698" /><nd ref="-7699" /><nd ref="-1777" /><nd ref="-7700" /><nd ref="-1787" /><nd ref="-4878" /><nd ref="-4402" /><nd ref="-7701" /><nd ref="-1987" /><nd ref="-1643" /><nd ref="-3290" /><nd ref="-1620" /><nd ref="-1642" /><nd ref="-1637" /><nd ref="-7692" /><nd ref="-3315" /><nd ref="-7702" /><nd ref="-3327" /><tag k="highway" v="residential" /><tag k="name" v="نهج جالطة" /><tag k="name:ar" v="نهج جالطة" /><tag k="name:fr" v="Rue de la Galite" /></way><way id="696703713"><nd ref="-2168" /><nd ref="-7703" /><nd ref="-7704" /><nd ref="-7705" /><nd ref="-2268" /><tag k="highway" v="residential" /></way><way id="696703714"><nd ref="-2741" /><nd ref="-4706" /><tag k="highway" v="residential" /></way><way id="696716119"><nd ref="-2309" /><nd ref="-7706" /><tag k="highway" v="residential" /></way><way id="696716120"><nd ref="-7707" /><nd ref="-7708" /><tag k="highway" v="residential" /></way><way id="696716121"><nd ref="-5216" /><nd ref="-7709" /><tag k="highway" v="residential" /></way><way id="696716122"><nd ref="-6765" /><nd ref="-7710" /><nd ref="-7711" /><nd ref="-7712" /><nd ref="-7713" /><nd ref="-7714" /><nd ref="-7715" /><nd ref="-6723" /><tag k="highway" v="residential" /></way><way id="696729625"><nd ref="-3993" /><nd ref="-984" /><tag k="highway" v="residential" /></way><way id="696729628"><nd ref="-867" /><nd ref="-564" /><tag k="highway" v="residential" /><tag k="lit" v="yes" /><tag k="name" v="نهج البرتقال" /><tag k="name:ar" v="نهج البرتقال" /><tag k="name:fr" v="Rue de l'Orange" /><tag k="surface" v="asphalt" /></way><way id="696730852"><nd ref="-7716" /><nd ref="-7717" /><nd ref="-3980" /><tag k="highway" v="residential" /></way><way id="696730853"><nd ref="-7328" /><nd ref="-7716" /><nd ref="-7718" /><nd ref="-7719" /><nd ref="-7720" /><nd ref="-7721" /><nd ref="-3982" /><tag k="highway" v="residential" /></way><way id="696755176"><nd ref="-5174" /><nd ref="-7722" /><nd ref="-7723" /><nd ref="-7724" /><nd ref="-2692" /><nd ref="-6325" /><nd ref="-7725" /><nd ref="-7726" /><nd ref="-2699" /><nd ref="-7727" /><nd ref="-2322" /><tag k="highway" v="secondary" /><tag k="lanes" v="2" /><tag k="maxspeed" v="50" /><tag k="name" v="شارع المختار الزيادي" /><tag k="name:ar" v="شارع المختار الزيادي" /><tag k="name:fr" v="Avenue Mokhtar Ziadi" /><tag k="oneway" v="no" /><tag k="source" v="yahoo" /></way><way id="696755177"><nd ref="-7728" /><nd ref="-7729" /><nd ref="-7730" /><nd ref="-7731" /><nd ref="-7732" /><tag k="highway" v="residential" /></way><way id="696755178"><nd ref="-7733" /><nd ref="-7734" /><nd ref="-7735" /><tag k="highway" v="residential" /></way><way id="696755180"><nd ref="-5784" /><nd ref="-7736" /><tag k="highway" v="residential" /></way><way id="696880573"><nd ref="-3042" /><nd ref="-7737" /><nd ref="-7738" /><nd ref="-7739" /><nd ref="-7740" /><nd ref="-7741" /><nd ref="-7742" /><nd ref="-7743" /><nd ref="-7744" /><nd ref="-7745" /><nd ref="-7746" /><nd ref="-7747" /><nd ref="-7748" /><nd ref="-7749" /><nd ref="-7750" /><nd ref="-7751" /><nd ref="-7752" /><nd ref="-7753" /><nd ref="-7754" /><nd ref="-7755" /><nd ref="-7756" /><nd ref="-7757" /><nd ref="-7758" /><nd ref="-3452" /><tag k="highway" v="service" /></way><way id="696880574"><nd ref="-3491" /><nd ref="-7759" /><nd ref="-7760" /><nd ref="-7761" /><nd ref="-7762" /><nd ref="-7763" /><nd ref="-7764" /><nd ref="-7765" /><nd ref="-7766" /><nd ref="-7767" /><tag k="highway" v="residential" /></way><way id="696894693"><nd ref="-3964" /><nd ref="-3994" /><tag k="highway" v="residential" /></way><way id="696894694"><nd ref="-953" /><nd ref="-528" /><tag k="highway" v="residential" /><tag k="source" v="yahoo" /></way><way id="696936230"><nd ref="-2818" /><nd ref="-7768" /><nd ref="-7769" /><nd ref="-2819" /><nd ref="-7770" /><nd ref="-7771" /><nd ref="-7772" /><nd ref="-7773" /><nd ref="-7774" /><nd ref="-7775" /><nd ref="-7776" /><nd ref="-7777" /><nd ref="-7778" /><tag k="highway" v="residential" /><tag k="lanes" v="2" /></way><way id="696936231"><nd ref="-7768" /><nd ref="-7779" /><nd ref="-7780" /><nd ref="-7781" /><nd ref="-7782" /><nd ref="-7783" /><nd ref="-7784" /><nd ref="-7785" /><nd ref="-7786" /><tag k="highway" v="residential" /><tag k="lanes" v="2" /></way><way id="696936232"><nd ref="-7787" /><nd ref="-7788" /><tag k="highway" v="residential" /></way><way id="696936233"><nd ref="-5241" /><nd ref="-7789" /><tag k="highway" v="residential" /></way><way id="696936234"><nd ref="-5955" /><nd ref="-7790" /><nd ref="-7791" /><tag k="highway" v="residential" /></way><way id="696936235"><nd ref="-5245" /><nd ref="-7792" /><tag k="highway" v="residential" /></way><way id="696950008"><nd ref="-1033" /><nd ref="-7793" /><nd ref="-7794" /><nd ref="-7795" /><nd ref="-7796" /><nd ref="-7797" /><nd ref="-7798" /><nd ref="-7799" /><nd ref="-7800" /><nd ref="-7801" /><nd ref="-2858" /><tag k="highway" v="residential" /></way><way id="696950009"><nd ref="-4015" /><nd ref="-7802" /><tag k="highway" v="residential" /></way><way id="696950010"><nd ref="-4017" /><nd ref="-7803" /><nd ref="-7804" /><nd ref="-7805" /><nd ref="-7806" /><nd ref="-2999" /><tag k="highway" v="residential" /></way><way id="696951712"><nd ref="-7807" /><nd ref="-7808" /><nd ref="-7809" /><nd ref="-7810" /><nd ref="-7811" /><nd ref="-7812" /><nd ref="-7813" /><nd ref="-7814" /><nd ref="-7815" /><nd ref="-7816" /><nd ref="-7817" /><nd ref="-3666" /><nd ref="-7818" /><nd ref="-7819" /><nd ref="-7820" /><nd ref="-7821" /><nd ref="-7822" /><nd ref="-7823" /><nd ref="-7824" /><nd ref="-7825" /><nd ref="-7826" /><nd ref="-7827" /><nd ref="-7828" /><nd ref="-7829" /><tag k="highway" v="residential" /></way><way id="696951713"><nd ref="-3662" /><nd ref="-7830" /><nd ref="-7831" /><nd ref="-7832" /><nd ref="-7833" /><nd ref="-7834" /><nd ref="-7835" /><nd ref="-7836" /><tag k="highway" v="residential" /></way><way id="696951714"><nd ref="-3659" /><nd ref="-7837" /><nd ref="-7838" /><nd ref="-7839" /><nd ref="-7840" /><tag k="highway" v="residential" /></way><way id="696951715"><nd ref="-3660" /><nd ref="-7841" /><nd ref="-7842" /><nd ref="-7843" /><nd ref="-7844" /><nd ref="-7845" /><nd ref="-7846" /><nd ref="-7847" /><nd ref="-7848" /><nd ref="-7849" /><nd ref="-7850" /><nd ref="-7851" /><nd ref="-7852" /><nd ref="-7853" /><nd ref="-7854" /><nd ref="-7855" /><nd ref="-7856" /><nd ref="-7857" /><nd ref="-7858" /><nd ref="-7859" /><nd ref="-7860" /><nd ref="-7861" /><nd ref="-7862" /><nd ref="-7863" /><nd ref="-7864" /><nd ref="-7865" /><nd ref="-7866" /><nd ref="-7867" /><nd ref="-7868" /><nd ref="-7869" /><nd ref="-7870" /><nd ref="-7871" /><nd ref="-7872" /><nd ref="-7873" /><nd ref="-7874" /><nd ref="-7875" /><nd ref="-7876" /><nd ref="-7877" /><nd ref="-7878" /><tag k="highway" v="residential" /></way><way id="696951716"><nd ref="-7879" /><nd ref="-7880" /><nd ref="-7881" /><nd ref="-7882" /><tag k="highway" v="residential" /></way><way id="696951717"><nd ref="-3625" /><nd ref="-7879" /><nd ref="-7883" /><nd ref="-7884" /><nd ref="-7885" /><nd ref="-7886" /><tag k="highway" v="residential" /></way><way id="696951718"><nd ref="-3629" /><nd ref="-7887" /><tag k="highway" v="residential" /></way><way id="696951719"><nd ref="-3630" /><nd ref="-7888" /><nd ref="-7889" /><nd ref="-7890" /><nd ref="-7891" /><nd ref="-7892" /><nd ref="-7893" /><nd ref="-7894" /><nd ref="-7895" /><nd ref="-7896" /><nd ref="-7897" /><tag k="highway" v="residential" /></way><way id="696951720"><nd ref="-7898" /><nd ref="-7899" /><nd ref="-7900" /><nd ref="-7901" /><nd ref="-7902" /><tag k="highway" v="residential" /></way><way id="696951721"><nd ref="-3633" /><nd ref="-7903" /><nd ref="-7904" /><nd ref="-7898" /><nd ref="-7905" /><nd ref="-7906" /><nd ref="-7907" /><nd ref="-7908" /><nd ref="-7909" /><nd ref="-7910" /><nd ref="-7911" /><nd ref="-7912" /><nd ref="-7913" /><tag k="highway" v="residential" /></way><way id="696951722"><nd ref="-7914" /><nd ref="-7915" /><nd ref="-7916" /><nd ref="-7917" /><nd ref="-7918" /><nd ref="-7919" /><nd ref="-7920" /><tag k="highway" v="residential" /></way><way id="696951723"><nd ref="-7921" /><nd ref="-7922" /><tag k="highway" v="residential" /></way><way id="696951724"><nd ref="-5760" /><nd ref="-7923" /><nd ref="-7924" /><nd ref="-7925" /><nd ref="-7926" /><nd ref="-7927" /><nd ref="-7928" /><nd ref="-7929" /><nd ref="-7930" /><nd ref="-7931" /><tag k="highway" v="residential" /></way><way id="696951725"><nd ref="-5764" /><nd ref="-7932" /><nd ref="-7933" /><nd ref="-7934" /><nd ref="-7935" /><nd ref="-7936" /><nd ref="-7937" /><nd ref="-7938" /><tag k="highway" v="residential" /></way><way id="696951726"><nd ref="-5768" /><nd ref="-7938" /><nd ref="-7939" /><tag k="highway" v="residential" /></way><way id="696951727"><nd ref="-5772" /><nd ref="-7940" /><nd ref="-7941" /><tag k="highway" v="residential" /></way><way id="696954030"><nd ref="-7805" /><nd ref="-7942" /><nd ref="-7943" /><nd ref="-7944" /><nd ref="-7945" /><nd ref="-7946" /><nd ref="-7947" /><tag k="highway" v="residential" /></way><way id="696954031"><nd ref="-7948" /><nd ref="-7949" /><nd ref="-7950" /><nd ref="-7951" /><nd ref="-7952" /><nd ref="-7953" /><tag k="highway" v="residential" /></way><way id="696954032"><nd ref="-7954" /><nd ref="-7955" /><nd ref="-7956" /><nd ref="-7957" /><nd ref="-7958" /><nd ref="-7959" /><nd ref="-7960" /><nd ref="-7961" /><nd ref="-7962" /><nd ref="-7963" /><nd ref="-7964" /><nd ref="-7965" /><nd ref="-7966" /><nd ref="-7967" /><nd ref="-7968" /><nd ref="-7969" /><nd ref="-7970" /><tag k="highway" v="residential" /></way><way id="696954033"><nd ref="-7971" /><nd ref="-7972" /><nd ref="-7973" /><nd ref="-7974" /><nd ref="-7975" /><nd ref="-7976" /><nd ref="-7977" /><nd ref="-7978" /><nd ref="-7979" /><nd ref="-7980" /><nd ref="-7981" /><nd ref="-7982" /><nd ref="-7983" /><nd ref="-7984" /><nd ref="-7985" /><nd ref="-7986" /><nd ref="-7987" /><nd ref="-7988" /><nd ref="-7989" /><nd ref="-7990" /><nd ref="-7991" /><nd ref="-7992" /><tag k="highway" v="residential" /></way><way id="696954034"><nd ref="-7993" /><nd ref="-7994" /><nd ref="-7995" /><nd ref="-7996" /><nd ref="-7997" /><nd ref="-7998" /><nd ref="-7999" /><tag k="highway" v="residential" /></way><way id="696954035"><nd ref="-8000" /><nd ref="-8001" /><nd ref="-8002" /><nd ref="-7999" /><nd ref="-7954" /><nd ref="-7971" /><nd ref="-8003" /><nd ref="-8004" /><nd ref="-8005" /><nd ref="-8006" /><nd ref="-8007" /><nd ref="-8008" /><nd ref="-8009" /><tag k="highway" v="residential" /></way><way id="696954036"><nd ref="-8010" /><nd ref="-8011" /><nd ref="-8012" /><nd ref="-8013" /><nd ref="-8014" /><nd ref="-8015" /><nd ref="-8016" /><nd ref="-8017" /><nd ref="-8018" /><nd ref="-8019" /><nd ref="-8020" /><nd ref="-8021" /><nd ref="-8022" /><nd ref="-8023" /><nd ref="-8024" /><nd ref="-8025" /><nd ref="-8026" /><nd ref="-8027" /><nd ref="-8028" /><nd ref="-8029" /><nd ref="-8030" /><nd ref="-8031" /><nd ref="-8032" /><nd ref="-8033" /><nd ref="-8034" /><nd ref="-8035" /><nd ref="-8036" /><nd ref="-8037" /><tag k="highway" v="residential" /></way><way id="696954037"><nd ref="-3650" /><nd ref="-8038" /><nd ref="-8039" /><nd ref="-8040" /><nd ref="-8041" /><nd ref="-8042" /><nd ref="-8043" /><nd ref="-8044" /><nd ref="-8045" /><nd ref="-8046" /><nd ref="-8047" /><nd ref="-8048" /><nd ref="-8049" /><tag k="highway" v="residential" /></way><way id="696954038"><nd ref="-3654" /><nd ref="-8050" /><tag k="highway" v="residential" /></way><way id="696954039"><nd ref="-8051" /><nd ref="-8052" /><nd ref="-8053" /><nd ref="-8054" /><nd ref="-8055" /><nd ref="-8056" /><nd ref="-8057" /><nd ref="-8058" /><nd ref="-8059" /><nd ref="-8060" /><nd ref="-8061" /><nd ref="-8062" /><tag k="highway" v="residential" /></way><way id="696954040"><nd ref="-3656" /><nd ref="-8063" /><nd ref="-8064" /><nd ref="-8065" /><nd ref="-8066" /><nd ref="-8067" /><nd ref="-8068" /><nd ref="-8069" /><nd ref="-8070" /><nd ref="-8051" /><nd ref="-8071" /><nd ref="-8072" /><nd ref="-8073" /><nd ref="-8074" /><tag k="highway" v="residential" /></way><way id="696956170"><nd ref="-5761" /><nd ref="-8075" /><tag k="highway" v="residential" /></way><way id="696956171"><nd ref="-8001" /><nd ref="-8076" /><nd ref="-8077" /><nd ref="-8078" /><nd ref="-8079" /><nd ref="-8080" /><nd ref="-8081" /><nd ref="-8082" /><nd ref="-8083" /><nd ref="-8084" /><nd ref="-8085" /><tag k="highway" v="residential" /></way><way id="696956172"><nd ref="-8086" /><nd ref="-8087" /><nd ref="-8088" /><nd ref="-8085" /><nd ref="-8089" /><nd ref="-8090" /><nd ref="-8091" /><nd ref="-8092" /><nd ref="-8093" /><nd ref="-8094" /><nd ref="-8095" /><nd ref="-8096" /><nd ref="-8097" /><nd ref="-8098" /><nd ref="-8099" /><tag k="highway" v="residential" /></way><way id="696956173"><nd ref="-8100" /><nd ref="-8101" /><nd ref="-8102" /><nd ref="-8103" /><nd ref="-8104" /><nd ref="-8105" /><nd ref="-8106" /><nd ref="-8107" /><nd ref="-8108" /><nd ref="-8109" /><nd ref="-8110" /><tag k="highway" v="residential" /></way><way id="696956174"><nd ref="-8111" /><nd ref="-8112" /><tag k="highway" v="residential" /></way><way id="696956175"><nd ref="-5571" /><nd ref="-8113" /><nd ref="-8114" /><nd ref="-8115" /><nd ref="-8116" /><nd ref="-8117" /><nd ref="-8118" /><nd ref="-8119" /><nd ref="-8120" /><nd ref="-8121" /><nd ref="-8122" /><nd ref="-8123" /><nd ref="-8124" /><nd ref="-8125" /><nd ref="-8111" /><tag k="highway" v="residential" /><tag k="name" v="مدخل بوخريص" /><tag k="name:ar" v="مدخل بوخريص" /><tag k="sidewalk" v="no" /><tag k="smoothness" v="bad" /><tag k="surface" v="ground" /></way><way id="696956176"><nd ref="-8126" /><nd ref="-8127" /><nd ref="-8128" /><nd ref="-8129" /><tag k="highway" v="residential" /></way><way id="696956177"><nd ref="-8130" /><nd ref="-8131" /><nd ref="-8132" /><nd ref="-8133" /><nd ref="-8134" /><nd ref="-8127" /><tag k="highway" v="residential" /></way><way id="696956873"><nd ref="-5766" /><nd ref="-8135" /><tag k="highway" v="residential" /></way><way id="696961682"><nd ref="-3658" /><nd ref="-8136" /><nd ref="-8137" /><tag k="highway" v="residential" /></way><way id="696961683"><nd ref="-3642" /><nd ref="-8138" /><nd ref="-8139" /><nd ref="-8140" /><nd ref="-8141" /><nd ref="-747" /><tag k="highway" v="residential" /></way><way id="696961684"><nd ref="-3649" /><nd ref="-8142" /><nd ref="-8143" /><nd ref="-8144" /><nd ref="-8145" /><nd ref="-8146" /><nd ref="-8086" /><nd ref="-8147" /><nd ref="-8148" /><nd ref="-8149" /><nd ref="-7914" /><nd ref="-8000" /><nd ref="-7922" /><nd ref="-8010" /><nd ref="-8150" /><nd ref="-8151" /><nd ref="-8152" /><nd ref="-8153" /><nd ref="-8154" /><nd ref="-8155" /><nd ref="-8156" /><nd ref="-8157" /><nd ref="-5760" /><tag k="highway" v="residential" /></way><way id="696977244"><nd ref="-3133" /><nd ref="-8158" /><nd ref="-8159" /><tag k="highway" v="residential" /></way><way id="696977245"><nd ref="-8160" /><nd ref="-8161" /><nd ref="-8162" /><nd ref="-8163" /><nd ref="-8164" /><nd ref="-8165" /><nd ref="-2196" /><tag k="highway" v="residential" /></way><way id="696977246"><nd ref="-2222" /><nd ref="-3332" /><nd ref="-8166" /><tag k="highway" v="residential" /></way><way id="697004973"><nd ref="-1169" /><nd ref="-8167" /><tag k="highway" v="residential" /></way><way id="697108445"><nd ref="-3043" /><nd ref="-8168" /><nd ref="-8169" /><tag k="highway" v="residential" /></way><way id="697108446"><nd ref="-8170" /><nd ref="-8171" /><nd ref="-8172" /><nd ref="-8173" /><tag k="highway" v="residential" /></way><way id="697108447"><nd ref="-3045" /><nd ref="-8174" /><nd ref="-8175" /><nd ref="-8173" /><nd ref="-8176" /><nd ref="-8177" /><nd ref="-8178" /><nd ref="-8179" /><nd ref="-8180" /><nd ref="-8181" /><nd ref="-8182" /><nd ref="-8183" /><nd ref="-8184" /><nd ref="-8185" /><nd ref="-8186" /><nd ref="-8187" /><tag k="highway" v="residential" /></way><way id="697112777"><nd ref="-8188" /><nd ref="-8189" /><nd ref="-3273" /><nd ref="-7702" /><nd ref="-8190" /><nd ref="-8191" /><nd ref="-8192" /><tag k="highway" v="residential" /><tag k="lanes" v="2" /><tag k="name" v="نهج إبن هاني" /><tag k="name:ar" v="نهج إبن هاني" /><tag k="name:fr" v="Rue Ibn Hani" /></way><way id="697112778"><nd ref="-8193" /><nd ref="-8194" /><nd ref="-8195" /><nd ref="-8196" /><nd ref="-8197" /><nd ref="-1579" /><tag k="highway" v="residential" /></way><way id="697124314"><nd ref="-8198" /><nd ref="-1181" /><tag k="highway" v="residential" /></way><way id="697124315"><nd ref="-1275" /><nd ref="-8199" /><nd ref="-8200" /><nd ref="-8201" /><nd ref="-8202" /><nd ref="-4835" /><tag k="highway" v="residential" /></way><way id="697124316"><nd ref="-1275" /><nd ref="-8203" /><nd ref="-8204" /><nd ref="-1265" /><tag k="highway" v="residential" /></way><way id="697138978"><nd ref="-1992" /><nd ref="-1851" /><tag k="highway" v="residential" /></way><way id="697138980"><nd ref="-1562" /><nd ref="-8205" /><nd ref="-8206" /><nd ref="-1865" /><tag k="highway" v="residential" /><tag k="name" v="نهج 5090" /><tag k="name:ar" v="نهج 5090" /><tag k="name:fr" v="Rue 5090" /></way><way id="697138981"><nd ref="-8207" /><nd ref="-8208" /><nd ref="-1574" /><tag k="highway" v="residential" /></way><way id="697138982"><nd ref="-8209" /><nd ref="-8210" /><nd ref="-8211" /><tag k="highway" v="residential" /></way><way id="697138983"><nd ref="-8211" /><nd ref="-8212" /><nd ref="-8213" /><nd ref="-8207" /><tag k="highway" v="residential" /></way><way id="697138984"><nd ref="-8214" /><nd ref="-8215" /><nd ref="-8216" /><tag k="highway" v="residential" /></way><way id="697138985"><nd ref="-8216" /><nd ref="-8209" /><nd ref="-8217" /><nd ref="-8218" /><tag k="highway" v="residential" /></way><way id="697138986"><nd ref="-8218" /><nd ref="-8219" /><nd ref="-8220" /><nd ref="-8221" /><nd ref="-8222" /><nd ref="-8223" /><nd ref="-8224" /><nd ref="-8225" /><nd ref="-8226" /><nd ref="-1577" /><tag k="highway" v="residential" /></way><way id="697138987"><nd ref="-8227" /><nd ref="-8228" /><tag k="highway" v="residential" /></way><way id="697138988"><nd ref="-8229" /><nd ref="-8230" /><nd ref="-8231" /><nd ref="-1862" /><tag k="highway" v="residential" /></way><way id="697138989"><nd ref="-1901" /><nd ref="-8232" /><nd ref="-8233" /><nd ref="-8229" /><tag k="highway" v="residential" /></way><way id="697138990"><nd ref="-8234" /><nd ref="-8235" /><nd ref="-8227" /><nd ref="-8236" /><tag k="highway" v="residential" /></way><way id="697138991"><nd ref="-1568" /><nd ref="-8237" /><nd ref="-8238" /><nd ref="-8239" /><nd ref="-8240" /><nd ref="-8241" /><nd ref="-8242" /><nd ref="-8234" /><tag k="highway" v="residential" /></way><way id="697138992"><nd ref="-1749" /><nd ref="-8243" /><nd ref="-8244" /><tag k="highway" v="residential" /></way><way id="697138993"><nd ref="-8244" /><nd ref="-8245" /><nd ref="-8246" /><nd ref="-8247" /><nd ref="-8248" /><tag k="highway" v="residential" /></way><way id="697138994"><nd ref="-8249" /><nd ref="-8250" /><nd ref="-8251" /><nd ref="-1866" /><tag k="highway" v="residential" /></way><way id="697138995"><nd ref="-1572" /><nd ref="-8252" /><nd ref="-8253" /><tag k="highway" v="residential" /></way><way id="697138996"><nd ref="-8253" /><nd ref="-8254" /><nd ref="-8255" /><nd ref="-8249" /><tag k="highway" v="residential" /></way><way id="697138997"><nd ref="-3322" /><nd ref="-1711" /><tag k="highway" v="residential" /></way><way id="697138998"><nd ref="-8256" /><nd ref="-1567" /><tag k="highway" v="residential" /></way><way id="697138999"><nd ref="-8257" /><nd ref="-8258" /><nd ref="-8259" /><nd ref="-8158" /><tag k="highway" v="residential" /></way><way id="697139000"><nd ref="-8260" /><nd ref="-8261" /><nd ref="-8262" /><nd ref="-8263" /><nd ref="-3119" /><tag k="highway" v="residential" /></way><way id="697139001"><nd ref="-3118" /><nd ref="-8264" /><tag k="highway" v="residential" /></way><way id="697162848"><nd ref="-8265" /><nd ref="-8266" /><nd ref="-8267" /><nd ref="-8268" /><nd ref="-8269" /><tag k="highway" v="residential" /></way><way id="697162849"><nd ref="-1566" /><nd ref="-8270" /><tag k="highway" v="residential" /></way><way id="697165696"><nd ref="-8271" /><nd ref="-1900" /><tag k="highway" v="residential" /></way><way id="697165697"><nd ref="-1898" /><nd ref="-8272" /><nd ref="-8273" /><tag k="highway" v="residential" /><tag k="name" v="نهج 5140" /><tag k="name:ar" v="نهج 5140" /><tag k="name:fr" v="Rue 5140" /></way><way id="697165698"><nd ref="-8271" /><nd ref="-8274" /><tag k="highway" v="residential" /></way><way id="697165699"><nd ref="-8273" /><nd ref="-8275" /><nd ref="-8276" /><nd ref="-8271" /><tag k="highway" v="residential" /><tag k="name" v="نهج 5140" /><tag k="name:ar" v="نهج 5140" /><tag k="name:fr" v="Rue 5140" /></way><way id="697299379"><nd ref="-1299" /><nd ref="-8277" /><nd ref="-8278" /><nd ref="-8279" /><nd ref="-8280" /><nd ref="-8281" /><nd ref="-8282" /><nd ref="-8283" /><nd ref="-8284" /><nd ref="-1341" /><tag k="highway" v="residential" /></way><way id="697299380"><nd ref="-8285" /><nd ref="-1295" /><nd ref="-1291" /><nd ref="-1289" /><tag k="highway" v="service" /><tag k="name" v="نهج حنين ابن اسحاق" /><tag k="name:ar" v="نهج حنين ابن اسحاق" /><tag k="name:fr" v="Rue Hanin Ibn Ishaq" /></way><way id="697299381"><nd ref="-4749" /><nd ref="-8286" /><nd ref="-8287" /><nd ref="-8288" /><nd ref="-8289" /><nd ref="-8290" /><nd ref="-8291" /><nd ref="-8292" /><nd ref="-8293" /><nd ref="-8294" /><nd ref="-8295" /><nd ref="-8296" /><nd ref="-8297" /><nd ref="-8298" /><nd ref="-8299" /><nd ref="-8300" /><nd ref="-8301" /><nd ref="-8302" /><nd ref="-8303" /><nd ref="-8304" /><nd ref="-8305" /><nd ref="-8306" /><nd ref="-8307" /><nd ref="-8308" /><nd ref="-8309" /><nd ref="-8310" /><nd ref="-8311" /><nd ref="-8312" /><nd ref="-8313" /><nd ref="-8314" /><nd ref="-8315" /><nd ref="-8316" /><nd ref="-8317" /><tag k="highway" v="service" /></way><way id="697299382"><nd ref="-78" /><nd ref="-8318" /><nd ref="-8319" /><nd ref="-96" /><nd ref="-95" /><nd ref="-8320" /><nd ref="-8321" /><nd ref="-8322" /><nd ref="-8323" /><nd ref="-8324" /><tag k="highway" v="secondary" /><tag k="name" v="شارع الجيش" /><tag k="name:ar" v="شارع الجيش" /><tag k="name:fr" v="Boulevard de l'Armée Nationale" /><tag k="oneway" v="yes" /><tag k="sidewalk" v="both" /><tag k="smoothness" v="intermediate" /><tag k="start_date" v="2014" /><tag k="surface" v="asphalt" /></way><way id="697299383"><nd ref="-2831" /><nd ref="-4204" /><tag k="highway" v="residential" /></way><way id="697299384"><nd ref="-3115" /><nd ref="-4664" /><nd ref="-8325" /><nd ref="-2829" /><tag k="highway" v="secondary" /><tag k="name" v="شارع 5 أوت" /><tag k="name:ar" v="شارع 5 أوت" /><tag k="name:fr" v="Avenue 5 Août" /><tag k="oneway" v="yes" /></way><way id="697299385"><nd ref="-4834" /><nd ref="-8326" /><nd ref="-8327" /><nd ref="-8328" /><nd ref="-8329" /><nd ref="-8330" /><nd ref="-8331" /><nd ref="-8332" /><nd ref="-8265" /><nd ref="-8333" /><nd ref="-8334" /><nd ref="-8335" /><nd ref="-817" /><nd ref="-1222" /><nd ref="-8336" /><tag k="highway" v="residential" /><tag k="name" v="نهج وهران" /><tag k="name:ar" v="نهج وهران" /><tag k="name:fr" v="Rue d'Oran" /></way><way id="697657430"><nd ref="-8337" /><nd ref="-8338" /><nd ref="-8339" /><nd ref="-5864" /><nd ref="-8340" /><nd ref="-5783" /><nd ref="-8341" /><nd ref="-8342" /><nd ref="-8343" /><nd ref="-8344" /><nd ref="-8345" /><nd ref="-8346" /><nd ref="-8347" /><nd ref="-8348" /><nd ref="-8349" /><nd ref="-8350" /><nd ref="-8351" /><nd ref="-8352" /><nd ref="-8353" /><tag k="highway" v="residential" /><tag k="name" v="نهج الإمام الشافعي" /><tag k="name:ar" v="نهج الإمام الشافعي" /><tag k="name:fr" v="Rue Imam Chafai" /></way><way id="697657432"><nd ref="-3661" /><nd ref="-8354" /><nd ref="-8355" /><nd ref="-8356" /><nd ref="-8357" /><nd ref="-7948" /><nd ref="-8358" /><tag k="highway" v="living_street" /></way><way id="698036876"><nd ref="-1368" /><nd ref="-8359" /><nd ref="-8360" /><tag k="highway" v="residential" /></way><way id="698036878"><nd ref="-4425" /><nd ref="-8361" /><nd ref="-127" /><tag k="highway" v="residential" /><tag k="name" v="نهج ابن ابي الضياف" /><tag k="name:ar" v="نهج ابن ابي الضياف" /><tag k="name:fr" v="Rue Ibn Abi Dhiaf" /></way><way id="698059693"><nd ref="-8362" /><nd ref="-1375" /><nd ref="-1376" /><nd ref="-8360" /><nd ref="-1373" /><nd ref="-4432" /><tag k="highway" v="residential" /></way><way id="698320855"><nd ref="-8363" /><nd ref="-8364" /><nd ref="-8365" /><nd ref="-5035" /><tag k="highway" v="residential" /></way><way id="698330206"><nd ref="-4253" /><nd ref="-8366" /><nd ref="-8367" /><nd ref="-8368" /><nd ref="-8369" /><tag k="highway" v="residential" /></way><way id="698330207"><nd ref="-8370" /><nd ref="-8371" /><nd ref="-8372" /><nd ref="-8373" /><nd ref="-8374" /><tag k="highway" v="residential" /></way><way id="698603909"><nd ref="-3150" /><nd ref="-8375" /><tag k="highway" v="service" /><tag k="oneway" v="yes" /></way><way id="698603910"><nd ref="-8376" /><nd ref="-3149" /><tag k="highway" v="service" /><tag k="oneway" v="yes" /></way><way id="698603911"><nd ref="-8375" /><nd ref="-8377" /><nd ref="-8378" /><nd ref="-8379" /><nd ref="-8380" /><nd ref="-8381" /><nd ref="-8382" /><nd ref="-8383" /><nd ref="-8384" /><nd ref="-8385" /><tag k="highway" v="service" /></way><way id="698603912"><nd ref="-8382" /><nd ref="-8376" /><tag k="highway" v="service" /></way><way id="698603913"><nd ref="-8375" /><nd ref="-8376" /><tag k="highway" v="service" /></way><way id="698603914"><nd ref="-8383" /><nd ref="-8386" /><nd ref="-8387" /><tag k="highway" v="service" /></way><way id="698712475"><nd ref="-8388" /><nd ref="-8389" /><nd ref="-8390" /><nd ref="-8391" /><nd ref="-8392" /><tag k="highway" v="residential" /></way><way id="698713192"><nd ref="-4329" /><nd ref="-8393" /><nd ref="-8394" /><nd ref="-8395" /><nd ref="-8396" /><nd ref="-8397" /><nd ref="-8398" /><nd ref="-8399" /><nd ref="-8400" /><nd ref="-8401" /><nd ref="-8402" /><nd ref="-8403" /><nd ref="-8404" /><nd ref="-8405" /><nd ref="-8406" /><nd ref="-4325" /><tag k="highway" v="residential" /></way><way id="698724109"><nd ref="-8407" /><nd ref="-8408" /><tag k="highway" v="residential" /></way><way id="699928734"><nd ref="-6321" /><nd ref="-7612" /><nd ref="-8409" /><nd ref="-6809" /><nd ref="-8410" /><nd ref="-8411" /><nd ref="-8412" /><nd ref="-6797" /><nd ref="-8413" /><nd ref="-5208" /><nd ref="-8370" /><nd ref="-5362" /><nd ref="-5344" /><nd ref="-7680" /><nd ref="-8414" /><nd ref="-6883" /><nd ref="-8415" /><nd ref="-8416" /><nd ref="-8417" /><nd ref="-8418" /><nd ref="-7650" /><nd ref="-8419" /><nd ref="-8420" /><nd ref="-7645" /><nd ref="-8421" /><nd ref="-8422" /><nd ref="-1390" /><nd ref="-8423" /><nd ref="-8424" /><nd ref="-8425" /><nd ref="-2281" /><nd ref="-8426" /><nd ref="-8427" /><nd ref="-8428" /><nd ref="-2866" /><nd ref="-8429" /><nd ref="-8430" /><nd ref="-8431" /><nd ref="-8432" /><nd ref="-8433" /><nd ref="-8434" /><nd ref="-2919" /><nd ref="-8435" /><nd ref="-8436" /><nd ref="-8437" /><nd ref="-8438" /><nd ref="-8439" /><nd ref="-8440" /><nd ref="-8441" /><nd ref="-3370" /><tag k="highway" v="unclassified" /></way><way id="699928735"><nd ref="-747" /><nd ref="-8442" /><nd ref="-8443" /><nd ref="-8444" /><nd ref="-8445" /><nd ref="-8446" /><nd ref="-8447" /><nd ref="-3698" /><nd ref="-8448" /><nd ref="-8449" /><nd ref="-8450" /><nd ref="-8451" /><nd ref="-624" /><nd ref="-8452" /><nd ref="-8453" /><nd ref="-8454" /><nd ref="-8455" /><nd ref="-8456" /><nd ref="-3436" /><nd ref="-8457" /><nd ref="-7603" /><nd ref="-8458" /><nd ref="-8459" /><nd ref="-8460" /><nd ref="-8461" /><nd ref="-4535" /><nd ref="-8462" /><nd ref="-7472" /><nd ref="-8463" /><nd ref="-8464" /><nd ref="-8465" /><nd ref="-7724" /><tag k="highway" v="residential" /></way><way id="699928736"><nd ref="-747" /><nd ref="-3763" /><nd ref="-8466" /><nd ref="-3766" /><nd ref="-3756" /><nd ref="-8467" /><nd ref="-1807" /><nd ref="-3752" /><nd ref="-8468" /><nd ref="-8469" /><nd ref="-8470" /><nd ref="-8471" /><nd ref="-8472" /><nd ref="-744" /><nd ref="-8473" /><nd ref="-8474" /><nd ref="-8475" /><nd ref="-1808" /><nd ref="-8476" /><nd ref="-8477" /><nd ref="-8478" /><nd ref="-8479" /><nd ref="-8480" /><tag k="highway" v="residential" /><tag k="name" v="زنقة بن حليمة" /><tag k="name:ar" v="زنقة بن حليمة" /><tag k="name:fr" v="Impasse Ben Hlima" /></way><way id="699928737"><nd ref="-8481" /><nd ref="-8482" /><nd ref="-8483" /><nd ref="-8484" /><nd ref="-8485" /><nd ref="-8486" /><nd ref="-8487" /><nd ref="-8488" /><nd ref="-8489" /><nd ref="-8490" /><nd ref="-8491" /><nd ref="-8492" /><nd ref="-8493" /><nd ref="-8494" /><nd ref="-8495" /><nd ref="-8496" /><nd ref="-679" /><tag k="highway" v="residential" /></way><way id="700425207"><nd ref="-5240" /><nd ref="-8497" /><nd ref="-8498" /><nd ref="-8499" /><nd ref="-8500" /><nd ref="-8501" /><nd ref="-8502" /><tag k="highway" v="residential" /></way><way id="700425208"><nd ref="-7435" /><nd ref="-8503" /><nd ref="-8504" /><nd ref="-8505" /><nd ref="-8506" /><nd ref="-8507" /><tag k="highway" v="residential" /></way><way id="700425209"><nd ref="-3214" /><nd ref="-8508" /><nd ref="-8509" /><nd ref="-8510" /><nd ref="-8511" /><nd ref="-8512" /><tag k="highway" v="residential" /></way><way id="700731937"><nd ref="-5583" /><nd ref="-8513" /><nd ref="-8514" /><nd ref="-8515" /><tag k="highway" v="residential" /></way><way id="700910301"><nd ref="-7710" /><nd ref="-8516" /><nd ref="-8517" /><nd ref="-8518" /><nd ref="-3406" /><tag k="highway" v="residential" /></way><way id="700910302"><nd ref="-6126" /><nd ref="-1394" /><tag k="highway" v="residential" /></way><way id="700910304"><nd ref="-8519" /><nd ref="-8520" /><nd ref="-8521" /><nd ref="-8522" /><nd ref="-8523" /><nd ref="-8524" /><nd ref="-8525" /><nd ref="-6702" /><tag k="highway" v="residential" /></way><way id="700910305"><nd ref="-1441" /><nd ref="-8526" /><nd ref="-8527" /><nd ref="-8528" /><nd ref="-8529" /><tag k="highway" v="residential" /></way><way id="700910306"><nd ref="-4250" /><nd ref="-8530" /><nd ref="-8531" /><nd ref="-8532" /><nd ref="-8533" /><nd ref="-8534" /><tag k="highway" v="residential" /></way><way id="700910307"><nd ref="-8410" /><nd ref="-8535" /><nd ref="-8536" /><nd ref="-8537" /><nd ref="-8538" /><nd ref="-8539" /><nd ref="-8540" /><nd ref="-8541" /><nd ref="-8542" /><tag k="highway" v="residential" /></way><way id="700910308"><nd ref="-5212" /><nd ref="-8543" /><nd ref="-8544" /><nd ref="-8545" /><nd ref="-8546" /><nd ref="-8547" /><tag k="highway" v="residential" /></way><way id="700910309"><nd ref="-5213" /><nd ref="-8548" /><nd ref="-8549" /><tag k="highway" v="residential" /></way><way id="700910310"><nd ref="-4251" /><nd ref="-8550" /><nd ref="-8551" /><nd ref="-8552" /><nd ref="-8553" /><nd ref="-8554" /><tag k="highway" v="residential" /></way><way id="700932048"><nd ref="-7659" /><nd ref="-8555" /><nd ref="-8556" /><tag k="highway" v="residential" /></way><way id="700932049"><nd ref="-7666" /><nd ref="-8557" /><nd ref="-8558" /><nd ref="-8559" /><nd ref="-8560" /><tag k="highway" v="residential" /></way><way id="700939854"><nd ref="-6854" /><nd ref="-8561" /><tag k="highway" v="residential" /></way><way id="701459067"><nd ref="-1152" /><nd ref="-8562" /><nd ref="-8563" /><tag k="highway" v="residential" /></way><way id="701459068"><nd ref="-4398" /><nd ref="-1097" /><tag k="highway" v="residential" /></way><way id="701459069"><nd ref="-8564" /><nd ref="-4396" /><tag k="highway" v="residential" /></way><way id="701459070"><nd ref="-1098" /><nd ref="-8565" /><nd ref="-8566" /><nd ref="-8567" /><tag k="highway" v="residential" /></way><way id="701459071"><nd ref="-4396" /><nd ref="-8568" /><nd ref="-8569" /><nd ref="-2327" /><tag k="highway" v="residential" /></way><way id="701459072"><nd ref="-4394" /><nd ref="-8570" /><nd ref="-8571" /><nd ref="-8572" /><nd ref="-8569" /><tag k="highway" v="residential" /></way><way id="701710063"><nd ref="-4082" /><nd ref="-8573" /><nd ref="-8574" /><nd ref="-8575" /><nd ref="-6026" /><tag k="highway" v="residential" /></way><way id="701710064"><nd ref="-6027" /><nd ref="-8576" /><nd ref="-8577" /><tag k="highway" v="residential" /></way><way id="701710065"><nd ref="-6078" /><nd ref="-8578" /><nd ref="-8579" /><nd ref="-8580" /><tag k="highway" v="residential" /></way><way id="701710066"><nd ref="-6009" /><nd ref="-8581" /><tag k="highway" v="residential" /></way><way id="701712461"><nd ref="-1442" /><nd ref="-8582" /><tag k="highway" v="residential" /></way><way id="701712462"><nd ref="-5232" /><nd ref="-8583" /><tag k="highway" v="residential" /></way><way id="701712463"><nd ref="-6339" /><nd ref="-8584" /><nd ref="-8585" /><nd ref="-8586" /><nd ref="-8587" /><nd ref="-8588" /><tag k="highway" v="residential" /></way><way id="701712464"><nd ref="-8585" /><nd ref="-8589" /><nd ref="-8590" /><nd ref="-8591" /><nd ref="-8592" /><tag k="highway" v="residential" /></way><way id="701712465"><nd ref="-6338" /><nd ref="-8593" /><nd ref="-8594" /><tag k="highway" v="residential" /></way><way id="701712466"><nd ref="-5215" /><nd ref="-8595" /><nd ref="-8596" /><tag k="highway" v="residential" /></way><way id="701713637"><nd ref="-3742" /><nd ref="-8597" /><nd ref="-8598" /><nd ref="-8599" /><nd ref="-8600" /><nd ref="-8601" /><tag k="highway" v="residential" /></way><way id="701713638"><nd ref="-3743" /><nd ref="-8602" /><nd ref="-8603" /><tag k="highway" v="residential" /></way><way id="701713639"><nd ref="-4043" /><nd ref="-8604" /><tag k="highway" v="residential" /></way><way id="702107007"><nd ref="-8605" /><nd ref="-8606" /><nd ref="-8607" /><nd ref="-8608" /><nd ref="-8609" /><nd ref="-8610" /><nd ref="-8611" /><nd ref="-8612" /><nd ref="-8613" /><nd ref="-8614" /><nd ref="-8615" /><nd ref="-8616" /><nd ref="-8617" /><nd ref="-8618" /><nd ref="-8619" /><tag k="highway" v="residential" /></way><way id="702107009"><nd ref="-3759" /><nd ref="-8620" /><nd ref="-8621" /><tag k="highway" v="residential" /></way><way id="702156409"><nd ref="-8140" /><nd ref="-8622" /><nd ref="-8623" /><nd ref="-8624" /><nd ref="-8625" /><nd ref="-8626" /><nd ref="-8627" /><nd ref="-8628" /><nd ref="-8629" /><nd ref="-8630" /><nd ref="-8631" /><tag k="highway" v="residential" /></way><way id="702156410"><nd ref="-8139" /><nd ref="-8632" /><nd ref="-8633" /><nd ref="-8634" /><nd ref="-8635" /><nd ref="-8636" /><nd ref="-8637" /><tag k="highway" v="residential" /></way><way id="703329307"><nd ref="-881" /><nd ref="-8638" /><nd ref="-8639" /><nd ref="-8640" /><nd ref="-8641" /><nd ref="-8642" /><tag k="highway" v="residential" /><tag k="oneway" v="yes" /></way><way id="704087534"><nd ref="-3038" /><nd ref="-8643" /><nd ref="-8644" /><nd ref="-8645" /><nd ref="-8646" /><nd ref="-8647" /><nd ref="-8648" /><tag k="highway" v="residential" /></way><way id="704087535"><nd ref="-3039" /><nd ref="-8649" /><nd ref="-8650" /><nd ref="-8651" /><nd ref="-8652" /><nd ref="-8653" /><nd ref="-8654" /><nd ref="-8655" /><nd ref="-8656" /><nd ref="-5759" /><nd ref="-8657" /><tag k="highway" v="unclassified" /></way><way id="704087536"><nd ref="-8655" /><nd ref="-8658" /><nd ref="-8659" /><nd ref="-8660" /><nd ref="-8661" /><nd ref="-8662" /><nd ref="-8663" /><nd ref="-8664" /><nd ref="-8665" /><nd ref="-8666" /><nd ref="-8667" /><tag k="highway" v="unclassified" /></way><way id="704087537"><nd ref="-8661" /><nd ref="-8668" /><nd ref="-8669" /><nd ref="-8670" /><nd ref="-8671" /><nd ref="-8672" /><nd ref="-8673" /><nd ref="-8674" /><tag k="highway" v="unclassified" /></way><way id="704087538"><nd ref="-8660" /><nd ref="-8675" /><tag k="highway" v="unclassified" /></way><way id="704397716"><nd ref="-3553" /><nd ref="-8676" /><nd ref="-8677" /><tag k="highway" v="residential" /></way><way id="704397717"><nd ref="-3614" /><nd ref="-8678" /><nd ref="-8679" /><nd ref="-8680" /><nd ref="-8681" /><tag k="highway" v="residential" /></way><way id="704397718"><nd ref="-3615" /><nd ref="-8682" /><nd ref="-8683" /><tag k="highway" v="residential" /></way><way id="704397719"><nd ref="-3619" /><nd ref="-8684" /><nd ref="-8685" /><tag k="highway" v="residential" /></way><way id="704397720"><nd ref="-3637" /><nd ref="-8686" /><nd ref="-8687" /><tag k="highway" v="residential" /></way><way id="704397721"><nd ref="-8686" /><nd ref="-8688" /><tag k="highway" v="residential" /></way><way id="704397722"><nd ref="-5774" /><nd ref="-8689" /><nd ref="-8690" /><nd ref="-8691" /><tag k="highway" v="residential" /></way><way id="704397723"><nd ref="-5778" /><nd ref="-8692" /><nd ref="-8693" /><nd ref="-8694" /><nd ref="-8695" /><tag k="highway" v="residential" /></way><way id="704397724"><nd ref="-5775" /><nd ref="-8696" /><nd ref="-8697" /><nd ref="-8698" /><nd ref="-8699" /><nd ref="-8700" /><nd ref="-8701" /><tag k="highway" v="residential" /></way><way id="704397725"><nd ref="-8694" /><nd ref="-8702" /><nd ref="-8703" /><nd ref="-8704" /><nd ref="-8705" /><nd ref="-8706" /><nd ref="-8707" /><nd ref="-8708" /><nd ref="-8709" /><nd ref="-8710" /><nd ref="-1805" /><tag k="highway" v="residential" /></way><way id="704397726"><nd ref="-8706" /><nd ref="-8711" /><nd ref="-8712" /><nd ref="-8713" /><nd ref="-8714" /><nd ref="-8715" /><nd ref="-8716" /><nd ref="-8717" /><nd ref="-8718" /><nd ref="-1816" /><tag k="highway" v="residential" /></way><way id="704397727"><nd ref="-1811" /><nd ref="-8719" /><nd ref="-8720" /><nd ref="-8721" /><nd ref="-8722" /><nd ref="-8723" /><nd ref="-8724" /><nd ref="-8725" /><nd ref="-8726" /><nd ref="-8727" /><nd ref="-8728" /><nd ref="-8729" /><nd ref="-8730" /><nd ref="-8731" /><tag k="highway" v="residential" /></way><way id="704397728"><nd ref="-8721" /><nd ref="-8732" /><nd ref="-8733" /><nd ref="-8734" /><nd ref="-8735" /><nd ref="-8736" /><nd ref="-8737" /><nd ref="-8738" /><nd ref="-8739" /><tag k="highway" v="residential" /></way><way id="704397729"><nd ref="-8736" /><nd ref="-8740" /><nd ref="-8741" /><nd ref="-8742" /><nd ref="-8743" /><nd ref="-8744" /><nd ref="-8745" /><nd ref="-8746" /><nd ref="-8747" /><nd ref="-8748" /><nd ref="-8749" /><nd ref="-8750" /><tag k="highway" v="residential" /></way><way id="704397730"><nd ref="-8740" /><nd ref="-8751" /><tag k="highway" v="residential" /></way><way id="704397731"><nd ref="-8477" /><nd ref="-8752" /><nd ref="-8753" /><nd ref="-8754" /><nd ref="-8755" /><nd ref="-8756" /><nd ref="-8757" /><nd ref="-8758" /><nd ref="-8759" /><nd ref="-8760" /><nd ref="-8761" /><nd ref="-8762" /><nd ref="-8763" /><nd ref="-8764" /><nd ref="-8765" /><tag k="highway" v="residential" /></way><way id="704397732"><nd ref="-8756" /><nd ref="-8766" /><tag k="highway" v="residential" /></way><way id="704397733"><nd ref="-8767" /><nd ref="-8768" /><nd ref="-8769" /><nd ref="-8770" /><nd ref="-8771" /><nd ref="-8772" /><nd ref="-8773" /><nd ref="-8774" /><nd ref="-8775" /><nd ref="-8776" /><nd ref="-8777" /><nd ref="-8778" /><nd ref="-8779" /><tag k="highway" v="residential" /></way><way id="704401657"><nd ref="-8417" /><nd ref="-8780" /><nd ref="-8781" /><nd ref="-8782" /><tag k="highway" v="residential" /></way><way id="704401658"><nd ref="-8433" /><nd ref="-8783" /><nd ref="-8784" /><nd ref="-8785" /><nd ref="-8786" /><tag k="highway" v="residential" /></way><way id="704401659"><nd ref="-2030" /><nd ref="-8787" /><tag k="highway" v="residential" /></way><way id="704401660"><nd ref="-2000" /><nd ref="-8788" /><nd ref="-8789" /><nd ref="-8790" /><tag k="highway" v="residential" /><tag k="name" v="نهج 574" /><tag k="name:ar" v="نهج 574" /><tag k="name:fr" v="Rue 574" /></way><way id="704627054"><nd ref="-4398" /><nd ref="-8564" /><nd ref="-8791" /><nd ref="-8792" /><nd ref="-8793" /><nd ref="-4393" /><tag k="highway" v="residential" /></way><way id="704632814"><nd ref="-8794" /><nd ref="-8795" /><nd ref="-8796" /><nd ref="-8797" /><nd ref="-8798" /><nd ref="-8799" /><nd ref="-8800" /><nd ref="-4828" /><tag k="highway" v="residential" /></way><way id="704632815"><nd ref="-4827" /><nd ref="-8794" /><nd ref="-8801" /><nd ref="-8802" /><nd ref="-8803" /><nd ref="-757" /><tag k="highway" v="residential" /></way><way id="704632816"><nd ref="-4829" /><nd ref="-8804" /><nd ref="-8805" /><nd ref="-4201" /><nd ref="-8806" /><tag k="highway" v="residential" /></way><way id="704632817"><nd ref="-380" /><nd ref="-8807" /><nd ref="-8808" /><nd ref="-8809" /><nd ref="-263" /><tag k="highway" v="residential" /></way><way id="704632818"><nd ref="-262" /><nd ref="-373" /><tag k="highway" v="residential" /></way><way id="704632819"><nd ref="-261" /><nd ref="-370" /><tag k="highway" v="residential" /></way><way id="704632820"><nd ref="-259" /><nd ref="-369" /><tag k="highway" v="residential" /></way><way id="704632821"><nd ref="-1060" /><nd ref="-1066" /><tag k="highway" v="residential" /></way><way id="704632822"><nd ref="-1059" /><nd ref="-1065" /><tag k="highway" v="residential" /></way><way id="704632823"><nd ref="-1087" /><nd ref="-2329" /><tag k="highway" v="residential" /></way><way id="704632824"><nd ref="-1086" /><nd ref="-2328" /><tag k="highway" v="residential" /></way><way id="704632825"><nd ref="-1083" /><nd ref="-2326" /><tag k="highway" v="residential" /></way><way id="704882663"><nd ref="-4440" /><nd ref="-8810" /><nd ref="-8811" /><nd ref="-8812" /><nd ref="-8813" /><nd ref="-254" /><nd ref="-280" /><nd ref="-8814" /><nd ref="-8815" /><nd ref="-2834" /><nd ref="-294" /><nd ref="-4823" /><nd ref="-8816" /><nd ref="-773" /><nd ref="-8817" /><nd ref="-4772" /><tag k="highway" v="secondary" /><tag k="name" v="شارع عبد الرحمان الغافقي" /><tag k="name:ar" v="شارع عبد الرحمان الغافقي" /><tag k="name:fr" v="Avenue Abderrahmen El Ghafki" /><tag k="oneway" v="yes" /><tag k="sidewalk" v="both" /><tag k="smoothness" v="intermediate" /><tag k="surface" v="asphalt" /></way><way id="705057997"><nd ref="-6971" /><nd ref="-8818" /><nd ref="-8819" /><nd ref="-8820" /><nd ref="-8821" /><nd ref="-8822" /><tag k="highway" v="residential" /></way><way id="705057998"><nd ref="-6972" /><nd ref="-8823" /><nd ref="-8824" /><nd ref="-8825" /><nd ref="-8826" /><nd ref="-8827" /><nd ref="-8828" /><nd ref="-8829" /><nd ref="-8830" /><nd ref="-8831" /><tag k="highway" v="residential" /></way><way id="705057999"><nd ref="-8832" /><nd ref="-8833" /><nd ref="-8834" /><nd ref="-8829" /><tag k="highway" v="residential" /></way><way id="705058000"><nd ref="-6004" /><nd ref="-8835" /><tag k="highway" v="residential" /></way><way id="705394633"><nd ref="-5119" /><nd ref="-8836" /><tag k="highway" v="residential" /></way><way id="705429362"><nd ref="-5961" /><nd ref="-8837" /><nd ref="-8838" /><nd ref="-8839" /><tag k="highway" v="residential" /></way><way id="705429363"><nd ref="-5969" /><nd ref="-8840" /><nd ref="-8841" /><nd ref="-8842" /><nd ref="-8843" /><nd ref="-8844" /><tag k="highway" v="residential" /></way><way id="705429364"><nd ref="-6898" /><nd ref="-8845" /><nd ref="-8846" /><nd ref="-8847" /><nd ref="-8848" /><nd ref="-8849" /><nd ref="-8850" /><nd ref="-8851" /><tag k="highway" v="residential" /></way><way id="705429365"><nd ref="-4175" /><nd ref="-8852" /><tag k="highway" v="residential" /></way><way id="705429367"><nd ref="-8853" /><nd ref="-8854" /><nd ref="-8855" /><nd ref="-8856" /><nd ref="-8857" /><tag k="highway" v="residential" /></way><way id="705429368"><nd ref="-8854" /><nd ref="-8858" /><nd ref="-8859" /><nd ref="-8860" /><nd ref="-8861" /><nd ref="-8862" /><nd ref="-8863" /><tag k="highway" v="residential" /></way><way id="705429369"><nd ref="-8854" /><nd ref="-8864" /><nd ref="-8865" /><nd ref="-8866" /><nd ref="-8867" /><nd ref="-8868" /><nd ref="-8869" /><nd ref="-8870" /><nd ref="-8871" /><nd ref="-8872" /><nd ref="-8873" /><nd ref="-8874" /><nd ref="-8875" /><nd ref="-8876" /><nd ref="-8877" /><nd ref="-8878" /><tag k="highway" v="residential" /></way><way id="705429370"><nd ref="-8877" /><nd ref="-8879" /><tag k="highway" v="residential" /></way><way id="705429371"><nd ref="-8880" /><nd ref="-8881" /><nd ref="-8882" /><nd ref="-8883" /><tag k="highway" v="residential" /></way><way id="705505157"><nd ref="-191" /><nd ref="-4871" /><tag k="highway" v="service" /><tag k="smoothness" v="intermediate" /><tag k="surface" v="asphalt" /></way><way id="705945539"><nd ref="-3324" /><nd ref="-8884" /><nd ref="-8885" /><nd ref="-8886" /><tag k="highway" v="residential" /></way><way id="705950138"><nd ref="-6911" /><nd ref="-4737" /><nd ref="-4509" /><tag k="highway" v="residential" /><tag k="name" v="نهج الأبنوس" /><tag k="name:ar" v="نهج الأبنوس" /><tag k="name:fr" v="Rue El Abnous" /></way><way id="705950140"><nd ref="-6404" /><nd ref="-8887" /><nd ref="-8888" /><nd ref="-8889" /><nd ref="-8890" /><tag k="highway" v="residential" /></way><way id="705950141"><nd ref="-6405" /><nd ref="-8891" /><nd ref="-8892" /><nd ref="-8893" /><nd ref="-8894" /><nd ref="-8895" /><tag k="highway" v="residential" /></way><way id="705950142"><nd ref="-8891" /><nd ref="-8896" /><nd ref="-8897" /><nd ref="-8898" /><nd ref="-8899" /><tag k="highway" v="residential" /></way><way id="705950143"><nd ref="-3293" /><nd ref="-8900" /><tag k="highway" v="residential" /></way><way id="705950144"><nd ref="-3299" /><nd ref="-8901" /><tag k="highway" v="residential" /></way><way id="705950145"><nd ref="-1958" /><nd ref="-8902" /><nd ref="-8903" /><tag k="highway" v="residential" /></way><way id="705950146"><nd ref="-1681" /><nd ref="-8904" /><tag k="highway" v="residential" /></way><way id="705950147"><nd ref="-1686" /><nd ref="-8905" /><tag k="highway" v="residential" /></way><way id="705950148"><nd ref="-8905" /><nd ref="-8906" /><nd ref="-8907" /><nd ref="-8908" /><nd ref="-8909" /><nd ref="-8910" /><nd ref="-8911" /><nd ref="-8912" /><nd ref="-8913" /><tag k="highway" v="residential" /></way><way id="705950149"><nd ref="-1966" /><nd ref="-8914" /><nd ref="-8915" /><nd ref="-8916" /><nd ref="-8917" /><tag k="highway" v="residential" /></way><way id="705950151"><nd ref="-6550" /><nd ref="-8918" /><nd ref="-8919" /><tag k="highway" v="residential" /></way><way id="705950153"><nd ref="-1957" /><nd ref="-8920" /><nd ref="-8921" /><tag k="highway" v="residential" /></way><way id="705950154"><nd ref="-8920" /><nd ref="-8922" /><nd ref="-8923" /><tag k="highway" v="residential" /></way><way id="706201107"><nd ref="-4645" /><nd ref="-8924" /><nd ref="-8925" /><nd ref="-8926" /><tag k="highway" v="residential" /></way><way id="706201108"><nd ref="-6747" /><nd ref="-8927" /><nd ref="-8928" /><tag k="highway" v="residential" /></way><way id="706201109"><nd ref="-4636" /><nd ref="-8929" /><nd ref="-8930" /><nd ref="-8931" /><tag k="highway" v="residential" /></way><way id="706239087"><nd ref="-6785" /><nd ref="-8932" /><nd ref="-8933" /><nd ref="-8934" /><tag k="highway" v="residential" /></way><way id="706239088"><nd ref="-6867" /><nd ref="-8935" /><nd ref="-8936" /><tag k="highway" v="residential" /></way><way id="706239089"><nd ref="-5221" /><nd ref="-8937" /><nd ref="-8938" /><tag k="highway" v="residential" /></way><way id="706239090"><nd ref="-4648" /><nd ref="-8939" /><nd ref="-8940" /><nd ref="-8941" /><nd ref="-8942" /><tag k="highway" v="residential" /></way><way id="706239091"><nd ref="-8941" /><nd ref="-8943" /><tag k="highway" v="residential" /></way><way id="706239092"><nd ref="-1430" /><nd ref="-8944" /><tag k="highway" v="residential" /></way><way id="706239093"><nd ref="-1416" /><nd ref="-8945" /><nd ref="-8946" /><nd ref="-8947" /><nd ref="-8948" /><nd ref="-8949" /><nd ref="-8950" /><tag k="highway" v="residential" /></way><way id="706239094"><nd ref="-2891" /><nd ref="-8951" /><nd ref="-8952" /><nd ref="-8953" /><nd ref="-8954" /><nd ref="-8955" /><tag k="highway" v="residential" /></way><way id="706239095"><nd ref="-8952" /><nd ref="-8956" /><nd ref="-8957" /><nd ref="-8958" /><nd ref="-8959" /><nd ref="-8960" /><nd ref="-8961" /><tag k="highway" v="residential" /></way><way id="706239096"><nd ref="-6026" /><nd ref="-8962" /><nd ref="-8963" /><tag k="highway" v="residential" /></way><way id="706239097"><nd ref="-8573" /><nd ref="-8964" /><tag k="highway" v="residential" /></way><way id="706239098"><nd ref="-2889" /><nd ref="-8965" /><nd ref="-8966" /><tag k="highway" v="residential" /></way><way id="706239099"><nd ref="-2289" /><nd ref="-8967" /><tag k="highway" v="residential" /></way><way id="706239100"><nd ref="-2288" /><nd ref="-8968" /><tag k="highway" v="residential" /></way><way id="706239101"><nd ref="-2286" /><nd ref="-8969" /><nd ref="-8970" /><nd ref="-8971" /><nd ref="-8972" /><tag k="highway" v="residential" /></way><way id="706239102"><nd ref="-8970" /><nd ref="-8973" /><tag k="highway" v="residential" /></way><way id="706259932"><nd ref="-441" /><nd ref="-8974" /><nd ref="-8975" /><nd ref="-8976" /><nd ref="-8977" /><nd ref="-8978" /><nd ref="-8979" /><nd ref="-8980" /><tag k="highway" v="residential" /></way><way id="706259933"><nd ref="-440" /><nd ref="-8981" /><tag k="highway" v="residential" /></way><way id="706259934"><nd ref="-437" /><nd ref="-8982" /><nd ref="-8983" /><nd ref="-8984" /><nd ref="-8985" /><nd ref="-8986" /><nd ref="-8987" /><nd ref="-8988" /><nd ref="-8989" /><nd ref="-8990" /><nd ref="-8991" /><nd ref="-8992" /><nd ref="-8993" /><tag k="highway" v="residential" /></way><way id="706259935"><nd ref="-436" /><nd ref="-8994" /><nd ref="-8995" /><nd ref="-8996" /><nd ref="-8997" /><nd ref="-8998" /><nd ref="-8999" /><nd ref="-9000" /><nd ref="-9001" /><nd ref="-9002" /><tag k="highway" v="residential" /></way><way id="706259936"><nd ref="-8476" /><nd ref="-9003" /><nd ref="-9004" /><nd ref="-9005" /><nd ref="-9006" /><nd ref="-9007" /><nd ref="-9008" /><nd ref="-9009" /><tag k="highway" v="residential" /></way><way id="706259937"><nd ref="-8479" /><nd ref="-9010" /><nd ref="-9011" /><nd ref="-9012" /><nd ref="-9013" /><tag k="highway" v="residential" /></way><way id="706259938"><nd ref="-9014" /><nd ref="-9015" /><nd ref="-9016" /><nd ref="-9017" /><nd ref="-9018" /><nd ref="-9019" /><nd ref="-9020" /><nd ref="-9021" /><nd ref="-9022" /><tag k="highway" v="residential" /></way><way id="706259939"><nd ref="-8480" /><nd ref="-9022" /><nd ref="-9014" /><nd ref="-9023" /><nd ref="-9024" /><tag k="highway" v="residential" /></way><way id="706259940"><nd ref="-9025" /><nd ref="-9026" /><nd ref="-9027" /><nd ref="-9028" /><nd ref="-9029" /><nd ref="-9030" /><nd ref="-9031" /><nd ref="-9032" /><tag k="highway" v="residential" /></way><way id="706259941"><nd ref="-5835" /><nd ref="-9025" /><nd ref="-9033" /><nd ref="-9034" /><tag k="highway" v="residential" /></way><way id="706259942"><nd ref="-5837" /><nd ref="-9035" /><nd ref="-9036" /><nd ref="-9037" /><nd ref="-9038" /><nd ref="-9039" /><tag k="highway" v="residential" /></way><way id="706259943"><nd ref="-740" /><nd ref="-9040" /><nd ref="-9041" /><nd ref="-9042" /><nd ref="-9043" /><nd ref="-9044" /><nd ref="-9045" /><tag k="highway" v="residential" /></way><way id="706259944"><nd ref="-653" /><nd ref="-9046" /><nd ref="-9047" /><nd ref="-9048" /><nd ref="-9049" /><tag k="highway" v="residential" /></way><way id="706259945"><nd ref="-651" /><nd ref="-9050" /><tag k="highway" v="residential" /></way><way id="706259946"><nd ref="-652" /><nd ref="-9051" /><tag k="highway" v="residential" /></way><way id="706259947"><nd ref="-649" /><nd ref="-9052" /><tag k="highway" v="residential" /></way><way id="706259948"><nd ref="-4704" /><nd ref="-9053" /><nd ref="-9054" /><nd ref="-9055" /><nd ref="-9056" /><nd ref="-9057" /><nd ref="-9058" /><tag k="highway" v="residential" /></way><way id="706259949"><nd ref="-9059" /><nd ref="-9060" /><nd ref="-9061" /><nd ref="-9062" /><nd ref="-9063" /><nd ref="-9064" /><nd ref="-9065" /><nd ref="-9066" /><nd ref="-9067" /><nd ref="-9068" /><nd ref="-9069" /><nd ref="-9070" /><nd ref="-8449" /><tag k="highway" v="residential" /></way><way id="706259950"><nd ref="-8451" /><nd ref="-9071" /><nd ref="-9072" /><nd ref="-9073" /><nd ref="-9074" /><nd ref="-9075" /><nd ref="-9076" /><nd ref="-9077" /><nd ref="-9078" /><nd ref="-9079" /><nd ref="-9080" /><tag k="highway" v="residential" /></way><way id="706259951"><nd ref="-8448" /><nd ref="-4183" /><tag k="highway" v="residential" /></way><way id="706259952"><nd ref="-465" /><nd ref="-9081" /><nd ref="-9082" /><nd ref="-9083" /><nd ref="-9084" /><nd ref="-5561" /><nd ref="-5525" /><nd ref="-5559" /><nd ref="-9085" /><nd ref="-9086" /><nd ref="-9087" /><nd ref="-9088" /><nd ref="-9089" /><nd ref="-9090" /><tag k="highway" v="residential" /><tag k="name" v="نهج محمد الوكيل" /><tag k="name:ar" v="نهج محمد الوكيل" /><tag k="sidewalk" v="no" /><tag k="smoothness" v="intermediate" /><tag k="surface" v="tricouche" /></way><way id="706262724"><nd ref="-3723" /><nd ref="-9091" /><nd ref="-9092" /><nd ref="-9093" /><nd ref="-9094" /><nd ref="-9095" /><nd ref="-9096" /><nd ref="-9097" /><nd ref="-9098" /><nd ref="-9099" /><tag k="highway" v="residential" /></way><way id="706262725"><nd ref="-3751" /><nd ref="-9100" /><tag k="highway" v="residential" /></way><way id="706262726"><nd ref="-5770" /><nd ref="-9101" /><nd ref="-9102" /><nd ref="-9103" /><nd ref="-9104" /><nd ref="-9105" /><tag k="highway" v="residential" /></way><way id="706262727"><nd ref="-3887" /><nd ref="-9106" /><nd ref="-9107" /><nd ref="-9108" /><nd ref="-9109" /><nd ref="-9110" /><nd ref="-9111" /><nd ref="-9112" /><nd ref="-9113" /><nd ref="-9114" /><tag k="highway" v="residential" /></way><way id="706262728"><nd ref="-3885" /><nd ref="-9115" /><nd ref="-9116" /><nd ref="-9117" /><nd ref="-9118" /><nd ref="-9119" /><nd ref="-9120" /><tag k="highway" v="residential" /></way><way id="706262729"><nd ref="-9121" /><nd ref="-9122" /><nd ref="-9123" /><nd ref="-9124" /><nd ref="-9125" /><nd ref="-9126" /><tag k="highway" v="residential" /><tag k="name" v="مدخل الفندري" /><tag k="name:ar" v="مدخل الفندري" /><tag k="sidewalk" v="no" /><tag k="smoothness" v="good" /><tag k="surface" v="paved" /></way><way id="706262730"><nd ref="-9086" /><nd ref="-9127" /><nd ref="-9128" /><nd ref="-9129" /><nd ref="-9130" /><nd ref="-9131" /><nd ref="-9132" /><nd ref="-9133" /><nd ref="-9134" /><nd ref="-9135" /><tag k="highway" v="residential" /></way><way id="706270470"><nd ref="-8469" /><nd ref="-9136" /><tag k="highway" v="residential" /></way><way id="706270471"><nd ref="-8470" /><nd ref="-9137" /><tag k="highway" v="residential" /></way><way id="706270472"><nd ref="-8480" /><nd ref="-9138" /><nd ref="-9139" /><nd ref="-8767" /><nd ref="-9140" /><nd ref="-9141" /><nd ref="-9142" /><nd ref="-9143" /><nd ref="-9144" /><nd ref="-9032" /><nd ref="-9145" /><nd ref="-9146" /><nd ref="-9147" /><nd ref="-5831" /><nd ref="-9148" /><nd ref="-8481" /><tag k="highway" v="residential" /></way><way id="706270473"><nd ref="-5777" /><nd ref="-9149" /><nd ref="-9150" /><nd ref="-9151" /><nd ref="-9152" /><tag k="highway" v="residential" /></way><way id="706270474"><nd ref="-6899" /><nd ref="-8841" /><tag k="highway" v="residential" /></way><way id="706270475"><nd ref="-5527" /><nd ref="-9153" /><tag k="highway" v="residential" /></way><way id="706273321"><nd ref="-8466" /><nd ref="-9154" /><tag k="highway" v="residential" /></way><way id="709636835"><nd ref="-1366" /><nd ref="-1305" /><tag k="highway" v="residential" /><tag k="name" v="نهج الوزير السراج" /><tag k="name:ar" v="نهج الوزير السراج" /><tag k="name:fr" v="Rue El Wazir Assarraj" /></way><way id="709875572"><nd ref="-7319" /><nd ref="-9155" /><nd ref="-9156" /><tag k="highway" v="residential" /></way><way id="721542870"><nd ref="-9157" /><nd ref="-9158" /><nd ref="-9159" /><nd ref="-9160" /><nd ref="-9161" /><nd ref="-7315" /><nd ref="-7617" /><nd ref="-7728" /><nd ref="-9162" /><nd ref="-7733" /><nd ref="-9163" /><nd ref="-9164" /><nd ref="-9165" /><nd ref="-9166" /><nd ref="-9167" /><nd ref="-9168" /><nd ref="-9169" /><nd ref="-2773" /><nd ref="-432" /><nd ref="-571" /><nd ref="-9170" /><nd ref="-5172" /><tag k="highway" v="residential" /><tag k="name" v="نهج المنجي بالي" /><tag k="name:ar" v="نهج المنجي بالي" /><tag k="sidewalk" v="yes" /><tag k="smoothness" v="good" /><tag k="surface" v="asphalt" /></way><way id="721542871"><nd ref="-9171" /><nd ref="-9172" /><nd ref="-8460" /><nd ref="-9173" /><nd ref="-9174" /><nd ref="-9175" /><nd ref="-2785" /><nd ref="-7302" /><nd ref="-9176" /><nd ref="-7478" /><nd ref="-7581" /><nd ref="-7349" /><nd ref="-9177" /><nd ref="-7484" /><nd ref="-3776" /><nd ref="-9178" /><nd ref="-7333" /><nd ref="-7177" /><nd ref="-7410" /><nd ref="-9179" /><nd ref="-9180" /><nd ref="-3421" /><nd ref="-2734" /><tag k="alt_name:ar" v="نهج غرة جوان" /><tag k="highway" v="tertiary" /><tag k="name" v="نهج 1 جوان" /><tag k="name:ar" v="نهج 1 جوان" /><tag k="name:fr" v="Rue du 1er Juin" /><tag k="sidewalk" v="yes" /><tag k="smoothness" v="intermediate" /><tag k="surface" v="tricouche" /></way><way id="723358624"><nd ref="-9181" /><nd ref="-9182" /><nd ref="-9183" /><nd ref="-9184" /><nd ref="-9185" /><nd ref="-9186" /><nd ref="-9187" /><nd ref="-9188" /><nd ref="-9189" /><nd ref="-9190" /><nd ref="-9191" /><nd ref="-9192" /><nd ref="-9193" /><nd ref="-9194" /><nd ref="-9195" /><nd ref="-9196" /><nd ref="-9197" /><nd ref="-9198" /><nd ref="-9199" /><nd ref="-9200" /><nd ref="-9201" /><nd ref="-9202" /><nd ref="-9203" /><nd ref="-9204" /><nd ref="-9205" /><nd ref="-9206" /><nd ref="-9207" /><nd ref="-6889" /><nd ref="-6627" /><nd ref="-9208" /><tag k="highway" v="residential" /><tag k="name" v="نهج الباشا" /><tag k="name:ar" v="نهج الباشا" /><tag k="name:fr" v="Rue El Bacha" /></way><way id="725753864"><nd ref="-2837" /><nd ref="-225" /><tag k="highway" v="secondary" /><tag k="name" v="شارع 5 أوت" /><tag k="name:ar" v="شارع 5 أوت" /><tag k="name:fr" v="Avenue 5 Août" /><tag k="oneway" v="yes" /></way><way id="725753872"><nd ref="-1550" /><nd ref="-4635" /><tag k="highway" v="residential" /><tag k="lanes" v="1" /><tag k="layer" v="1" /><tag k="oneway" v="yes" /></way><way id="726160385"><nd ref="-6176" /><nd ref="-9209" /><nd ref="-9210" /><nd ref="-9211" /><nd ref="-9212" /><tag k="highway" v="service" /></way><way id="733234326"><nd ref="-1618" /><nd ref="-3275" /><nd ref="-1614" /><nd ref="-3310" /><nd ref="-7692" /><tag k="highway" v="residential" /><tag k="lanes" v="2" /></way><way id="733234327"><nd ref="-1618" /><nd ref="-9213" /><nd ref="-9214" /><nd ref="-8214" /><nd ref="-8193" /><nd ref="-8188" /><nd ref="-3323" /><tag k="highway" v="residential" /><tag k="lanes" v="1" /><tag k="name" v="نهج 5059" /><tag k="name:ar" v="نهج 5059" /><tag k="name:fr" v="Rue 5059" /></way><way id="740801221"><nd ref="-9215" /><nd ref="-2677" /><tag k="highway" v="service" /></way><way id="761211423"><nd ref="-4277" /><nd ref="-9216" /><nd ref="-9217" /><nd ref="-9218" /><nd ref="-9219" /><nd ref="-9220" /><nd ref="-9221" /><nd ref="-9222" /><nd ref="-5196" /><tag k="highway" v="residential" /></way><way id="761211424"><nd ref="-6893" /><nd ref="-9223" /><nd ref="-9224" /><nd ref="-9225" /><nd ref="-9226" /><nd ref="-9227" /><nd ref="-9228" /><nd ref="-9229" /><tag k="highway" v="residential" /></way><way id="761211425"><nd ref="-5188" /><nd ref="-9230" /><tag k="highway" v="residential" /></way><way id="761211426"><nd ref="-3405" /><nd ref="-9231" /><tag k="highway" v="residential" /></way><way id="772664354"><nd ref="-4138" /><nd ref="-9232" /><nd ref="-5649" /><tag k="highway" v="residential" /></way><way id="772665956"><nd ref="-9233" /><nd ref="-9234" /><nd ref="-9235" /><nd ref="-9236" /><nd ref="-9237" /><nd ref="-9238" /><nd ref="-9239" /><nd ref="-9240" /><nd ref="-1955" /><nd ref="-9241" /><nd ref="-9242" /><nd ref="-9243" /><nd ref="-9244" /><nd ref="-1959" /><nd ref="-9245" /><nd ref="-9246" /><nd ref="-9247" /><nd ref="-4510" /><nd ref="-7619" /><nd ref="-4738" /><nd ref="-6910" /><nd ref="-6929" /><nd ref="-6917" /><nd ref="-6909" /><nd ref="-6928" /><nd ref="-6920" /><nd ref="-9248" /><nd ref="-9249" /><nd ref="-1741" /><nd ref="-4592" /><nd ref="-9250" /><nd ref="-2846" /><tag k="highway" v="tertiary" /><tag k="name" v="نهج التضامن" /><tag k="name:ar" v="نهج التضامن" /><tag k="name:fr" v="Rue de la Solidarité" /></way><way id="772699052"><nd ref="-5094" /><nd ref="-9251" /><nd ref="-9252" /><nd ref="-5041" /><nd ref="-9253" /><nd ref="-9254" /><nd ref="-9255" /><nd ref="-5056" /><nd ref="-9256" /><nd ref="-2840" /><nd ref="-1788" /><tag k="highway" v="residential" /></way><way id="772700141"><nd ref="-3384" /><nd ref="-9257" /><nd ref="-9258" /><nd ref="-5363" /><nd ref="-9259" /><nd ref="-6015" /><nd ref="-9260" /><nd ref="-9261" /><nd ref="-9262" /><nd ref="-9263" /><nd ref="-4086" /><nd ref="-6001" /><nd ref="-6000" /><nd ref="-9264" /><nd ref="-6102" /><nd ref="-9265" /><nd ref="-9266" /><nd ref="-9267" /><nd ref="-9268" /><nd ref="-9269" /><nd ref="-9270" /><nd ref="-9271" /><nd ref="-9272" /><nd ref="-6133" /><nd ref="-9273" /><nd ref="-9274" /><nd ref="-6042" /><nd ref="-9275" /><nd ref="-9276" /><nd ref="-9277" /><nd ref="-9278" /><nd ref="-9279" /><nd ref="-5343" /><nd ref="-9280" /><nd ref="-9281" /><nd ref="-9282" /><nd ref="-9283" /><nd ref="-9284" /><nd ref="-9285" /><nd ref="-9286" /><tag k="highway" v="residential" /></way><way id="772701157"><nd ref="-2945" /><nd ref="-9287" /><nd ref="-6032" /><nd ref="-9288" /><nd ref="-9289" /><nd ref="-9290" /><nd ref="-9291" /><nd ref="-9292" /><tag k="highway" v="residential" /></way><way id="772710919"><nd ref="-6919" /><nd ref="-9293" /><nd ref="-9249" /><tag k="highway" v="residential" /><tag k="name" v="نهج 746" /><tag k="name:ar" v="نهج 746" /><tag k="name:fr" v="Rue 746" /></way><way id="772712969"><nd ref="-6908" /><nd ref="-9294" /><nd ref="-5098" /><tag k="highway" v="residential" /></way><way id="772719507"><nd ref="-2017" /><nd ref="-9295" /><tag k="highway" v="residential" /><tag k="name" v="نهج 732" /><tag k="name:ar" v="نهج 732" /><tag k="name:fr" v="Rue 732" /></way><way id="772719508"><nd ref="-1967" /><nd ref="-9296" /><nd ref="-9297" /><nd ref="-9298" /><nd ref="-9299" /><tag k="highway" v="residential" /></way><way id="772719509"><nd ref="-1703" /><nd ref="-9300" /><nd ref="-9301" /><nd ref="-9302" /><nd ref="-9303" /><tag k="highway" v="residential" /><tag k="name" v="نهج 702" /><tag k="name:ar" v="نهج 702" /><tag k="name:fr" v="Rue 702" /></way><way id="772719510"><nd ref="-6475" /><nd ref="-9304" /><nd ref="-9305" /><tag k="highway" v="residential" /></way><way id="772719511"><nd ref="-6560" /><nd ref="-9306" /><nd ref="-9307" /><tag k="highway" v="residential" /></way><way id="772720375"><nd ref="-7621" /><nd ref="-9308" /><nd ref="-9309" /><nd ref="-9310" /><nd ref="-9311" /><tag k="highway" v="residential" /></way><way id="772722420"><nd ref="-6310" /><nd ref="-9312" /><nd ref="-1756" /><tag k="highway" v="residential" /></way><way id="772722421"><nd ref="-1764" /><nd ref="-9313" /><nd ref="-9314" /><nd ref="-1757" /><nd ref="-6294" /><nd ref="-9315" /><nd ref="-6292" /><nd ref="-9316" /><nd ref="-9317" /><nd ref="-6290" /><nd ref="-9318" /><nd ref="-9319" /><nd ref="-9320" /><nd ref="-9321" /><nd ref="-1916" /><tag k="highway" v="residential" /></way><way id="772727623"><nd ref="-3358" /><nd ref="-9322" /><nd ref="-9323" /><nd ref="-9324" /><nd ref="-9325" /><nd ref="-9326" /><nd ref="-9327" /><nd ref="-9328" /><nd ref="-9329" /><nd ref="-9330" /><nd ref="-9331" /><nd ref="-9332" /><nd ref="-9333" /><nd ref="-1754" /><tag k="highway" v="residential" /></way><way id="772727624"><nd ref="-3358" /><nd ref="-9334" /><nd ref="-1767" /><tag k="highway" v="residential" /></way><way id="772727625"><nd ref="-1862" /><nd ref="-9335" /><nd ref="-9336" /><nd ref="-9337" /><nd ref="-8236" /><nd ref="-9338" /><nd ref="-9339" /><nd ref="-1565" /><tag k="highway" v="residential" /><tag k="name" v="نهج 5092" /><tag k="name:ar" v="نهج 5092" /><tag k="name:fr" v="Rue 5092" /></way><way id="782683875"><nd ref="-3449" /><nd ref="-9340" /><nd ref="-9341" /><nd ref="-9342" /><nd ref="-9343" /><nd ref="-9344" /><nd ref="-9345" /><nd ref="-9346" /><nd ref="-9347" /><nd ref="-9348" /><nd ref="-9349" /><nd ref="-9350" /><nd ref="-9351" /><nd ref="-9352" /><nd ref="-9353" /><nd ref="-9354" /><nd ref="-9355" /><nd ref="-9356" /><nd ref="-9357" /><nd ref="-9358" /><tag k="highway" v="service" /></way><way id="784572756"><nd ref="-5174" /><nd ref="-9359" /><nd ref="-573" /><nd ref="-430" /><nd ref="-9171" /><nd ref="-9157" /><nd ref="-9360" /><nd ref="-3844" /><nd ref="-9361" /><nd ref="-9362" /><nd ref="-9363" /><nd ref="-9364" /><nd ref="-3864" /><nd ref="-9365" /><nd ref="-621" /><nd ref="-9366" /><nd ref="-9367" /><nd ref="-8851" /><nd ref="-622" /><nd ref="-9368" /><tag k="highway" v="primary" /><tag k="int_ref" v="TAH 1" /><tag k="lanes" v="2" /><tag k="maxspeed" v="50" /><tag k="name" v="الطريق الوطنية تونس - رأس جدير" /><tag k="name:ar" v="الطريق الوطنية تونس - رأس جدير" /><tag k="name:fr" v="Route Nationale Tunis - Ras Jedir" /><tag k="ref" v="RN1" /></way><way id="792441800"><nd ref="-34" /><nd ref="-9369" /><nd ref="-9370" /><nd ref="-9371" /><nd ref="-9372" /><nd ref="-9373" /><tag k="highway" v="service" /></way><way id="792442033"><nd ref="-9374" /><nd ref="-9375" /><nd ref="-9376" /><nd ref="-9377" /><nd ref="-33" /><tag k="highway" v="service" /></way><way id="792443611"><nd ref="-82" /><nd ref="-9378" /><nd ref="-9379" /><nd ref="-9380" /><nd ref="-9381" /><nd ref="-9382" /><nd ref="-9383" /><nd ref="-9384" /><nd ref="-9385" /><nd ref="-9386" /><tag k="highway" v="service" /><tag k="oneway" v="yes" /></way><way id="822273844"><nd ref="-2802" /><nd ref="-9387" /><nd ref="-9388" /><nd ref="-9389" /><nd ref="-2803" /><nd ref="-5239" /><nd ref="-9390" /><nd ref="-7586" /><nd ref="-7589" /><nd ref="-7787" /><nd ref="-2796" /><nd ref="-9391" /><nd ref="-9392" /><nd ref="-9393" /><nd ref="-3227" /><tag k="highway" v="residential" /><tag k="name" v="نهج علي البلهوان" /><tag k="name:ar" v="نهج علي البلهوان" /><tag k="name:fr" v="Rue Ali Belhouane" /></way><way id="822273845"><nd ref="-2802" /><nd ref="-9394" /><nd ref="-5971" /><nd ref="-7606" /><nd ref="-9395" /><nd ref="-9396" /><nd ref="-9397" /><nd ref="-7446" /><nd ref="-7369" /><nd ref="-9398" /><nd ref="-3738" /><nd ref="-7456" /><nd ref="-4051" /><tag k="highway" v="residential" /></way><way id="822601323"><nd ref="-8125" /><nd ref="-9399" /><nd ref="-9400" /><nd ref="-9401" /><nd ref="-9402" /><nd ref="-9403" /><nd ref="-9404" /><nd ref="-9405" /><nd ref="-9406" /><nd ref="-9407" /><nd ref="-9408" /><nd ref="-9409" /><nd ref="-9410" /><nd ref="-9411" /><nd ref="-9412" /><nd ref="-9413" /><nd ref="-9414" /><nd ref="-9415" /><nd ref="-8100" /><nd ref="-9416" /><nd ref="-9417" /><nd ref="-9418" /><tag k="highway" v="residential" /></way><way id="823729668"><nd ref="-5172" /><nd ref="-9419" /><nd ref="-7505" /><nd ref="-7583" /><nd ref="-9420" /><nd ref="-9421" /><nd ref="-7512" /><nd ref="-4672" /><nd ref="-9422" /><nd ref="-5876" /><nd ref="-2731" /><nd ref="-9423" /><nd ref="-9424" /><nd ref="-9425" /><nd ref="-9426" /><nd ref="-9427" /><nd ref="-9428" /><nd ref="-9429" /><tag k="highway" v="residential" /><tag k="name" v="شارع الطيب المهيري" /><tag k="name:ar" v="شارع الطيب المهيري" /><tag k="name:fr" v="Avenue Taïeb Mhiri" /><tag k="sidewalk" v="yes" /><tag k="smoothness" v="intermediate" /><tag k="surface" v="asphalt" /></way><way id="834219010"><nd ref="-5565" /><nd ref="-9430" /><nd ref="-9431" /><nd ref="-9432" /><nd ref="-9433" /><nd ref="-9434" /><nd ref="-9435" /><nd ref="-9436" /><nd ref="-9437" /><tag k="highway" v="residential" /></way><way id="837107301"><nd ref="-595" /><nd ref="-9438" /><nd ref="-9439" /><nd ref="-6675" /><nd ref="-5610" /><nd ref="-6677" /><nd ref="-5618" /><nd ref="-5611" /><nd ref="-7707" /><nd ref="-5206" /><nd ref="-6685" /><nd ref="-6680" /><nd ref="-9440" /><nd ref="-2709" /><nd ref="-5579" /><tag k="hazard" v="school_zone" /><tag k="highway" v="primary" /><tag k="int_ref" v="TAH 1" /><tag k="lanes" v="2" /><tag k="maxspeed" v="50" /><tag k="name" v="شارع الحبيب بورقيبة" /><tag k="name:ar" v="شارع الحبيب بورقيبة" /><tag k="name:fr" v="Avenue Habib Bourguiba" /><tag k="ref" v="RN1" /></way><way id="840432682"><nd ref="-6283" /><nd ref="-9441" /><nd ref="-9442" /><nd ref="-9443" /><nd ref="-1173" /><nd ref="-9444" /><nd ref="-9445" /><nd ref="-9446" /><nd ref="-1122" /><nd ref="-8198" /><nd ref="-1131" /><nd ref="-1205" /><nd ref="-1157" /><nd ref="-1209" /><nd ref="-9447" /><nd ref="-1221" /><nd ref="-1211" /><nd ref="-9448" /><nd ref="-1111" /><nd ref="-9449" /><nd ref="-1641" /><nd ref="-7695" /><nd ref="-3317" /><nd ref="-9450" /><nd ref="-8192" /><nd ref="-3331" /><nd ref="-9451" /><nd ref="-9452" /><nd ref="-9453" /><nd ref="-9454" /><nd ref="-1723" /><nd ref="-9455" /><nd ref="-9456" /><nd ref="-9457" /><nd ref="-9458" /><nd ref="-9459" /><nd ref="-9460" /><nd ref="-9461" /><nd ref="-9462" /><nd ref="-9463" /><nd ref="-9464" /><nd ref="-9465" /><nd ref="-9466" /><nd ref="-9467" /><nd ref="-9468" /><nd ref="-9469" /><nd ref="-9470" /><nd ref="-9471" /><nd ref="-9472" /><nd ref="-9233" /><nd ref="-9473" /><nd ref="-9474" /><tag k="highway" v="primary" /><tag k="lanes" v="2" /><tag k="maxspeed" v="50" /><tag k="name" v="شارع الحبيب بوقطفة" /><tag k="name:ar" v="شارع الحبيب بوقطفة" /><tag k="name:fr" v="Avenue Habib Bougatfa" /><tag k="ref" v="RR82" /><tag k="surface" v="asphalt" /></way><way id="840437796"><nd ref="-3881" /><nd ref="-9475" /><nd ref="-9476" /><tag k="highway" v="primary" /><tag k="int_ref" v="TAH 1" /><tag k="lanes" v="2" /><tag k="maxspeed" v="50" /><tag k="name" v="الطريق الوطنية تونس - رأس جدير" /><tag k="name:ar" v="الطريق الوطنية تونس - رأس جدير" /><tag k="name:fr" v="Route Nationale Tunis - Ras Jedir" /><tag k="ref" v="RN1" /></way><way id="840437797"><nd ref="-9368" /><nd ref="-9477" /><nd ref="-9478" /><nd ref="-3881" /><tag k="highway" v="primary" /><tag k="int_ref" v="TAH 1" /><tag k="lanes" v="2" /><tag k="maxspeed" v="50" /><tag k="name" v="الطريق الوطنية تونس - رأس جدير" /><tag k="name:ar" v="الطريق الوطنية تونس - رأس جدير" /><tag k="name:fr" v="Route Nationale Tunis - Ras Jedir" /><tag k="ref" v="RN1" /></way><way id="840437798"><nd ref="-9476" /><nd ref="-8605" /><nd ref="-9479" /><nd ref="-745" /><nd ref="-9480" /><nd ref="-9090" /><tag k="highway" v="primary" /><tag k="int_ref" v="TAH 1" /><tag k="lanes" v="2" /><tag k="maxspeed" v="50" /><tag k="name" v="الطريق الوطنية تونس - رأس جدير" /><tag k="name:ar" v="الطريق الوطنية تونس - رأس جدير" /><tag k="name:fr" v="Route Nationale Tunis - Ras Jedir" /><tag k="ref" v="RN1" /><tag k="surface" v="asphalt" /></way><way id="840437800"><nd ref="-5575" /><nd ref="-9481" /><nd ref="-9482" /><nd ref="-8112" /><tag k="highway" v="primary" /><tag k="int_ref" v="TAH 1" /><tag k="lanes" v="2" /><tag k="maxspeed" v="50" /><tag k="name" v="الطريق الوطنية تونس - رأس جدير" /><tag k="name:ar" v="الطريق الوطنية تونس - رأس جدير" /><tag k="name:fr" v="Route Nationale Tunis - Ras Jedir" /><tag k="ref" v="RN1" /></way><way id="840437801"><nd ref="-8112" /><nd ref="-9483" /><nd ref="-9484" /><nd ref="-9485" /><nd ref="-3067" /><tag k="highway" v="primary" /><tag k="int_ref" v="TAH 1" /><tag k="lanes" v="2" /><tag k="maxspeed" v="50" /><tag k="name" v="الطريق الوطنية تونس - رأس جدير" /><tag k="name:ar" v="الطريق الوطنية تونس - رأس جدير" /><tag k="name:fr" v="Route Nationale Tunis - Ras Jedir" /><tag k="ref" v="RN1" /></way><way id="840516306"><nd ref="-9486" /><nd ref="-1531" /><nd ref="-9487" /><nd ref="-9488" /><nd ref="-9489" /><nd ref="-4087" /><nd ref="-7157" /><nd ref="-6277" /><nd ref="-9490" /><nd ref="-9491" /><nd ref="-5790" /><nd ref="-2917" /><nd ref="-5653" /><nd ref="-5642" /><nd ref="-9492" /><nd ref="-5804" /><nd ref="-2864" /><nd ref="-5641" /><nd ref="-9493" /><nd ref="-8880" /><nd ref="-2279" /><nd ref="-8853" /><nd ref="-8337" /><nd ref="-1388" /><nd ref="-5603" /><nd ref="-595" /><tag k="highway" v="primary" /><tag k="int_ref" v="TAH 1" /><tag k="lanes" v="2" /><tag k="maxspeed" v="50" /><tag k="name" v="الطريق الوطنية تونس - رأس جدير" /><tag k="name:ar" v="الطريق الوطنية تونس - رأس جدير" /><tag k="name:fr" v="Route Nationale Tunis - Ras Jedir" /><tag k="ref" v="RN1" /></way><way id="840516308"><nd ref="-3177" /><nd ref="-9494" /><nd ref="-9495" /><nd ref="-9496" /><nd ref="-9497" /><tag k="highway" v="primary" /><tag k="int_ref" v="TAH 1" /><tag k="lanes" v="2" /><tag k="maxspeed" v="50" /><tag k="name" v="الطريق الوطنية تونس - رأس جدير" /><tag k="name:ar" v="الطريق الوطنية تونس - رأس جدير" /><tag k="name:fr" v="Route Nationale Tunis - Ras Jedir" /><tag k="ref" v="RN1" /></way><way id="840819486"><nd ref="-9090" /><nd ref="-9498" /><nd ref="-9121" /><nd ref="-9499" /><nd ref="-9500" /><nd ref="-9501" /><nd ref="-9502" /><nd ref="-433" /><nd ref="-9503" /><nd ref="-9504" /><nd ref="-8129" /><nd ref="-5575" /><tag k="highway" v="primary" /><tag k="int_ref" v="TAH 1" /><tag k="lanes" v="2" /><tag k="maxspeed" v="50" /><tag k="name" v="الطريق الوطنية تونس - رأس جدير" /><tag k="name:ar" v="الطريق الوطنية تونس - رأس جدير" /><tag k="name:fr" v="Route Nationale Tunis - Ras Jedir" /><tag k="ref" v="RN1" /><tag k="surface" v="asphalt" /></way><way id="840858018"><nd ref="-5579" /><nd ref="-9505" /><nd ref="-9506" /><tag k="hazard" v="school_zone" /><tag k="highway" v="primary" /><tag k="int_ref" v="TAH 1" /><tag k="lanes" v="2" /><tag k="maxspeed" v="50" /><tag k="name" v="شارع الحبيب بورقيبة" /><tag k="name:ar" v="شارع الحبيب بورقيبة" /><tag k="name:fr" v="Avenue Habib Bourguiba" /><tag k="ref" v="RN1" /></way><way id="840858019"><nd ref="-9506" /><nd ref="-9507" /><nd ref="-389" /><nd ref="-9508" /><nd ref="-4671" /><nd ref="-9509" /><nd ref="-9510" /><nd ref="-9511" /><nd ref="-5174" /><tag k="hazard" v="school_zone" /><tag k="highway" v="primary" /><tag k="int_ref" v="TAH 1" /><tag k="lanes" v="2" /><tag k="maxspeed" v="50" /><tag k="name" v="شارع الحبيب بورقيبة" /><tag k="name:ar" v="شارع الحبيب بورقيبة" /><tag k="name:fr" v="Avenue Habib Bourguiba" /><tag k="ref" v="RN1" /></way><way id="840858020"><nd ref="-3365" /><nd ref="-9512" /><nd ref="-9513" /><nd ref="-9514" /><nd ref="-9515" /><nd ref="-3369" /><nd ref="-9516" /><nd ref="-9517" /><nd ref="-9518" /><nd ref="-9519" /><nd ref="-9520" /><nd ref="-9521" /><nd ref="-2841" /><tag k="highway" v="tertiary" /><tag k="name" v="نهج التضامن" /><tag k="name:ar" v="نهج التضامن" /><tag k="name:fr" v="Rue de la Solidarité" /></way><way id="885033238"><nd ref="-4361" /><nd ref="-9522" /><nd ref="-9523" /><nd ref="-9524" /><nd ref="-9525" /><nd ref="-9526" /><nd ref="-9527" /><nd ref="-9528" /><nd ref="-9529" /><nd ref="-9530" /><nd ref="-9531" /><nd ref="-9532" /><nd ref="-2670" /><tag k="highway" v="unclassified" /></way><way id="892803909"><nd ref="-9533" /><nd ref="-9083" /><tag k="highway" v="service" /><tag k="service" v="alley" /><tag k="source" v="maxar" /></way><way id="892803910"><nd ref="-9082" /><nd ref="-9534" /><tag k="highway" v="service" /><tag k="service" v="alley" /><tag k="source" v="maxar" /></way><way id="892803914"><nd ref="-9491" /><nd ref="-9535" /><nd ref="-9536" /><tag k="highway" v="residential" /><tag k="source" v="maxar" /></way><way id="894189400"><nd ref="-633" /><nd ref="-9537" /><nd ref="-9538" /><nd ref="-9539" /><tag k="highway" v="residential" /></way><way id="981284647"><nd ref="-477" /><nd ref="-9540" /><nd ref="-9541" /><nd ref="-6653" /><tag k="highway" v="unclassified" /><tag k="oneway" v="yes" /></way><way id="1030527492"><nd ref="-2235" /><nd ref="-9542" /><tag k="highway" v="residential" /></way><way id="1030527493"><nd ref="-7545" /><nd ref="-9543" /><nd ref="-9544" /><nd ref="-7557" /><tag k="highway" v="residential" /></way><way id="1030527494"><nd ref="-2054" /><nd ref="-2077" /><tag k="highway" v="residential" /></way><way id="1030527495"><nd ref="-7551" /><nd ref="-9545" /><tag k="highway" v="residential" /></way><way id="1049388457"><nd ref="-2313" /><nd ref="-9546" /><nd ref="-9547" /><tag k="highway" v="residential" /></way><way id="1049388460"><nd ref="-9548" /><nd ref="-3398" /><tag k="highway" v="residential" /></way><way id="1049388461"><nd ref="-6659" /><nd ref="-9549" /><nd ref="-9550" /><nd ref="-9551" /><nd ref="-9552" /><nd ref="-9553" /><nd ref="-9554" /><nd ref="-5177" /><tag k="highway" v="residential" /></way><way id="1049388753"><nd ref="-5185" /><nd ref="-9555" /><nd ref="-9556" /><nd ref="-9557" /><nd ref="-9558" /><nd ref="-9559" /><nd ref="-9560" /><nd ref="-9561" /><tag k="highway" v="residential" /></way><way id="1057688605"><nd ref="-225" /><nd ref="-4765" /><tag k="highway" v="secondary" /><tag k="name" v="شارع 5 أوت" /><tag k="name:ar" v="شارع 5 أوت" /><tag k="name:fr" v="Avenue 5 Août" /><tag k="oneway" v="yes" /></way><way id="1057688606"><nd ref="-9562" /><nd ref="-225" /><tag k="highway" v="primary" /><tag k="name" v="شارع الشهداء" /><tag k="name:ar" v="شارع الشهداء" /><tag k="name:fr" v="Avenue des Martyrs" /><tag k="oneway" v="yes" /><tag k="ref" v="RR82" /><tag k="sidewalk" v="both" /><tag k="smoothness" v="intermediate" /><tag k="surface" v="asphalt" /></way><way id="1057688607"><nd ref="-64" /><nd ref="-298" /><nd ref="-9563" /><nd ref="-9564" /><nd ref="-9565" /><nd ref="-9562" /><tag k="highway" v="primary" /><tag k="name" v="شارع الشهداء" /><tag k="name:ar" v="شارع الشهداء" /><tag k="name:fr" v="Avenue des Martyrs" /><tag k="oneway" v="yes" /><tag k="ref" v="RR82" /><tag k="sidewalk" v="both" /><tag k="smoothness" v="intermediate" /><tag k="surface" v="asphalt" /></way><way id="1057688608"><nd ref="-9562" /><nd ref="-2837" /><tag k="highway" v="secondary" /><tag k="name" v="شارع 5 أوت" /><tag k="name:ar" v="شارع 5 أوت" /><tag k="name:fr" v="Avenue 5 Août" /><tag k="oneway" v="yes" /></way><way id="1057688609"><nd ref="-4766" /><nd ref="-9562" /><tag k="highway" v="secondary" /><tag k="name" v="شارع 5 أوت" /><tag k="name:ar" v="شارع 5 أوت" /><tag k="name:fr" v="Avenue 5 Août" /><tag k="oneway" v="yes" /></way><way id="1057688610"><nd ref="-4748" /><nd ref="-9566" /><nd ref="-4766" /><tag k="highway" v="secondary" /><tag k="name" v="شارع 5 أوت" /><tag k="name:ar" v="شارع 5 أوت" /><tag k="name:fr" v="Avenue 5 Août" /><tag k="oneway" v="yes" /></way><way id="1069371131"><nd ref="-3008" /><nd ref="-3094" /><tag k="highway" v="residential" /><tag k="oneway" v="yes" /></way><way id="1069371132"><nd ref="-3093" /><nd ref="-9567" /><nd ref="-9568" /><nd ref="-9569" /><nd ref="-9570" /><nd ref="-3007" /><tag k="highway" v="residential" /><tag k="oneway" v="yes" /></way><way id="1069371133"><nd ref="-3036" /><nd ref="-9571" /><nd ref="-9572" /><nd ref="-9573" /><tag k="highway" v="service" /></way><way id="1072261773"><nd ref="-7232" /><nd ref="-9574" /><nd ref="-9575" /><nd ref="-9576" /><tag k="highway" v="service" /></way><way id="1072261774"><nd ref="-3612" /><nd ref="-9577" /><nd ref="-9578" /><tag k="highway" v="service" /></way><way id="1072261775"><nd ref="-3907" /><nd ref="-9579" /><tag k="highway" v="service" /></way><way id="1096904177"><nd ref="-9580" /><nd ref="-9581" /><nd ref="-9582" /><nd ref="-9583" /><nd ref="-9584" /><nd ref="-9585" /><nd ref="-9586" /><nd ref="-4453" /><tag k="highway" v="primary" /><tag k="maxspeed" v="50" /><tag k="name" v="شارع مجيدة بوليلة" /><tag k="name:ar" v="شارع مجيدة بوليلة" /><tag k="name:fr" v="Boulevard Majida Boulila" /><tag k="oneway" v="yes" /><tag k="sidewalk" v="both" /><tag k="smoothness" v="bad" /><tag k="start_date" v="2010" /><tag k="surface" v="asphalt" /></way><way id="1096905617"><nd ref="-54" /><nd ref="-9587" /><nd ref="-9588" /><nd ref="-9589" /><nd ref="-9590" /><nd ref="-4735" /><nd ref="-9591" /><nd ref="-4456" /><tag k="highway" v="primary" /><tag k="int_ref" v="TAH 1" /><tag k="maxspeed" v="50" /><tag k="name" v="شارع بنزرت" /><tag k="name:ar" v="شارع بنزرت" /><tag k="name:fr" v="Boulevard de Bizerte" /><tag k="oneway" v="yes" /><tag k="ref" v="RN1" /><tag k="sidewalk" v="both" /><tag k="smoothness" v="intermediate" /><tag k="surface" v="Enrobé" /></way><way id="1098260159"><nd ref="-192" /><nd ref="-9592" /><nd ref="-9593" /><nd ref="-9594" /><nd ref="-9595" /><nd ref="-9386" /><nd ref="-9596" /><nd ref="-20" /><tag k="highway" v="primary" /><tag k="maxspeed" v="50" /><tag k="name" v="شارع الشهداء" /><tag k="name:ar" v="شارع الشهداء" /><tag k="name:fr" v="Avenue des Martyrs" /><tag k="oneway" v="yes" /><tag k="ref" v="RN1" /><tag k="sidewalk" v="both" /><tag k="smoothness" v="intermediate" /><tag k="surface" v="asphalt" /></way><way id="1098452066"><nd ref="-236" /><nd ref="-281" /><nd ref="-9597" /><nd ref="-9598" /><nd ref="-9599" /><nd ref="-5" /><tag k="highway" v="primary" /><tag k="maxspeed" v="50" /><tag k="name" v="شارع الشهداء" /><tag k="name:ar" v="شارع الشهداء" /><tag k="name:fr" v="Avenue des Martyrs" /><tag k="oneway" v="yes" /><tag k="ref" v="RR82" /><tag k="sidewalk" v="both" /><tag k="smoothness" v="intermediate" /><tag k="surface" v="asphalt" /></way><way id="1098452569"><nd ref="-307" /><nd ref="-9600" /><nd ref="-9601" /><nd ref="-9602" /><nd ref="-9603" /><nd ref="-4445" /><tag k="highway" v="secondary" /><tag k="maxspeed" v="50" /><tag k="name" v="شارع عبد الرحمان الغافقي" /><tag k="name:ar" v="شارع عبد الرحمان الغافقي" /><tag k="name:fr" v="Avenue Abderrahmen El Ghafki" /><tag k="oneway" v="yes" /><tag k="sidewalk" v="both" /><tag k="smoothness" v="intermediate" /><tag k="surface" v="asphalt" /></way><way id="1107020606"><nd ref="-9604" /><nd ref="-2048" /><tag k="highway" v="service" /></way><way id="1107020607"><nd ref="-9605" /><nd ref="-3307" /><tag k="highway" v="residential" /></way><way id="1107020608"><nd ref="-3308" /><nd ref="-9606" /><tag k="highway" v="residential" /></way><way id="1107020609"><nd ref="-9607" /><nd ref="-3141" /><tag k="highway" v="residential" /></way><way id="1107020610"><nd ref="-9608" /><nd ref="-2147" /><tag k="highway" v="residential" /></way><way id="1107020611"><nd ref="-9609" /><nd ref="-1773" /><tag k="highway" v="residential" /></way><way id="1111111552"><nd ref="-9610" /><nd ref="-9611" /><nd ref="-9612" /><nd ref="-9613" /><nd ref="-9614" /><nd ref="-9615" /><nd ref="-9616" /><nd ref="-4465" /><tag k="highway" v="service" /><tag k="surface" v="unpaved" /></way><way id="1124024624"><nd ref="-9617" /><nd ref="-9618" /><nd ref="-9619" /><nd ref="-9620" /><nd ref="-9621" /><nd ref="-3027" /><tag k="highway" v="unclassified" /></way><way id="1124024625"><nd ref="-9622" /><nd ref="-9623" /><nd ref="-3022" /><tag k="highway" v="unclassified" /></way><way id="1155973168"><nd ref="-4780" /><nd ref="-9624" /><nd ref="-9625" /><nd ref="-9626" /><nd ref="-9627" /><nd ref="-9628" /><nd ref="-9629" /><nd ref="-4779" /><tag k="highway" v="service" /></way><way id="1155973169"><nd ref="-4781" /><nd ref="-9630" /><nd ref="-9631" /><nd ref="-9632" /><nd ref="-9633" /><nd ref="-9634" /><nd ref="-9635" /><nd ref="-4783" /><tag k="highway" v="service" /></way><way id="1155973170"><nd ref="-4784" /><nd ref="-9636" /><nd ref="-9637" /><nd ref="-9638" /><nd ref="-9639" /><nd ref="-9640" /><nd ref="-9641" /><nd ref="-4785" /><tag k="highway" v="service" /></way><way id="1155973171"><nd ref="-9642" /><nd ref="-4478" /><tag k="highway" v="service" /></way><way id="1155973175"><nd ref="-9643" /><nd ref="-4476" /><tag k="highway" v="service" /></way><way id="1155973176"><nd ref="-4476" /><nd ref="-9644" /><nd ref="-9645" /><nd ref="-9646" /><nd ref="-9647" /><nd ref="-9648" /><nd ref="-9649" /><nd ref="-4477" /><tag k="highway" v="service" /></way><way id="1177855899"><nd ref="-9497" /><nd ref="-9486" /><tag k="highway" v="primary" /><tag k="int_ref" v="TAH 1" /><tag k="lanes" v="2" /><tag k="maxspeed" v="50" /><tag k="name" v="الطريق الوطنية تونس - رأس جدير" /><tag k="name:ar" v="الطريق الوطنية تونس - رأس جدير" /><tag k="name:fr" v="Route Nationale Tunis - Ras Jedir" /><tag k="ref" v="RN1" /></way><way id="1185646606"><nd ref="-9650" /><nd ref="-9651" /><nd ref="-9652" /><nd ref="-9653" /><nd ref="-9654" /><nd ref="-9655" /><tag k="highway" v="service" /></way><way id="1185646607"><nd ref="-9603" /><nd ref="-9656" /><nd ref="-9657" /><nd ref="-9658" /><nd ref="-9659" /><nd ref="-9660" /><nd ref="-9661" /><nd ref="-9650" /><nd ref="-9662" /><nd ref="-9663" /><nd ref="-342" /><tag k="highway" v="service" /></way><way id="1185646608"><nd ref="-9664" /><nd ref="-9665" /><nd ref="-2830" /><tag k="highway" v="service" /></way><way id="1185646609"><nd ref="-9666" /><nd ref="-9664" /><tag k="covered" v="yes" /><tag k="highway" v="service" /></way><way id="1185646610"><nd ref="-3112" /><nd ref="-9667" /><nd ref="-9666" /><tag k="highway" v="service" /></way><way id="1185646611"><nd ref="-9668" /><nd ref="-9669" /><nd ref="-9670" /><nd ref="-3109" /><tag k="highway" v="service" /></way><way id="1185646612"><nd ref="-9671" /><nd ref="-9668" /><tag k="covered" v="yes" /><tag k="highway" v="service" /></way><way id="1185646613"><nd ref="-121" /><nd ref="-9672" /><nd ref="-9673" /><nd ref="-9671" /><tag k="highway" v="service" /></way><way id="1190751094"><nd ref="-3121" /><nd ref="-9674" /><nd ref="-9675" /><nd ref="-9676" /><nd ref="-1544" /><tag k="highway" v="service" /></way><way id="1190751095"><nd ref="-7700" /><nd ref="-9677" /><tag k="highway" v="residential" /></way><way id="1190751096"><nd ref="-794" /><nd ref="-9678" /><tag k="highway" v="residential" /></way><way id="1190751097"><nd ref="-9679" /><nd ref="-1537" /><tag k="highway" v="residential" /></way><way id="1190751098"><nd ref="-1542" /><nd ref="-9680" /><tag k="highway" v="service" /></way><way id="1190751099"><nd ref="-3125" /><nd ref="-9681" /><nd ref="-9682" /><nd ref="-9683" /><nd ref="-9684" /><tag k="highway" v="service" /></way><way id="1190751100"><nd ref="-4877" /><nd ref="-9685" /><nd ref="-9686" /><nd ref="-9687" /><nd ref="-9688" /><tag k="highway" v="residential" /></way><way id="1190751101"><nd ref="-3126" /><nd ref="-9689" /><nd ref="-9690" /><nd ref="-9691" /><nd ref="-9692" /><tag k="highway" v="residential" /></way><way id="1194400272"><nd ref="-5326" /><nd ref="-9693" /><nd ref="-9694" /><nd ref="-5308" /><nd ref="-9695" /><nd ref="-6884" /><nd ref="-9696" /><nd ref="-9697" /><nd ref="-9698" /><nd ref="-5062" /><tag k="highway" v="residential" /><tag k="name" v="نهج بوتمري 1" /><tag k="name:ar" v="نهج بوتمري 1" /><tag k="name:fr" v="Rue Boutemri 1" /><tag k="surface" v="asphalt" /></way><way id="1253909916"><nd ref="-5724" /><nd ref="-9699" /><nd ref="-9700" /><nd ref="-9701" /><nd ref="-9702" /><tag k="highway" v="residential" /></way><way id="1253909917"><nd ref="-3021" /><nd ref="-9703" /><nd ref="-9704" /><nd ref="-9705" /><nd ref="-9706" /><nd ref="-9707" /><tag k="highway" v="service" /></way><way id="1253909918"><nd ref="-924" /><nd ref="-9708" /><nd ref="-9709" /><nd ref="-9710" /><nd ref="-9711" /><tag k="highway" v="service" /></way><way id="1253909919"><nd ref="-5743" /><nd ref="-5746" /><tag k="highway" v="residential" /></way><way id="1300667118"><nd ref="-9085" /><nd ref="-9712" /><tag k="highway" v="residential" /></way><way id="1316235567"><nd ref="-3710" /><nd ref="-9713" /><nd ref="-9714" /><nd ref="-9715" /><tag k="highway" v="service" /></way><way id="1317416331"><nd ref="-9716" /><nd ref="-9717" /><nd ref="-9718" /><nd ref="-9719" /><nd ref="-3470" /><tag k="highway" v="unclassified" /></way><way id="1317416332"><nd ref="-3464" /><nd ref="-9720" /><nd ref="-9721" /><nd ref="-9722" /><nd ref="-9723" /><nd ref="-9724" /><nd ref="-9725" /><nd ref="-9726" /><nd ref="-3476" /><tag k="highway" v="service" /></way><way id="1319775720"><nd ref="-287" /><nd ref="-9727" /><tag k="highway" v="residential" /></way><way id="1319775721"><nd ref="-4212" /><nd ref="-283" /><tag k="highway" v="residential" /></way><way id="1319775722"><nd ref="-4214" /><nd ref="-282" /><tag k="highway" v="residential" /></way><way id="1319775723"><nd ref="-4210" /><nd ref="-286" /><tag k="highway" v="residential" /></way><way id="1330742001"><nd ref="-3748" /><nd ref="-9728" /><nd ref="-9729" /><nd ref="-9730" /><tag k="highway" v="service" /></way><way id="1330742002"><nd ref="-3750" /><nd ref="-9731" /><nd ref="-9732" /><nd ref="-9733" /><nd ref="-9734" /><nd ref="-9735" /><tag k="highway" v="service" /></way><way id="1351756046"><nd ref="-4080" /><nd ref="-9736" /><nd ref="-9737" /><nd ref="-9738" /><nd ref="-9739" /><nd ref="-9740" /><tag k="highway" v="residential" /></way><way id="1428441557"><nd ref="-1836" /><nd ref="-9741" /><nd ref="-9742" /><tag k="highway" v="residential" /></way><way id="1428441558"><nd ref="-1848" /><nd ref="-9743" /><nd ref="-9744" /><nd ref="-9745" /><nd ref="-9746" /><nd ref="-9747" /><nd ref="-9748" /><nd ref="-9749" /><nd ref="-9750" /><tag k="highway" v="residential" /></way><way id="1428441559"><nd ref="-1915" /><nd ref="-9751" /><tag k="highway" v="residential" /></way><way id="1428441560"><nd ref="-9752" /><nd ref="-9753" /><nd ref="-9754" /><nd ref="-1927" /><tag k="highway" v="residential" /></way><way id="1428441561"><nd ref="-1921" /><nd ref="-9755" /><tag k="highway" v="residential" /></way><way id="1428441562"><nd ref="-1935" /><nd ref="-9756" /><tag k="highway" v="residential" /></way><way id="1428441563"><nd ref="-1934" /><nd ref="-9757" /><tag k="highway" v="residential" /></way><way id="1428441564"><nd ref="-9758" /><nd ref="-1937" /><tag k="highway" v="residential" /></way><way id="1428441565"><nd ref="-9759" /><nd ref="-1682" /><tag k="highway" v="residential" /></way><way id="1428446960"><nd ref="-8908" /><nd ref="-9760" /><nd ref="-9761" /><nd ref="-9762" /><nd ref="-8912" /><tag k="highway" v="residential" /></way><way id="1428447277"><nd ref="-1965" /><nd ref="-9763" /><tag k="highway" v="residential" /></way><way id="1447722205"><nd ref="-4678" /><nd ref="-9764" /><tag k="highway" v="service" /></way><way id="1447722206"><nd ref="-9764" /><nd ref="-9765" /><nd ref="-9766" /><nd ref="-9767" /><nd ref="-9768" /><nd ref="-9769" /><nd ref="-9770" /><nd ref="-9771" /><nd ref="-9772" /><nd ref="-9773" /><nd ref="-9774" /><nd ref="-9764" /><tag k="highway" v="service" /></way></osm>